10.0, 10.351421666793437, 10.71519305237606, 11.091748152624003, 11.481536214968818, 11.88502227437017, 12.302687708123798, 12.735030810166597, 13.182567385564047, 13.645831365889217, 14.125375446227512, 14.621771744567146, 15.13561248436204, 15.667510701081445, 16.218100973589248, 16.788040181225547, 17.378008287493692, 17.98870915128781, 18.6208713666286, 19.275249131909277, 19.952623149688705, 20.653801558105197, 21.379620895022214, 22.130947096056264, 22.908676527677606, 23.71373705661642, 24.54708915685016, 25.409727055492898, 26.302679918953654, 27.227013080778946, 28.18382931264435, 29.174270140011465, 30.199517204019944, 31.260793671239316, 32.35936569296258, 33.4965439157825, 34.67368504525288, 35.892193464500224, 37.15352290971693, 38.45917820453502, 39.810717055349365, 41.20975190973264, 42.65795188015886, 44.15704473533082, 45.70881896148705, 47.31512589614757, 48.97788193684411, 50.6990708274699, 52.480746024976696, 54.32503314924272, 56.23413251903491
0.038192095443218076, 0.034978002386882624, 0.03390173975223797, 0.03150255053038492, 0.028626438520875742, 0.02651818223885628, 0.025411361706113484, 0.022421069294340026, 0.0211308843469468, 0.019107227063020815, 0.016645016563732195, 0.015068583235289498, 0.01342365217360461, 0.011817918206276635, 0.01064917204544669, 0.009105989002727624, 0.007902035667006332, 0.006731222286492384, 0.005762822512458282, 0.004996566191914436, 0.004307583517207241, 0.0036722839299795926, 0.0033002575121757185, 0.0030797185504193372, 0.0025609832781840233, 0.0022919235160024066, 0.0019390944575594633, 0.001749106313869121, 0.0017079357875318126, 0.001490180650060225, 0.0012371375498810803, 0.0013102258712849998, 9.300692515381145E-4, 7.171068692189112E-4, 5.440530547351205E-4, 4.088392424592658E-4, 3.4749388879025574E-4, 2.8163982537830735E-4, 1.3124373375425456E-4, 6.0045277976631356E-5, 4.6316964309852145E-6, 2.5616969622842006E-5, 2.3321134761085858E-5, 9.17175604372508E-6, 5.722667312704735E-6, 4.561733502327367E-5, 5.872570406260245E-5, 1.2086196768535491E-4, 5.596362515979788E-6, 4.501899927409597E-6, 4.1093555282218624E-5
0.9613977989621528, 0.9648829928950248, 0.9660508568945623, 0.9684204471285913, 0.9711908485881308, 0.9728079192201342, 0.9745604856043962, 0.9773718463184675, 0.9784764384627747, 0.980692265265405, 0.983121598447727, 0.9848406741414398, 0.9865306706452045, 0.9881088859155512, 0.989254555322284, 0.9907829864798855, 0.9920942025738706, 0.9932176666820013, 0.9941701256820855, 0.9949665806827491, 0.9956772375196965, 0.9962315278676478, 0.996659666775724, 0.9969175462484703, 0.9974168120598952, 0.997683171729407, 0.9980327143945815, 0.998193067872165, 0.9982917537911249, 0.9985000208298354, 0.9987048269100225, 0.9986876897260911, 0.9990672236065049, 0.9992373280598849, 0.9994434906667587, 0.9995859625015561, 0.9996465151550907, 0.9997143939108408, 0.9998542027095926, 0.9999377917828947, 0.9999908295515745, 0.9999481419309432, 0.9999762470535973, 0.9999879679820148, 0.9999776908343205, 0.9999348502078941, 0.999907389976828, 0.9998594784206735, 0.9998916315520172, 0.9999718449720447, 0.9999577814643974
4.1010559457334685E-4, 1.390047180846774E-4, 4.740335324011388E-5, 7.700234101776223E-5, 1.827128909409032E-4, 6.738985410255061E-4, 2.8152689485882773E-5, 2.070843872108121E-4, 3.926771903252067E-4, 2.005076716168817E-4, 2.3338498853345E-4, 9.074262336754424E-5, 4.567718126081654E-5, 7.319587820168771E-5, 9.62726323391566E-5, 1.1102451740454782E-4, 3.7617592105439063E-6, 5.111103156309198E-5, 6.705180542620424E-5, 3.685312536556427E-5, 1.517896318531343E-5, 9.618820234402898E-5, 4.007571208412117E-5, 2.735201179822312E-6, 2.220466200519687E-5, 2.4904754566305314E-5, 2.8191147910311865E-5, 5.782581395380317E-5, 3.104213255452836E-7, 9.798520129677648E-6, 5.8035540288286674E-5, 2.0844025442647887E-6, 2.7071419200353055E-6, 4.556507090597161E-5, 1.2456278515586166E-5, 5.198255990596447E-6, 5.990956130539571E-6, 3.966263763892574E-6, 1.4553556605634716E-5, 2.1629391296445133E-6, 4.538752003472748E-6, 2.6241099478250217E-5, 4.3181158690571786E-7, 2.860261998803129E-6, 1.6586498474309847E-5, 1.9532456950639638E-5, 3.38843192101597E-5, 1.965961161301154E-5, 1.0277208541414184E-4, 2.3653128048884747E-5, 1.1249802524119369E-6
0.03647991813017265, 0.03602139109780142, 0.03329936631611695, 0.03147340984126435, 0.027831745457975992, 0.026901989707959467, 0.023590455560852687, 0.023070702066318404, 0.020356303989634464, 0.01918480101615845, 0.01746096971046533, 0.014950116850048531, 0.01353155134080165, 0.011723907500547661, 0.010696744773866921, 0.009136017323529295, 0.007917458466833107, 0.006753681732298113, 0.005957135919665899, 0.004996884870292817, 0.004410779251433773, 0.003724196882402447, 0.003319752821704958, 0.0029814021632213086, 0.002461956240917132, 0.002158331511223683, 0.001999264903153587, 0.0019246100068782811, 0.001519399527711881, 0.0018002634806189555, 0.0013331687389289614, 9.82155693050997E-4, 9.412244143071767E-4, 8.382319666144179E-4, 4.728078901437762E-4, 3.671010814178768E-4, 2.5672897888023746E-4, 2.1433798967606136E-4, 1.6269926771433614E-4, 2.1072126511229062E-5, 4.167546656775076E-6, 7.738538056857176E-6, 4.801525685990374E-6, 1.890667357638265E-5, 5.327779458013643E-6, 7.163426088884301E-5, 1.0243145904888747E-6, 4.268304367801389E-5, 4.997792517574067E-5, 4.755885085131842E-5, 4.6319477142153866E-5
0.9631461749239534, 0.9639594948342919, 0.9664668260427004, 0.9682493730670166, 0.9721223997271835, 0.9729848492332948, 0.9760721070062865, 0.9766063019927963, 0.9794375707674488, 0.9807671600012422, 0.9823495174853875, 0.9850094115587814, 0.9863776073456051, 0.9881534019162547, 0.9891838770198935, 0.9908233792975093, 0.9920513974155843, 0.9932064807469283, 0.9940213358128045, 0.9949274591273016, 0.9955488367512524, 0.9962568146252149, 0.9966562967210651, 0.9969614646040468, 0.9974932622730344, 0.9978331678643516, 0.9979701264290557, 0.9980311855532027, 0.9984793676372007, 0.9981985911291256, 0.9986435186605616, 0.9990073202671214, 0.9990472701917503, 0.9991509408018874, 0.9995212585328039, 0.9996294433943335, 0.9997321829536645, 0.9997849207399884, 0.9998332575296491, 0.9999719483525367, 0.999976045117604, 0.9999776440321851, 0.9999715752870348, 0.9999810375855015, 0.9999782859155283, 0.9999248930322177, 0.9999759136072812, 0.9999538793638878, 0.9999365172732992, 0.9999438160888753, 0.9999109137634736
3.7390694575698246E-4, 1.911406790646304E-5, 2.3380764111269667E-4, 2.7721709175910776E-4, 4.585481480581117E-5, 1.1316105874043696E-4, 3.374374329451552E-4, 3.2299594080778917E-4, 2.061252428764729E-4, 4.8038982619804795E-5, 1.8951280418635826E-4, 4.0471591151784925E-5, 9.084131352932169E-5, 1.2269058316119068E-4, 1.1937820618783804E-4, 4.0603378971938524E-5, 3.114411758662947E-5, 3.983752082186669E-5, 2.1528267480260852E-5, 7.565600245379693E-5, 4.038399729409033E-5, 1.8988492423054442E-5, 2.395045714495797E-5, 5.713323278797595E-5, 4.4781486012675956E-5, 8.500624393411117E-6, 3.060866785513809E-5, 4.420443995900741E-5, 1.232835156985519E-6, 1.1453902852006082E-6, 2.331260041948986E-5, 1.0524039882453823E-5, 1.1505393874421542E-5, 1.0827231485423024E-5, 5.933576991745921E-6, 3.455524273027161E-6, 1.108806746408627E-5, 7.412703463210901E-7, 4.043202708538594E-6, 6.979520986122841E-6, 1.978733584483145E-5, 1.4617429800433686E-5, 2.362318733247573E-5, 5.5740899157594E-8, 1.6386305004597688E-5, 3.4727069477153025E-6, 2.3062078114898614E-5, 3.4375924535691053E-6, 1.3504801787150077E-5, 8.625060297264658E-6, 4.276675934702271E-5
0.03754700180597725, 0.03542030324266705, 0.03295278576230641, 0.031581180126142715, 0.02914692741289946, 0.027482246406927077, 0.02482408328455, 0.022543587709576166, 0.021739249430020778, 0.01997313862590982, 0.016587633533369856, 0.015420663950605082, 0.01348852016322615, 0.012169778103138898, 0.010529870998800862, 0.00945051958613396, 0.007997510643304376, 0.006724263203950691, 0.00575100212959506, 0.005284091733525681, 0.004046465082785053, 0.003703360189214126, 0.0032040652314903446, 0.002737487315265867, 0.0024387560858630144, 0.0022383548574184883, 0.001975553115159452, 0.001964668776749073, 0.0017696365213272123, 0.0016779291760131972, 0.001267660905581458, 0.0010883500041518816, 8.359032891563635E-4, 8.34911608372828E-4, 6.296650252995315E-4, 3.898231142897396E-4, 3.203697062370054E-4, 2.679008342158751E-4, 1.456116451388309E-4, 2.3238789754007542E-5, 1.273407413189878E-5, 1.6625936651079737E-5, 6.71493874570037E-6, 2.428310367769383E-5, 4.0390472310772E-5, 2.4973299690595317E-5, 1.9598635058914507E-5, 6.716646329121212E-5, 4.531992527171375E-7, 8.210893533700664E-5, 9.307696430518822E-5
0.9623687538712549, 0.9645349130409739, 0.9669502457249067, 0.9683066828797533, 0.9707475804719605, 0.9722160295273725, 0.9750187602798176, 0.977221848912243, 0.9782377275771749, 0.9799828580677491, 0.983126325680464, 0.9845279459928246, 0.9864481135341678, 0.9877394120839005, 0.9894329176680281, 0.9904902755849523, 0.9919694069312952, 0.9932365916840002, 0.9942349500413737, 0.9946488975823504, 0.9959446014309642, 0.9962823281187324, 0.9967873062175526, 0.9972434997735947, 0.9975192544667352, 0.9977515025905928, 0.99799539295267, 0.9980021406185422, 0.9982267052543385, 0.9982985753893521, 0.9987240630589311, 0.9988726619808356, 0.9991498323462379, 0.9991373182568536, 0.9993680323397802, 0.9995940427264469, 0.9996794230466185, 0.999698146420872, 0.9998485316838303, 0.99997259764324, 0.9999386402790825, 0.9999709734002235, 0.9999915572363172, 0.9999702065935975, 0.999950374891765, 0.9999621227934293, 0.9999704864292401, 0.9998336942576483, 0.999905416906828, 0.9999034082748209, 0.9999018379441769
8.424432273144068E-5, 4.478371633791945E-5, 9.6968512739071E-5, 1.1213699415546617E-4, 1.05492115171761E-4, 3.0172406568456885E-4, 1.5715643567180986E-4, 2.3456337821871817E-4, 2.3022992827330125E-5, 4.400330638154555E-5, 2.8604078622076546E-4, 5.139005663752348E-5, 6.33663026135413E-5, 9.080981284947414E-5, 3.721133319950724E-5, 5.920482887125818E-5, 3.308242542179358E-5, 3.9145112033044705E-5, 1.4047828965998553E-5, 6.7010684131286E-5, 8.933486258201003E-6, 1.4311692119743198E-5, 8.628550976782519E-6, 1.9012911144227612E-5, 4.198944747676008E-5, 1.0142551876459947E-5, 2.9053932238430736E-5, 3.319060466724523E-5, 3.6582243631213823E-6, 2.3495434590116326E-5, 8.276035357080638E-6, 3.8988015059263624E-5, 1.4264364645408853E-5, 2.777013477177907E-5, 2.302634859406307E-6, 1.6134159251009578E-5, 2.0724720204445967E-7, 3.3952744921043344E-5, 5.8566709890688035E-6, 4.163567002139861E-6, 4.862564679198948E-5, 1.2400663101247104E-5, 1.7278250136594395E-6, 5.5103026305139525E-6, 9.234635936375469E-6, 1.2903906890342592E-5, 9.914935720029138E-6, 9.913927906730082E-5, 9.412989400998393E-5, 1.4482789894040135E-5, 5.085091456580396E-6
0.03684414564283732, 0.03576298987156181, 0.03221423011456509, 0.030633819473533195, 0.02837212566011329, 0.027350862107245043, 0.025205575894528723, 0.022454890830997415, 0.020514805527166814, 0.01855111611032652, 0.01730263384748227, 0.015282319734527157, 0.01351883832975912, 0.011783549666505314, 0.010586535083744962, 0.00911895921727818, 0.008029103079264622, 0.00682816014425318, 0.00578174116954134, 0.004787884396374656, 0.00429917793808698, 0.0037353996289708194, 0.003278451590400856, 0.0027044980141387666, 0.002372838875306748, 0.0022239320727510557, 0.0019988296706233296, 0.001904953968376481, 0.0015949547070508935, 0.0015539072769052851, 0.0012039712035970737, 0.0013093192923336896, 9.877546952056725E-4, 9.074889390598503E-4, 6.906227505039592E-4, 4.730609153091922E-4, 3.267661365789517E-4, 1.6374189691923958E-4, 1.4339545378516617E-4, 6.286895751510225E-5, 4.443100986913661E-5, 1.9500520337521642E-5, 2.4469590444443476E-5, 2.2317951092895274E-5, 6.213734212886978E-5, 6.561563869422903E-5, 8.358484744119153E-5, 1.2361782815224473E-5, 8.863496196400306E-6, 2.5333620230161368E-5, 6.360597098763966E-5
0.9628597180699682, 0.9640820210608524, 0.9676288248007957, 0.9688868917678501, 0.9714483126387153, 0.9722929172376931, 0.974596709826034, 0.9773555691509292, 0.9791817805267484, 0.9812985443457669, 0.9825585138936718, 0.9846424528642757, 0.9863996026005732, 0.988119360581311, 0.9893413407061895, 0.9908619427172926, 0.9919516903488891, 0.9930027390592661, 0.9941790575323209, 0.9951427828135402, 0.9956709056993169, 0.9962365060962232, 0.9966972874304503, 0.9972391987054225, 0.9975883042147109, 0.9977459328103345, 0.9980004934830455, 0.9980725475661071, 0.9984027225783338, 0.9984452347681966, 0.9987857774512631, 0.9986631420277623, 0.9990072456620014, 0.9990258174132121, 0.9993083824089541, 0.9995123035553292, 0.9996674377617472, 0.999835842262149, 0.9998497333944625, 0.999921930101683, 0.9998681120101844, 0.9999693007879369, 0.9999684275649032, 0.9999402102340836, 0.9999016719387557, 0.9999265835902297, 0.9998885745063963, 0.9999782866921377, 0.9999822666305102, 0.9999577834644573, 0.999864069762185
2.961362872157412E-4, 1.5498906765771796E-4, 1.569450847297404E-4, 4.792887585237203E-4, 1.7956170117479573E-4, 3.5622065508517835E-4, 1.9771427941138534E-4, 1.8954001809425434E-4, 3.0341394605799897E-4, 1.5033954386639307E-4, 1.3885225887494087E-4, 7.522740119105255E-5, 8.155906962698824E-5, 9.708975219832602E-5, 7.212420997264458E-5, 1.909806547540552E-5, 1.9206571792218908E-5, 1.691007965887114E-4, 3.9201298163348564E-5, 6.933278999636056E-5, 2.9916362674158672E-5, 2.8094274756578463E-5, 2.4260979158795618E-5, 5.630328048420828E-5, 3.885691007819414E-5, 3.013511692554566E-5, 6.768462745819548E-7, 2.249846556091767E-5, 2.322714537225352E-6, 8.579550207532376E-7, 1.025134511385427E-5, 2.7538679882037658E-5, 4.9996428465528924E-6, 6.66936478259714E-5, 9.948405113728104E-7, 1.4635529283199344E-5, 5.796101593951818E-6, 4.158409769245341E-7, 6.871151777327654E-6, 1.520094081517359E-5, 8.745697989761652E-5, 1.1198691697554031E-5, 7.102844684841828E-6, 3.747181478010172E-5, 3.6190719104178884E-5, 7.80077097148251E-6, 2.7840646302331627E-5, 9.351525092215562E-6, 8.869873299892568E-6, 1.6882915276071356E-5, 7.232426672227913E-5
0.037644767895416806, 0.03600897965244493, 0.03392780978908974, 0.030388227087912455, 0.02965616305739456, 0.027383171603508318, 0.024230663307037326, 0.022789697316034908, 0.020562548488303637, 0.019041546758948102, 0.017302693688685877, 0.015218889161608644, 0.013440873776868383, 0.011992715042634522, 0.010601330074880528, 0.009278477980671876, 0.007839875326111394, 0.006896768119936062, 0.005740781127869304, 0.004917893217238463, 0.004349657107422775, 0.0035170591874045705, 0.0031187065025816206, 0.003065846624147243, 0.002432854908238788, 0.00235633639113621, 0.002108702995163011, 0.0018813314293886275, 0.0017974458727855374, 0.001444890849143376, 0.0012616581595559036, 0.0011943662667527968, 8.239056546888162E-4, 9.13152833519867E-4, 5.579060375548609E-4, 4.473540944114444E-4, 2.487111823396779E-4, 2.9463952391803013E-4, 1.2666120954893368E-4, 5.288067842711723E-5, 1.0975143157458368E-5, 1.0732683955486568E-5, 1.2090418698804565E-5, 2.620076432729784E-5, 2.0056088280904484E-5, 4.586825096480527E-5, 2.1510587422476945E-5, 1.0610674429440367E-5, 1.2808235428840177E-4, 4.380829510289311E-5, 3.316747908928651E-6
0.961897563147378, 0.9634868350850291, 0.9656101526787265, 0.969609518680769, 0.9702620743180206, 0.9725563368120678, 0.9756797073562458, 0.9769351413685791, 0.9792272961959619, 0.9809197626823662, 0.9825756450411477, 0.9847390777135997, 0.9864843170829977, 0.9878847468700505, 0.9893603060512786, 0.9906459603103338, 0.992112102321105, 0.9930276323282877, 0.9942351686981352, 0.9950185342508373, 0.9956306149004661, 0.9964380253363336, 0.996868649621682, 0.9969127181887002, 0.9975405854380656, 0.9976358809509501, 0.9978785857462082, 0.9980826001973003, 0.9981914896043158, 0.9985481956315686, 0.99872636169772, 0.9988026389912853, 0.9991573948965666, 0.999075121379633, 0.9994420311524336, 0.9995255911836378, 0.9997489219692863, 0.999692268001436, 0.9998558142086513, 0.9999436721425851, 0.9999753775667856, 0.9999647687466281, 0.9999792636671869, 0.9999505146674592, 0.999964900426132, 0.9999458748906225, 0.9999774516408884, 0.9999840966003738, 0.9998604891876167, 0.9999093107659377, 0.9999949393095904
4.576689571974998E-4, 5.041852625344335E-4, 4.620375322512255E-4, 2.2542313042938836E-6, 8.176262456940406E-5, 6.0491584292364384E-5, 8.962933674514614E-5, 2.7516131534504733E-4, 2.1015531567421315E-4, 3.869055876972879E-5, 1.216612700961028E-4, 4.203312486095324E-5, 7.480914008495912E-5, 1.2253808730468984E-4, 3.836387384222944E-5, 7.556170900044267E-5, 4.80223528136774E-5, 7.559955182370841E-5, 2.4050173978585694E-5, 6.357253202872034E-5, 1.9727992106560078E-5, 4.491547624404233E-5, 1.264387570527733E-5, 2.1435187165218952E-5, 2.655965368953814E-5, 7.782657926224827E-6, 1.2711258560567048E-5, 3.606837331522483E-5, 1.106452284952067E-5, 6.913519378191954E-6, 1.1980142744228894E-5, 2.9947418809736248E-6, 1.8699448750781172E-5, 1.1725786844198196E-5, 6.281013006962755E-8, 2.7054721960112264E-5, 2.3668482589741797E-6, 1.309247461869806E-5, 1.752458187405928E-5, 3.4471790948328574E-6, 1.3647290238568415E-5, 2.449856945826166E-5, 8.645914174541044E-6, 2.3284568106467278E-5, 1.5043485597136298E-5, 8.256858461837234E-6, 1.0377716994921922E-6, 5.292725138449486E-6, 1.1428458083135676E-5, 4.6880938923852016E-5, 1.7439425386283634E-6
0.037182133919418305, 0.035768978017162494, 0.03268499674453688, 0.03157853367675887, 0.028608162864375, 0.027240785628780698, 0.024870887589607035, 0.022900397454276186, 0.020951036745205192, 0.018850633515499603, 0.01650098141298568, 0.015188376790031627, 0.013442468159833909, 0.012001489613431051, 0.010260125164834783, 0.009182907364867767, 0.008091606422442787, 0.006519565944974861, 0.005719881664594142, 0.004865378970625289, 0.004556821307423841, 0.003869174993696397, 0.0032499830975366143, 0.002959983086704009, 0.002498753170127723, 0.002125967237593664, 0.002097572662932746, 0.00192261950196624, 0.0017204316475251417, 0.0014534015663184448, 0.0013054886866300183, 0.0012217994163883652, 0.0011221942527234983, 7.225752158317566E-4, 6.50518370594912E-4, 4.388534128285109E-4, 2.494926973945344E-4, 2.2998299364923618E-4, 1.1126959510070197E-4, 5.519538591365796E-5, 4.399912744238541E-6, 1.9851730652651348E-5, 5.0437972862827155E-6, 1.3571205602838766E-5, 6.187711137202219E-5, 3.325249432781037E-5, 3.054136672306743E-5, 1.237694570549887E-4, 2.7520675194480317E-5, 2.861702911285037E-5, 5.711413543671333E-5
0.9626200953447872, 0.9639054948753205, 0.9671636087990759, 0.9676556980064474, 0.971194309403745, 0.9722861800813389, 0.9749348548450139, 0.9769316382072278, 0.9786790217720043, 0.9811242285072462, 0.9832097408253385, 0.9847669168263369, 0.9864774754286272, 0.9879577276605592, 0.9896650392643886, 0.9907089099846493, 0.9918674967435829, 0.9934076883860514, 0.9942454241936359, 0.995088344931628, 0.995336669805219, 0.9961040232532465, 0.9967462526561759, 0.997010925209255, 0.997438227952009, 0.9978498678254571, 0.997849797086086, 0.9980679137832024, 0.9982598921761965, 0.9985200877641268, 0.9986665880699661, 0.9987705300946211, 0.9988681807568898, 0.999263661802776, 0.9993145382612173, 0.999532486264738, 0.9997496371002714, 0.9997342686745756, 0.9998775955986089, 0.9999399728328685, 0.9999901154325495, 0.9999519601188533, 0.9999925539681712, 0.9999706070252772, 0.9999377905594095, 0.9999577397305821, 0.9999215610290682, 0.9998661530567382, 0.999933035983947, 0.9999408356550087, 0.99989798126306
1.97770735737623E-4, 3.2552710754026547E-4, 1.5139445633048832E-4, 7.657683167745352E-4, 1.975277319396041E-4, 4.7303428984100287E-4, 1.942575653327352E-4, 1.6796433844895974E-4, 3.6994148278889424E-4, 2.5137977204332942E-5, 2.8927776163629104E-4, 4.470638360471791E-5, 8.005641145124103E-5, 4.0782725947284874E-5, 7.483557074781507E-5, 1.0818265037152535E-4, 4.0896834002142435E-5, 7.274566907140956E-5, 3.4694141708056466E-5, 4.627609784632224E-5, 1.0650888725509516E-4, 2.6801752962477812E-5, 3.7642462388076676E-6, 2.9091703997190004E-5, 6.301887782617568E-5, 2.4164936861615305E-5, 5.263025106200413E-5, 9.466714976069003E-6, 1.9676176350124322E-5, 2.6510669609090773E-5, 2.792324346347968E-5, 7.670489045707411E-6, 9.624990349909352E-6, 1.3762981324966274E-5, 3.494336816402369E-5, 2.8660322433696567E-5, 8.702023392861722E-7, 3.574833177348491E-5, 1.1134806284883625E-5, 4.83178123167195E-6, 5.48465457618503E-6, 2.818815054619785E-5, 2.402234620863862E-6, 1.5821769150958104E-5, 3.3232913262638583E-7, 9.007775064478439E-6, 4.7897604307709036E-5, 1.0077486240732754E-5, 3.9443340919628284E-5, 3.0547315858950144E-5, 4.490460145605411E-5
0.037006919671179, 0.0353346396718838, 0.0338682912830988, 0.03189317810756879, 0.029045313692499804, 0.026145877610556794, 0.02518850789465324, 0.022461270478801393, 0.021304800111835213, 0.019298037396583048, 0.01701707211084108, 0.015129511835767464, 0.013778045591104345, 0.011821639212123553, 0.010402322418615545, 0.009200356271969648, 0.007889013786641665, 0.006585522200230584, 0.005926422728029328, 0.005067038266840046, 0.004338283639232724, 0.003566855537922544, 0.0033005910022278193, 0.0029288408074524264, 0.0024775918301940883, 0.002378900805171344, 0.0020857953402629945, 0.0018717334004822533, 0.001846695475394348, 0.0015663055709985978, 0.0012897666307876965, 0.0011956791016972963, 9.588624949423278E-4, 7.008950952827014E-4, 6.661941293317326E-4, 4.597394080046965E-4, 3.247227423847089E-4, 1.7167021699474253E-4, 7.586219456270166E-5, 1.445677043847217E-4, 1.5302465796928787E-6, 1.0752199385081357E-5, 9.701044613029807E-6, 9.722618492976855E-6, 2.771449537822144E-5, 5.447748389059062E-5, 3.707677726999168E-5, 1.4122403689840847E-6, 2.1662281139712907E-5, 2.857596903807323E-5, 1.1971801970408216E-4
0.9627183929956911, 0.964563189512556, 0.9659656211734957, 0.9679496471160514, 0.970884670612956, 0.9736931363540174, 0.9746184864552264, 0.9770499398221362, 0.9786339097692844, 0.9806704892099098, 0.9827929941135966, 0.9848428325917689, 0.9861851422674112, 0.9881464590894251, 0.9895330906276996, 0.9907322473370604, 0.9920850140614276, 0.9933813997979088, 0.99404967735175, 0.9947900478646206, 0.9956582469987826, 0.996375774988272, 0.996681452760118, 0.997009375217221, 0.9974999084358972, 0.9975819813237734, 0.9978894039876345, 0.9981280007766852, 0.99810510590986, 0.9984163622322642, 0.9986770885333575, 0.9988037935323555, 0.9990196152260722, 0.9992456035575974, 0.9992844086159645, 0.9995319009860771, 0.9996466778267147, 0.9998130571058862, 0.9999081791221134, 0.9997981749933393, 0.9999396358202265, 0.9999786132625661, 0.9999842947544981, 0.9999631623504667, 0.99995012261621, 0.9999220893337563, 0.9999626214960463, 0.9999894211181428, 0.9999771797205453, 0.9999171854670653, 0.9998797508164461
2.746873330932736E-4, 1.0217081556466973E-4, 1.6608754333694085E-4, 1.5717477637668874E-4, 7.001569449184531E-5, 1.609860354010079E-4, 1.9300565012400915E-4, 4.887896991212214E-4, 6.129011886142539E-5, 3.147339352653937E-5, 1.899337754926352E-4, 2.765557252633065E-5, 3.681214152931074E-5, 3.1901698484160944E-5, 6.458695367032988E-5, 6.739639101101282E-5, 2.5972151879002777E-5, 3.307800187173458E-5, 2.3899920222155044E-5, 1.4291386851234661E-4, 3.469361936030334E-6, 5.736947376641182E-5, 1.7956237649440236E-5, 6.178397525188751E-5, 2.249973382591279E-5, 3.911787104730015E-5, 2.4800672121852328E-5, 2.6582287132900466E-7, 4.8198614726005764E-5, 1.733219674957767E-5, 3.3144835860105854E-5, 5.2736596772965E-7, 2.1522278936933184E-5, 5.350134710636809E-5, 4.939725476814621E-5, 8.359605872265074E-6, 2.8599430908806828E-5, 1.5272677189627862E-5, 1.595868322936601E-5, 5.725730222800212E-5, 5.883393321280371E-5, 1.0634538211566206E-5, 6.004200900173627E-6, 2.7115031054038854E-5, 2.2162888352992363E-5, 2.343318251178103E-5, 3.017266576812264E-7, 9.16664150813357E-6, 1.1579982700582458E-6, 5.423856388031164E-5, 5.311638684348368E-7
0.03810675179969087, 0.03523648618779042, 0.033272794690664936, 0.030008122976727038, 0.028770916763190716, 0.02682649616094754, 0.026051873435013567, 0.022472599788934462, 0.020494362597078687, 0.018953549952909318, 0.017044555208923992, 0.015003757967860342, 0.013344252108502916, 0.011959834010630317, 0.010458565528420463, 0.009016497523822869, 0.0077175411727800555, 0.006832493370066917, 0.005531633859821736, 0.004946144844711561, 0.00416189969885161, 0.0036670336927267897, 0.003397190822608332, 0.0028328069647103184, 0.0025452619918075563, 0.0021991703262680146, 0.002066682157425399, 0.0019211292176764148, 0.0020397058868010212, 0.001557555094644857, 0.0013586867976976198, 0.0010663203109864579, 9.044245669835494E-4, 7.620765952035645E-4, 4.818811640396366E-4, 4.840134243368481E-4, 2.429616790828261E-4, 1.7845296679792352E-4, 1.8018354569663945E-4, 2.0149303462459432E-5, 1.7633542883708835E-5, 3.5398084232996118E-6, 2.77445054548376E-5, 2.9180071327118083E-6, 7.174032749689023E-5, 2.6183724918906112E-5, 4.854869295456117E-6, 9.047248488503174E-6, 7.728683888389703E-5, 3.492733133325769E-6, 1.0319808865969991E-5
0.9615653437649823, 0.9645710763191055, 0.9660685374286534, 0.969865372848469, 0.971079435993666, 0.9728677927698525, 0.973610627882256, 0.9775272812090038, 0.9793423462239536, 0.9807404036073233, 0.9829411192153792, 0.9849418163348055, 0.9865223750368747, 0.9879525707574328, 0.989454992790033, 0.9909589331061033, 0.9922421934134611, 0.9931464532781606, 0.9944477674422422, 0.9949908854498046, 0.9958239746673134, 0.99629676059034, 0.9965738958824293, 0.9971456883311807, 0.9974081344706162, 0.9977730281197714, 0.9978922836776662, 0.998066713785749, 0.9979596464035945, 0.9984248026906261, 0.998608709397268, 0.9988924098562889, 0.9990847138483836, 0.9992136839102685, 0.9994748273201847, 0.9995026211337534, 0.9997314552947918, 0.9998052185798451, 0.9997900638140685, 0.9999457195872137, 0.9999265654333995, 0.9999761351190009, 0.9999640667596956, 0.9999894751944512, 0.9998962310794309, 0.9999691723695678, 0.9999877328738447, 0.9999757436517236, 0.9998739380803324, 0.9999938130538188, 0.9999619669778999
3.2790443534282414E-4, 1.9243749305318544E-4, 6.586678807691674E-4, 1.2650417479129395E-4, 1.4964724321363932E-4, 3.057110691233851E-4, 3.3749868271453767E-4, 1.190020259751959E-7, 1.6329117900108756E-4, 3.060464397273647E-4, 1.4325575728768217E-5, 5.4425697353220886E-5, 1.333728545402575E-4, 8.759523194762344E-5, 8.644168162866289E-5, 2.456937005101898E-5, 4.026541372576359E-5, 2.1053351896228994E-5, 2.0598697918740407E-5, 6.296970556750466E-5, 1.4125633838984253E-5, 3.620571699147745E-5, 2.8913294964325296E-5, 2.150470419570353E-5, 4.660353748681345E-5, 2.7801553957162602E-5, 4.103416488780476E-5, 1.2156996709157994E-5, 6.477095914018014E-7, 1.764221477933305E-5, 3.260380511417923E-5, 4.126983272767751E-5, 1.0861584734574257E-5, 2.4239494517077565E-5, 4.329151569722177E-5, 1.3365441750422204E-5, 2.5583026126340006E-5, 1.6328453289949765E-5, 2.9752640291194596E-5, 3.413110929343191E-5, 5.580102367037816E-5, 2.032507266770659E-5, 8.188734928797463E-6, 7.606798281828951E-6, 3.2028592935129177E-5, 4.643905502786052E-6, 7.412256994098137E-6, 1.520909972125448E-5, 4.877508084564351E-5, 2.694213071555566E-6, 2.771321322445377E-5
0.03787159259821836, 0.03501097061052965, 0.03335559293881257, 0.03176129977999276, 0.02975895368345723, 0.027855644350162367, 0.025061297876816074, 0.023087660834142376, 0.021805783540676967, 0.019483241840177395, 0.016178808734150125, 0.015345723565052531, 0.013390670994239587, 0.011905955577214859, 0.010322595488020057, 0.00885491449670999, 0.007942237228985282, 0.006692971943231196, 0.005709165687592497, 0.004904197918825519, 0.004153432125863816, 0.0036692174215297905, 0.003270172954834261, 0.0028054656237451593, 0.002511855621130551, 0.002350229338363514, 0.002292494245911702, 0.0019614615697630244, 0.0017113314393738142, 0.00156051497240708, 0.0013293516421147389, 0.0011512703198464256, 9.317265728638204E-4, 8.90372087343645E-4, 7.289534743622248E-4, 3.773299421576032E-4, 2.3138648416136024E-4, 1.101330930699934E-4, 1.0215932671806315E-4, 6.0302209455723293E-5, 4.345487118918934E-5, 1.478477288170799E-5, 2.637247233717413E-6, 7.524947151973715E-6, 4.546927649121022E-6, 5.7340844719933335E-5, 2.9384131563252773E-5, 6.003003431053205E-5, 4.8839620000904306E-5, 9.48845289069197E-6, 4.382735387077238E-5
0.9621032470535356, 0.9647755158162493, 0.9663977751057238, 0.9680712369993361, 0.9698874680362253, 0.9720798112644436, 0.9746912141022208, 0.976875099401194, 0.9781558869856039, 0.9803668087194016, 0.9834714824323134, 0.9845800870175037, 0.9865597428276732, 0.9880666979639161, 0.9895489492090814, 0.9910789472538944, 0.9920375039079324, 0.9932389665704362, 0.9942375799312082, 0.9949727111571419, 0.9958175235553544, 0.9962791404178166, 0.9966723343087386, 0.9971763470715848, 0.9974126732839701, 0.9976055080915935, 0.9976728472194171, 0.9980140971128255, 0.9982872816066932, 0.9984327874468767, 0.9985792021393356, 0.9988456423788028, 0.9990664092563498, 0.9991068341607262, 0.9992386321278044, 0.9995981387335263, 0.9997653514903623, 0.9998731732709767, 0.9998790016266299, 0.9999354112691637, 0.9999333394208765, 0.9999711213243406, 0.9999907850097944, 0.9999608806210418, 0.9999751253300919, 0.9998944162161613, 0.9999634207646292, 0.9999324330584237, 0.9999087359027377, 0.9998955015558519, 0.9999540322161806
2.516034826433627E-5, 2.1351357329236955E-4, 2.4663195544420886E-4, 1.674632206701078E-4, 3.5357828028016123E-4, 6.454438529972852E-5, 2.474880209810375E-4, 3.723976459586521E-5, 3.832947366998333E-5, 1.499494404822858E-4, 3.4970883361561394E-4, 7.418941740643304E-5, 4.9586178093841604E-5, 2.7346458837076615E-5, 1.2845530285009662E-4, 6.613824940997603E-5, 2.025886305801605E-5, 6.80614863195487E-5, 5.3254381146485794E-5, 1.2309092399805988E-4, 2.904431880631197E-5, 5.164216067633506E-5, 5.7492736486468E-5, 1.8187304604461406E-5, 7.547109483840621E-5, 4.4262569995531254E-5, 3.4658534615147974E-5, 2.444131745180543E-5, 1.3869538631166335E-6, 6.69758074604126E-6, 9.144621845376509E-5, 3.0873013492046993E-6, 1.8641706636089268E-6, 2.7937519969604792E-6, 3.241439789160992E-5, 2.453132432836511E-5, 3.2620254524438765E-6, 1.669363599499529E-5, 1.883904673800555E-5, 4.2865214184656605E-6, 2.320570787472891E-5, 1.409390278877925E-5, 6.5777430414517145E-6, 3.1594431730825416E-5, 2.0327742351115865E-5, 4.824293912538639E-5, 7.195103824806386E-6, 7.536907404492456E-6, 4.2424477222772806E-5, 9.500999125670085E-5, 2.1404299537328355E-6
0.03564293186437444, 0.035083702960308445, 0.033893977705983, 0.03154420435087419, 0.02957480138207828, 0.027406561138413204, 0.02456926849968939, 0.023047123583482036, 0.020515502938374088, 0.01845470457011887, 0.017127261752025953, 0.015381798141308273, 0.01375387911353464, 0.011891041243924856, 0.010456263902765337, 0.009035107256987508, 0.007743171822851496, 0.006596852869676425, 0.005961255619569648, 0.00513403138366021, 0.004390494381827248, 0.003717853643373302, 0.00322501693640717, 0.0026825725570869983, 0.0025168140082015345, 0.002410472866352082, 0.0020096730404375236, 0.0021479353227828258, 0.001882051989210331, 0.0015367746632896906, 0.0013001034472239948, 0.0012783730732571145, 9.531063763361657E-4, 8.144995043702461E-4, 7.65855582234683E-4, 3.1319675082824925E-4, 2.7619341044652696E-4, 1.456988601220508E-4, 6.141691791493564E-5, 1.0351312406101142E-4, 1.3082012835629858E-5, 4.616603193326814E-6, 9.127594539932794E-6, 1.2144082346066068E-4, 3.9563396936680885E-5, 6.888684698252935E-5, 1.489596309451367E-5, 6.911478030649225E-5, 1.274861871147715E-5, 5.091810698802627E-5, 1.2262355336876714E-5
0.9640283489334809, 0.9648741482441728, 0.9660568297487226, 0.9680730266396352, 0.9702864696700443, 0.9724768282700905, 0.9752165151757011, 0.9769036445907587, 0.9793124051633059, 0.9811700264309212, 0.9828204271330293, 0.9845637015229578, 0.9861547046937472, 0.9880298003767668, 0.9894868259087268, 0.990891695722087, 0.9921187775281481, 0.9933460604627319, 0.994024953898443, 0.9948434271325498, 0.9955937943310755, 0.9962546787793085, 0.9967401317004532, 0.9972637434967061, 0.9974404765284639, 0.9975792483030511, 0.9979659572336907, 0.9978374916128243, 0.9981106159854264, 0.9984461774927733, 0.9986551053743625, 0.9987088379249284, 0.9990010899568996, 0.9991498887718744, 0.9992205322532899, 0.9996361030470953, 0.9997140169260545, 0.9998498695890397, 0.9999013555158398, 0.9998947689221525, 0.9999714573146472, 0.999921180140797, 0.9999605039045801, 0.9998668554847967, 0.999956291782937, 0.9999144344434702, 0.999982540958904, 0.9998654945664984, 0.9999062105193911, 0.9998849651912516, 0.9999872813226512
3.2871920223407887E-4, 4.214879560479097E-5, 4.91925452135799E-5, 3.827690094173206E-4, 1.3872894778361273E-4, 1.1661059148755019E-4, 2.1421632464015217E-4, 4.92318257662535E-5, 1.7209189830347745E-4, 3.752689990029222E-4, 5.2311114988677564E-5, 5.4500335793671884E-5, 9.141619267168214E-5, 7.915837925460873E-5, 5.691018848713214E-5, 7.319702092396034E-5, 1.3805064895045E-4, 5.7086667676905844E-5, 1.379048204028543E-5, 2.2541483778662597E-5, 1.5711287151575947E-5, 2.746757728881036E-5, 3.4851363067032014E-5, 5.36839461645292E-5, 4.270946336327804E-5, 1.0278830595421725E-5, 2.436972585318687E-5, 1.4573064440112025E-5, 7.332025297257223E-6, 1.704784397155585E-5, 4.479117841426477E-5, 1.2789001922919928E-5, 4.580366681026539E-5, 3.561172375827309E-5, 1.3612164552846876E-5, 5.070020201581909E-5, 9.7896635045951E-6, 4.431550808974795E-6, 3.7227566383117735E-5, 1.7179537541496034E-6, 1.546067246672282E-5, 7.420325596953322E-5, 3.036850088051999E-5, 1.1703691810238085E-5, 4.144820126524604E-6, 1.667870950209247E-5, 2.563078105492039E-6, 6.539065324403105E-5, 8.104086184752408E-5, 6.411670178330071E-5, 4.5632194388525177E-7