1.0E-4, 1.174897554939529E-4, 1.3803842646028838E-4, 1.6218100973589282E-4, 1.9054607179632443E-4, 2.2387211385683356E-4, 2.630267991895376E-4, 3.0902954325135823E-4, 3.6307805477010026E-4, 4.2657951880159127E-4, 5.011872336272705E-4, 5.888436553555866E-4, 6.918309709189334E-4, 8.128305161640954E-4, 9.54992586021431E-4, 0.0011220184543019572, 0.0013182567385563993, 0.0015488166189124716, 0.0018197008586099714, 0.002137962089502217, 0.0025118864315095617, 0.002951209226666363, 0.0034673685045252885, 0.004073802778041093, 0.004786300923226341, 0.005623413251903439, 0.006606934480075897, 0.00776247116628684, 0.009120108393559003, 0.010715193052375956, 0.012589254117941547, 0.014791083881681929, 0.017378008287493585, 0.020417379446695097, 0.02398832919019468, 0.028183829312644276, 0.03311311214825881, 0.03890451449942771, 0.0457088189614871, 0.053703179637024805, 0.06309573444801879, 0.07413102413009112, 0.08709635899560735, 0.10232929922807457, 0.12022644346174033, 0.1412537544622743, 0.16595869074375477, 0.19498445997580305, 0.2290867652767756, 0.2691534803926896, 0.31622776601683567, 0.3715352290971699, 0.4365158322401629, 0.5128613839913612, 0.6025595860743534, 0.7079457843841329, 0.8317637711026651, 0.9772372209558038, 1.1481536214968746, 1.3489628825916442, 1.5848931924611023, 1.8620871366628544, 2.1877616239495374, 2.5703957827688457, 3.019951720401995, 3.5481338923357297, 4.168693834703325, 4.897788193684429, 5.754399373371531, 6.760829753919774, 7.943282347242764, 9.332543007969853, 10.964781961431784, 12.882495516931263, 15.135612484361994, 17.78279410038913, 20.89296130854028, 24.547089156850173, 28.84031503126591, 33.88441561392008, 39.81071705534953, 46.7735141287196, 54.9540873857622, 64.56542290346526, 75.85775750291805, 89.12509381337418, 104.71285480508953, 123.02687708123761, 144.54397707459205, 169.82436524617356, 199.52623149688685, 234.42288153199084, 275.4228703338149, 323.5936569296261, 380.18939632055856, 446.68359215095984, 524.8074602497685, 616.5950018614772, 724.4359600749839, 851.138038202369, 1000.0
0.9999977198209176, 0.9999978364477177, 0.9999980701969172, 0.9999980683650583, 0.9999978495540054, 0.9999975585859245, 0.9999976792941059, 0.9999978164765765, 0.9999979042261551, 0.9999978702597931, 0.99999774225971, 0.9999973974394506, 0.9999976432248795, 0.9999974162628421, 0.9999984784142271, 0.9999993338830063, 0.9999956181775675, 0.9999972140467095, 0.9999978126721294, 0.9999979729425693, 0.9999921369328029, 0.9999937164410373, 0.9999969230811087, 0.9999910324940082, 0.9999868248826318, 0.9999889610298788, 0.9999929003372369, 0.9999984116474696, 0.9999969494177541, 0.999977038706357, 0.9999771057569902, 0.9999896220777044, 0.9999699079512002, 0.9997446243848512, 0.9997436854060741, 0.9994337872172512, 0.999992125396514, 0.998988787538318, 0.9990210623515905, 0.999000430715226, 0.9969659167625144, 0.9993940465258172, 0.9996330180433244, 0.9919204466104107, 0.9968568503129437, 0.9994102755566535, 0.9822282272936248, 0.9774792161005689, 0.9954653504504447, 0.9885483437674957, 0.9925173822798987, 0.9802157040184957, 0.9558867410058166, 0.967986691865295, 0.51650511818611, 0.9107764970436756, 0.9133302766897167, 0.9773204409683882, 0.7573630623423885, 0.546278577157354, 0.6489009011294745, 0.3320087644185485, 0.9424216332661544, 0.14743898386990842, 0.5080331869524558, 0.5427863524845702, 0.2313327235660215, 0.9929085045713566, 0.6985022701519857, 0.5803487877420666, 0.40362908994931235, 0.37347799213323435, 0.4460814298672141, 0.2660245297641653, 0.17896354615711407, 0.9039063461555181, 0.5386165705768027, 0.8715541163483079, 0.0923798114160753, 0.5291182832788858, 0.7876892335093744, 0.2517254590010006, 0.5827444111909423, 0.8413717963065195, 0.9570323935002044, 0.8717771712319923, 0.3023353160620528, 0.9994386470407581, 0.7950241330550336, 0.06103500822135235, 0.20893276216257042, 0.5036200154649269, 0.6980973642334403, 0.9980915254654918, 0.1859463008414225, 0.3288079903023221, 0.41328970341394067, 0.45584495963927585, 0.4648025907023957, 0.8350100161636665, 0.3884129808890315
2.2801813888669594E-6, 2.1635545508430705E-6, 1.9298053793212346E-6, 1.9316372420233976E-6, 2.1504482930378377E-6, 2.4414163801669355E-6, 2.3207081986945183E-6, 2.183525730295197E-6, 2.095776160526896E-6, 2.1297425484383818E-6, 2.257742579648793E-6, 2.6025628636146066E-6, 2.356777446527306E-6, 2.5837394732931423E-6, 1.521588097772835E-6, 6.661193161100773E-7, 4.381824732772164E-6, 2.7859556013266746E-6, 2.1873301844030196E-6, 2.0270597027023574E-6, 7.863069499533565E-6, 6.283561243834788E-6, 3.0769211907303437E-6, 8.967508290991083E-6, 1.3175119655205737E-5, 1.1038972406752312E-5, 7.099665091238513E-6, 1.5883548331849571E-6, 3.050584538730156E-6, 2.2961295986985277E-5, 2.2894245315604115E-5, 1.0377924606691306E-5, 3.0092051093620545E-5, 2.5537561744615655E-4, 2.5631459623129047E-4, 5.662127850686724E-4, 7.874605812048673E-6, 0.0010112124639816858, 9.7893765072508E-4, 9.995692871000942E-4, 0.003034083239780072, 6.059534764841236E-4, 3.669819589984341E-4, 0.00807955339188044, 0.0031431496892963128, 5.89724445653699E-4, 0.01777177270868837, 0.022520783901716288, 0.004534649551781509, 0.011451656234807197, 0.007482617722385509, 0.01978429598378752, 0.044113258996496256, 0.0320133081370148, 0.4834948818162709, 0.08922350295866935, 0.08666972331262099, 0.02267955903396224, 0.24263693765978755, 0.45372142284497397, 0.3510990988728491, 0.6679912355838462, 0.05757836673623088, 0.8525610161323641, 0.4919668130497646, 0.45721364751775073, 0.768667276436297, 0.007091495430857264, 0.30149772985008916, 0.4196512122601167, 0.5963709100529202, 0.6265220078689498, 0.5539185701349095, 0.7339754702378454, 0.8210364538447535, 0.0960936538461744, 0.46138342942472865, 0.12844588365513007, 0.9076201885861033, 0.4708817167232345, 0.2123107664929104, 0.7482745410010551, 0.4172555888117109, 0.15862820369571415, 0.04296760650159469, 0.1282228287704283, 0.6976646839394904, 5.613529612549182E-4, 0.2049758669454612, 0.9389649917807545, 0.7910672378391659, 0.49637998453641907, 0.30190263576798665, 0.0019084745356874994, 0.8140536991613968, 0.6711920096993045, 0.586710296585976, 0.5441550403619019, 0.5351974092983875, 0.16498998383638336, 0.6115870191119456
0.9999978572725763, 0.999997448436853, 0.9999978835489496, 0.999997582395436, 0.9999974025996304, 0.9999972694987226, 0.9999975675544641, 0.9999980705304459, 0.9999978188888458, 0.9999981674022395, 0.9999974910008165, 0.9999981101900097, 0.9999981873766902, 0.99999769815296, 0.9999975204176232, 0.9999985352593145, 0.9999980036135477, 0.9999985476011323, 0.9999992466557891, 0.9999968135612902, 0.9999951700191666, 0.999995336471218, 0.9999982390215508, 0.9999971906259982, 0.9999957885583425, 0.9999819675208841, 0.9999770975123488, 0.9999772230191051, 0.9999386249875797, 0.9999564005295143, 0.9999583785543947, 0.9998914902175101, 0.9998391149733213, 0.9998234135819455, 0.9999581053249259, 0.9997241953156768, 0.9999358183410251, 0.9991914848332522, 0.9994677243099014, 0.9977230831400402, 0.9976322539465712, 0.9994387893606225, 0.9920121631332383, 0.9998720977903733, 0.9999861831985202, 0.9967576769091311, 0.9989057381598322, 0.9986864078745424, 0.9962211085323294, 0.9624452746475863, 0.9615197804242022, 0.9984628985425552, 0.9924897108424806, 0.9222750765190113, 0.945739693412016, 0.8600723418210926, 0.6328785558717689, 0.9820954074390151, 0.47658565265450253, 0.23532088129208018, 0.9139417740134229, 0.4408631612300199, 0.6138730341376833, 0.04960291330155269, 0.6390793046435737, 0.9231575514468822, 0.28987907764670084, 0.2279975692334796, 0.3745720363579874, 0.23410305160637843, 0.7040105933965267, 0.15165899190808527, 0.7413668637968813, 0.19284846528288765, 0.06886351328520958, 0.05019891263654466, 0.12245818536263679, 0.749949220162165, 0.9539030513080101, 0.14318474127852707, 0.6884754128425912, 0.4857686297622417, 0.5688007996008949, 0.6177745935134572, 0.7558226960151098, 0.8532541075754831, 0.09235974366118865, 0.7288796645513432, 0.0013271681943427276, 0.040786535527694616, 0.5949048308299317, 0.18722650262217114, 0.026540376479464025, 0.7125153994784379, 0.15751066649478096, 0.22902980870702355, 0.10083750333832174, 0.7267146909004581, 0.19342207784179039, 0.5355848101057965, 0.36796902083204924
2.1427297283239123E-6, 2.55156544140558E-6, 2.116453332102855E-6, 2.417606836488094E-6, 2.597402651375503E-6, 2.730503558675719E-6, 2.4324478413864626E-6, 1.9294718661312974E-6, 2.1811134484854492E-6, 1.832600042152515E-6, 2.509001481586071E-6, 1.8898122872138065E-6, 1.8126256202149698E-6, 2.301849355546686E-6, 2.4795846650506124E-6, 1.4647430012072333E-6, 1.9963887458378094E-6, 1.4524011715656124E-6, 7.533464878799904E-7, 3.1864410256258766E-6, 4.829983122911368E-6, 4.663531108948339E-6, 1.7609807392852092E-6, 2.8093763056441894E-6, 4.2114439607631736E-6, 1.8032481449768846E-5, 2.2902489959224155E-5, 2.2776983210031054E-5, 6.137501471032442E-5, 4.3599472795363095E-5, 4.162144791783836E-5, 1.0850978479238826E-4, 1.608850289666471E-4, 1.7658642035103242E-4, 4.1894677380327545E-5, 2.758046866511315E-4, 6.418166129358765E-5, 8.085151690611787E-4, 5.322756923949725E-4, 0.0022769168622382907, 0.002367746055737547, 5.612106417035853E-4, 0.007987836869067167, 1.2790221190942623E-4, 1.3816803771184048E-5, 0.0032423230931772577, 0.0010942618424973488, 0.001313592127779491, 0.003778891469967352, 0.03755472535469938, 0.038480219578097885, 0.001537101459742854, 0.0075102891598339315, 0.07772492348331074, 0.054260306590279014, 0.1399276581811924, 0.3671214441305365, 0.017904592563303155, 0.5234143473476758, 0.76467911871022, 0.08605822598894866, 0.5591368387722966, 0.3861269658645531, 0.9503970867007879, 0.36092069535884, 0.07684244855543595, 0.7101209223556222, 0.7720024307688869, 0.6254279636441038, 0.7658969483957105, 0.29598940660560713, 0.8483410080940127, 0.258633136205253, 0.8071515347192875, 0.9311364867169062, 0.9498010873655212, 0.8775418146390452, 0.25005077983980945, 0.04609694869398884, 0.8568152587240954, 0.3115245871591644, 0.514231370239719, 0.43119920040153104, 0.38222540648808884, 0.24417730398717677, 0.14674589242645666, 0.9076402563414652, 0.2711203354514562, 0.9986728318086405, 0.9592134644755408, 0.40509516917231647, 0.8127734973787316, 0.9734596235203357, 0.2874846005228871, 0.8424893335058643, 0.7709701912936574, 0.8991624966649077, 0.2732853091001125, 0.8065779221592173, 0.4644151898943509, 0.6320309791676674
0.9999977089464297, 0.9999978412302318, 0.9999979653269929, 0.9999978918320014, 0.9999978599225641, 0.9999980139527063, 0.9999980776096334, 0.9999971511214472, 0.9999978705529753, 0.9999979644407588, 0.9999979639842099, 0.9999968260141041, 0.9999981239168848, 0.99999670046655, 0.9999974871465321, 0.9999983427609224, 0.9999983567308056, 0.9999975844237966, 0.9999991510724233, 0.9999951596576039, 0.9999929284018957, 0.999999189960619, 0.9999988202970839, 0.9999902496454206, 0.9999998950618114, 0.9999885072208823, 0.9999692037014088, 0.9999941470137349, 0.9999880075739457, 0.9998967818756207, 0.9999713508960373, 0.9999856358516663, 0.9999972483856413, 0.9998331379530848, 0.9999853789774915, 0.9999234719686612, 0.9998007467409336, 0.9998285770733917, 0.9997585537012332, 0.9991576596319433, 0.999149966911556, 0.9991870164724438, 0.9943500011586938, 0.9932233717756871, 0.998944694205149, 0.9928625915697408, 0.9987209472244325, 0.9997014858836548, 0.9940218385368631, 0.9795763891004649, 0.9766779899918203, 0.9874030770223793, 0.9876100845188381, 0.9560615967995608, 0.8319433146767946, 0.5739505497556661, 0.4922251853130643, 0.9137363303512351, 0.8132395001463119, 0.7531039542251551, 0.6410661734508505, 0.5017215852623881, 0.026089713504763988, 0.02653325782746389, 0.14119036683906444, 0.6622957068182393, 0.2274229755397675, 0.8643768188216352, 0.03806879997726298, 0.19326104582675865, 0.8599124625709672, 0.4318106134889938, 0.5510039165180421, 0.8646701012791959, 0.32538184878111465, 0.14274539301918307, 0.45052345624160683, 0.7517031695930024, 0.06351369253090036, 0.8544516293774803, 0.3653656325034354, 0.03459938065524854, 0.8316833530496417, 0.3586291266417337, 0.09624859500452436, 0.30280202592298444, 0.39213615936839463, 0.7001452623340018, 0.7325874801016399, 0.1512406293868112, 0.2647134639789751, 0.36748661168400454, 0.5178109545159602, 0.2632939866443353, 0.8501516433489157, 0.5631383190885387, 0.33974777233245335, 0.12278571581261488, 0.132083701772618, 0.5516738575055957, 0.6965510580902802
2.2910558458124895E-6, 2.158772078908122E-6, 2.034675305042171E-6, 2.1081703044482408E-6, 2.1400797434739403E-6, 1.986049562119359E-6, 1.922392659893614E-6, 2.8488808590596058E-6, 2.129449321908054E-6, 2.03556154331747E-6, 2.0360180785199937E-6, 3.1739882167270245E-6, 1.8760854362711732E-6, 3.2995357279341884E-6, 2.5128557785395054E-6, 1.6572413750271354E-6, 1.6432715245289749E-6, 2.415578469243401E-6, 8.48929891481712E-7, 4.8403446753929865E-6, 7.071600427088291E-6, 8.100416981332701E-7, 1.179705227401599E-6, 9.750356885644997E-6, 1.0494048322588344E-7, 1.1492781451523856E-5, 3.079630092608602E-5, 5.852988556307926E-6, 1.1992428353174401E-5, 1.0321812667185377E-4, 2.864910624149675E-5, 1.4364150638855124E-5, 2.751616636021251E-6, 1.6686204922106287E-4, 1.4621024768866445E-5, 7.652803365817249E-5, 1.992532613594826E-4, 1.7142292890753473E-4, 2.4144630104695056E-4, 8.423403703577171E-4, 8.500330907523436E-4, 8.129835298574188E-4, 0.005649998843620628, 0.006776628226623954, 0.0010553057971350221, 0.007137408432565697, 0.0012790527778787724, 2.9851411865741093E-4, 0.005978161465454767, 0.020423610901848174, 0.023322010010477068, 0.012596922979920478, 0.012389915483452755, 0.04393840320275008, 0.1680566853255009, 0.4260494502465702, 0.5077748146892388, 0.08626366965094844, 0.18676049985586138, 0.2468960457771606, 0.35893382655142386, 0.4982784147399502, 0.9739102864975585, 0.9734667421748666, 0.8588096331632868, 0.3377042931840286, 0.7725770244623673, 0.1356231811806824, 0.9619312000249872, 0.8067389541755037, 0.14008753743125973, 0.5681893865124433, 0.4489960834841732, 0.13532989872274648, 0.6746181512204611, 0.8572546069829129, 0.5494765437599209, 0.24829683040906095, 0.9364863074711429, 0.14554837062407808, 0.6346343674984755, 0.9654006193465574, 0.1683166469526094, 0.6413708733600507, 0.9037514049972144, 0.6971979740797067, 0.607863840634647, 0.29985473766949833, 0.2674125199010054, 0.8487593706153608, 0.7352865360236776, 0.6325133883156857, 0.48218904548648067, 0.7367060133569131, 0.14984835665241306, 0.43686168091138067, 0.6602522276685279, 0.87721428418848, 0.8679162982288248, 0.448326142494691, 0.3034489419100624
0.9999976987646421, 0.9999977654720243, 0.9999979350013807, 0.9999977855639707, 0.9999979031034505, 0.9999981618353846, 0.9999970270761755, 0.9999979361807757, 0.9999980644945242, 0.9999970414845584, 0.9999973046483059, 0.9999970479988516, 0.9999967926335601, 0.9999974738446329, 0.9999970032245136, 0.9999972511711486, 0.9999968612374747, 0.9999987009393203, 0.9999973616390322, 0.999999924448393, 0.9999950749619816, 0.9999959755212982, 0.9999881253446578, 0.9999842242687816, 0.9999970852985799, 0.9999967188702437, 0.9999942492083408, 0.9999740618301276, 0.9999943372034655, 0.9999810373769825, 0.9999915574222502, 0.999989182815011, 0.9999290875926038, 0.999981659246758, 0.9999027560359022, 0.9999178018016922, 0.9998990464793355, 0.9992999156379008, 0.9996481762664525, 0.9998420376612533, 0.9991194808542063, 0.9985667781102419, 0.9990885695213266, 0.998710156447723, 0.9993262245169892, 0.9998736149540816, 0.998759312152791, 0.9895323940997629, 0.9829582832442569, 0.9756762400770672, 0.904755507104013, 0.9811653548130362, 0.9472924784240657, 0.9498792299540365, 0.9779370513332493, 0.9152269197369564, 0.618097287450868, 0.8877251219656058, 0.6898702480281664, 0.6064100795145025, 0.7675198864801344, 0.5609063338962565, 0.8864767420055327, 0.2753796480762204, 0.9897429629003011, 0.7373546712959446, 0.17717708815669053, 0.9694421817197253, 0.011396947895531005, 0.8385560850582223, 0.5496325100598933, 0.18951586512352783, 0.5546711832954775, 0.4860381974260164, 0.3167345581897751, 0.44936923491584685, 0.44592977119246446, 0.03142386960463741, 0.39738270867262254, 0.11820635948373423, 0.22387323170663462, 0.22428804713513947, 0.36284255663302506, 0.7739323167311377, 0.5649643234277679, 0.950848917050525, 0.4793182175481401, 0.18075345111004756, 0.493665802779879, 0.5443897794440087, 0.26781983682385935, 0.6095056376439315, 0.7607786005379451, 0.13573631106424602, 0.2586827280292856, 0.15829195047257164, 0.7851688321898133, 0.4617369108902526, 0.4208507798448968, 0.3329528965931432, 0.16681094723929815
2.301237667309028E-6, 2.2345302684696167E-6, 2.0650009131284042E-6, 2.214438315872612E-6, 2.096898844701458E-6, 1.8381669068602713E-6, 2.9729261209916535E-6, 2.0638215226702525E-6, 1.935507795592352E-6, 2.9585177556284017E-6, 2.6953539930944653E-6, 2.9520034375382047E-6, 3.207368763708195E-6, 2.5261576730900355E-6, 2.9967777930954924E-6, 2.7488311538224576E-6, 3.1387648295915434E-6, 1.2990629832297226E-6, 2.6383632766964616E-6, 7.555394395857982E-8, 4.925040318346374E-6, 4.024481023813304E-6, 1.1874657646239388E-5, 1.5775733526935208E-5, 2.9147037173826053E-6, 3.281132075914557E-6, 5.750793974845973E-6, 2.593817216473524E-5, 5.66279882888564E-6, 1.8962625321814663E-5, 8.442580022697718E-6, 1.081718731590531E-5, 7.091240971281404E-5, 1.83407555408544E-5, 9.724396639558829E-5, 8.219820059506877E-5, 1.009535229941482E-4, 7.000843644128849E-4, 3.5182373585215034E-4, 1.5796234104292336E-4, 8.805191480725536E-4, 0.0014332218920277537, 9.114304809850628E-4, 0.0012898435545793338, 6.737754853303216E-4, 1.2638504820859973E-4, 0.0012406878495342432, 0.010467605902528133, 0.017041716757998763, 0.024323759925210072, 0.09524449289828665, 0.018834645189309874, 0.05270752157823774, 0.05012077004826416, 0.022062948669059564, 0.08477308026529602, 0.38190271255148334, 0.11227487803667086, 0.31012975197407433, 0.3935899204877181, 0.23248011352219375, 0.43909366610588396, 0.1135232579967341, 0.7246203519260552, 0.010257037101971074, 0.2626453287063711, 0.8228229118455065, 0.030557818282317153, 0.9886030521066437, 0.16144391494398708, 0.4503674899423759, 0.8104841348787617, 0.44532881670667757, 0.513961802575748, 0.683265441812344, 0.5506307650860892, 0.5540702288095798, 0.9685761303974265, 0.6026172913292858, 0.8817936405181165, 0.7761267682955162, 0.7757119528671823, 0.6371574433691447, 0.22606768327090518, 0.4350356765749084, 0.049151082951064816, 0.5206817824543656, 0.8192465488923183, 0.5063341972222951, 0.4556102205573784, 0.7321801631780479, 0.3904943623582009, 0.2392213994622957, 0.8642636889375778, 0.7413172719716555, 0.8417080495289305, 0.21483116781024308, 0.5382630891108179, 0.5791492201563976, 0.6670471034072399, 0.8331890527611931
0.9999978550454094, 0.9999977618881506, 0.9999978389399762, 0.9999977677226188, 0.9999978115252686, 0.9999977009224257, 0.9999977461359615, 0.9999980441465914, 0.9999975043468834, 0.9999976530090281, 0.9999989794068243, 0.9999980461648834, 0.999998315805722, 0.9999988587670875, 0.999997204493884, 0.999998593661877, 0.9999991170063236, 0.9999961457174427, 0.9999955225088414, 0.9999987815850089, 0.999987648325996, 0.9999983584942486, 0.9999906179467282, 0.999999365593765, 0.9999936959371087, 0.9999912342647671, 0.9999972124147206, 0.9999891124111782, 0.999966583750834, 0.9999874319062839, 0.9999039147304902, 0.9999729078244387, 0.9999056431497443, 0.9999610010629336, 0.9996910430480366, 0.9993042353347611, 0.9996787651942841, 0.9993001620074993, 0.9996542627027133, 0.9992753156739294, 0.9996115910508018, 0.9977768833712266, 0.9974434265951148, 0.9926892848497706, 0.9979019920587691, 0.9966618073534792, 0.9994897792314201, 0.9775004420483053, 0.996188611958185, 0.9957244756420656, 0.9630007928336128, 0.9121106474281506, 0.994071041797665, 0.9887891289745633, 0.9706669701479779, 0.9657346549188461, 0.9276805899904323, 0.9875743349995946, 0.7970291428956586, 0.5456464896165689, 0.45080253899835143, 0.5149182576094818, 0.18063051567974547, 0.6788186369369852, 0.8300161758493284, 0.589923178813383, 0.12608062966634512, 0.5362915646693106, 0.16869738044708557, 0.4099507587732884, 0.18311270591345066, 0.2789888681009838, 0.9961987053918925, 0.669055291612967, 0.836112900947696, 0.23047403823898177, 0.8379685311539613, 0.6641804812490437, 0.9034786200398843, 0.7254416739970981, 0.3960924400348169, 0.9144949423031196, 0.8460552411315942, 0.06919511072675703, 0.34191124370897724, 0.6918851239690538, 0.8476705854883833, 0.4283258593421199, 0.0369874343195622, 0.686029771253416, 0.3971426226006238, 0.6548056005469067, 0.11568216658262451, 0.08186014446340542, 0.6877714645582901, 0.7392177495945516, 0.9203913822610275, 0.6490614976170338, 0.40932534749793853, 0.1076045277298679, 0.037695069309500145
2.14495689368679E-6, 2.238114159283876E-6, 2.16106229793274E-6, 2.2322796790219173E-6, 2.1884770383442094E-6, 2.2990798774326846E-6, 2.25386633836688E-6, 1.9558557027505536E-6, 2.495655409898921E-6, 2.346993290712294E-6, 1.020595465239362E-6, 1.9538374187916703E-6, 1.684196601831853E-6, 1.1412352441003553E-6, 2.7955084181714988E-6, 1.4063404019362839E-6, 8.829959841779011E-7, 3.854284871022134E-6, 4.4774934834851645E-6, 1.2184172797855843E-6, 1.23516763106592E-5, 1.6415080649201678E-6, 9.382055572050058E-6, 6.344085416241311E-7, 6.3040651793912914E-6, 8.765737513129337E-6, 2.787587568265564E-6, 1.0887591159983708E-5, 3.341625147720894E-5, 1.256809603291152E-5, 9.608527182852502E-5, 2.7092177866376346E-5, 9.435685255318791E-5, 3.8998939352604214E-5, 3.0895695429107237E-4, 6.957646675482801E-4, 3.2123480801189773E-4, 6.99837994797713E-4, 3.4573729959729986E-4, 7.246843284011435E-4, 3.884089514849658E-4, 0.0022231166310508555, 0.002556573407207476, 0.007310715152519446, 0.002098007943540724, 0.003338192648830209, 5.1022077089111E-4, 0.022499557953979406, 0.003811388044040161, 0.004275524360204801, 0.0369992071686561, 0.08788935257417382, 0.005928958204593326, 0.011210871027717985, 0.029333029854312718, 0.0342653450834449, 0.07231941001185015, 0.01242566500278049, 0.20297085710659465, 0.45435351038569616, 0.5491974610039362, 0.48508174239287305, 0.8193694843222656, 0.32118136306528516, 0.1699838241529678, 0.4100768211891054, 0.8739193703358572, 0.4637084353328618, 0.8313026195550487, 0.5900492412287649, 0.8168872940887909, 0.7210111319011688, 0.003801294610142922, 0.3309447083890546, 0.16388709905442894, 0.7695259617630921, 0.16203146884817377, 0.33581951875405647, 0.09652137996196875, 0.2745583260054945, 0.603907559968404, 0.08550505769834087, 0.15394475887038783, 0.9308048892753914, 0.6580887562925963, 0.308114876033905, 0.15232941451346887, 0.5716741406599412, 0.963012565683093, 0.31397022874802544, 0.6028573774010615, 0.34519439945497665, 0.8843178334185201, 0.9181398555390909, 0.3122285354436517, 0.26078225040629993, 0.07960861773956981, 0.35093850238505453, 0.5906746525017145, 0.892395472269423, 0.9623049306918767
0.9999978086850969, 0.9999979720511706, 0.9999978950315912, 0.999997820937046, 0.9999978461989658, 0.9999977373237362, 0.9999980718271605, 0.9999980001429254, 0.9999976489305786, 0.9999981709827197, 0.9999973804679108, 0.9999977022630518, 0.9999983844094844, 0.9999962261954247, 0.9999978691849063, 0.9999970140905552, 0.9999971960237353, 0.9999980796358658, 0.9999989788289295, 0.9999982308620158, 0.9999979717759963, 0.9999999874169915, 0.999999829534831, 0.9999979081116931, 0.9999827671766932, 0.9999900137783932, 0.9999676394201366, 0.999995157048996, 0.999989095419976, 0.9999830567945751, 0.9998739762235356, 0.9999734935586776, 0.9999742209799602, 0.9999771965896854, 0.9998616964704875, 0.9995027921061478, 0.9997728368652589, 0.9996082155546451, 0.9985059996266358, 0.9994850054776252, 0.9997832215133957, 0.9989484083311629, 0.9941989058080491, 0.9991868958391116, 0.9943748218140842, 0.9987999929160203, 0.9995019331173872, 0.9996972144069393, 0.999702471941612, 0.9855388265518258, 0.987762550988783, 0.9899586927918717, 0.9524879907783972, 0.9901139843246857, 0.8636920571221337, 0.7511171391688578, 0.6847449723803124, 0.9979038604555691, 0.6237017310185727, 0.7092260964387357, 0.880915569539949, 0.915336857249567, 0.3697714836964665, 0.008419157785478528, 0.6683088271726428, 0.19663752379765193, 0.981723360752219, 0.17193896194202807, 0.011017910154272857, 0.7889198655756486, 0.13950245502155417, 0.07424402340598936, 0.9855687578411322, 0.5049026608003092, 0.14359131206574777, 0.5184377113391663, 0.37884058039460955, 0.8138039400251905, 0.5581433182137412, 0.9427226607116751, 0.7314051706352315, 0.46757170354951777, 0.993950456951615, 0.9259464129302422, 0.05225815594325163, 0.42496446307837127, 0.12298146802648378, 0.06582434254379355, 0.17122243050935074, 0.747019785916359, 0.18313044439078716, 0.14643532435497025, 0.6503612596146259, 0.5553364601159237, 0.30890596447462815, 0.3831883622209104, 0.4791069839637536, 0.13570325391985102, 0.7996977755295952, 0.232627496303968, 0.6013789558520238
2.1913172179044484E-6, 2.027951149318032E-6, 2.104970731817344E-6, 2.17906526959315E-6, 2.1538033580919155E-6, 2.2626785435606356E-6, 1.9281751083904753E-6, 1.9998593839930634E-6, 2.351071727456495E-6, 1.8290195761824126E-6, 2.619534368711749E-6, 2.297739241793564E-6, 1.6155928026236513E-6, 3.77380689448893E-6, 2.130817385854257E-6, 2.9859117318691417E-6, 2.8039785543868443E-6, 1.920366454032017E-6, 1.0211734001184346E-6, 1.7691402856939354E-6, 2.0282263340906274E-6, 1.2585292800801575E-8, 1.7046746310900652E-7, 2.091890604357062E-6, 1.723282561986976E-5, 9.986223884606321E-6, 3.2360582196826354E-5, 4.842953315246891E-6, 1.0904582327369082E-5, 1.6943207747639614E-5, 1.2602377876608703E-4, 2.6506443597416832E-5, 2.5779022345325373E-5, 2.280341259766737E-5, 1.3830353182349938E-4, 4.972078961590151E-4, 2.2716313704084764E-4, 3.9178444768415055E-4, 0.0014940003756976998, 5.149945246648877E-4, 2.1677848895331243E-4, 0.0010515916711500524, 0.005801094194274272, 8.131041632039431E-4, 0.005625178188219005, 0.0012000070862641923, 4.980668849097291E-4, 3.027855953141738E-4, 2.975280606844353E-4, 0.014461173450501267, 0.012237449013492933, 0.010041307210449506, 0.047512009223838955, 0.009886015677534927, 0.1363079428801409, 0.24888286083352348, 0.31525502762191127, 0.0020961395467203065, 0.37629826898379665, 0.29077390356363053, 0.11908443046236734, 0.08466314275279971, 0.630228516305966, 0.9915808422165653, 0.33169117282969524, 0.8033624762047112, 0.018276639250136784, 0.8280610380601693, 0.9889820898480961, 0.21108013442655063, 0.8604975449805545, 0.9257559765961149, 0.0144312421609893, 0.49509733920196713, 0.8564086879363869, 0.48156228866289513, 0.6211594196073754, 0.18619605997637223, 0.4418566817883752, 0.05727733929039052, 0.26859482936673623, 0.5324282964537639, 0.006049543051508418, 0.07405358707300568, 0.9477418440587687, 0.5750355369238057, 0.8770185319758738, 0.9341756574579221, 0.8287775694926681, 0.25298021408496546, 0.8168695556117694, 0.853564675646383, 0.3496387403852359, 0.44466353988522944, 0.6910940355276247, 0.6168116377811554, 0.5208930160366896, 0.8642967460802428, 0.20030222447165982, 0.7673725036957525, 0.39862104414978744
0.9999978005127969, 0.9999977629935739, 0.9999978931875131, 0.9999976729158897, 0.9999975569631236, 0.9999975148008351, 0.9999977218666989, 0.9999983294405266, 0.999997660094769, 0.9999976690835957, 0.999998119632134, 0.999998095224682, 0.9999990943867543, 0.9999964415947774, 0.9999992741821817, 0.999997239436555, 0.9999971323057565, 0.9999970672514624, 0.9999999278039335, 0.9999993774876582, 0.999993846912509, 0.9999964845145176, 0.9999944135995594, 0.9999954113535467, 0.9999865045880949, 0.9999941130186166, 0.9999998554950716, 0.9999768304427353, 0.9999938065214758, 0.9999712755534468, 0.9999200631527991, 0.9999456782023535, 0.9999170809192072, 0.9999400506447347, 0.999812050694244, 0.9999182271725856, 0.9994163612478714, 0.9997689191857722, 0.999798960494126, 0.9991117797384798, 0.9986991352721999, 0.9991379248976772, 0.996905828163435, 0.9956571291052967, 0.9985743728946326, 0.9903000417369987, 0.9810953310001224, 0.997647491768837, 0.9808531512508704, 0.989181014545306, 0.8669524046526277, 0.9414764066470666, 0.9834085991105095, 0.9149487143479277, 0.8424237856046892, 0.9573986407363066, 0.7050114040981765, 0.7263716045575035, 0.3764949509814164, 0.8382423750063491, 0.7567132817699885, 0.37772096322476, 0.8282443233314825, 0.6117635142459591, 0.14062270913621094, 0.5179844747849045, 0.8092517972837856, 0.00841443074761693, 0.2988743638358335, 0.09355627145842224, 0.04961667558762248, 0.9846083342535888, 0.8839211642761686, 0.6155652907385718, 0.2755905906003547, 2.666427067481619E-4, 0.2450767837463281, 0.9869493210484591, 0.18231157731169112, 0.24412186971724895, 0.3247698621905334, 0.8277461094298155, 0.28997658618636774, 0.4713718432486915, 0.6085089180141092, 0.8539669473025211, 0.14472635934186748, 0.7949539678191196, 0.883671671174781, 0.2674079647289627, 0.11604138242992743, 0.6888634643711874, 0.36474765094882555, 0.7060551137763005, 0.7515698108515413, 0.01919816428448256, 0.30831574634663356, 0.7301114311029884, 0.42401218909650845, 0.19983698661282354, 0.5568676199074051
2.1994895031463864E-6, 2.2370087273978585E-6, 2.106814792661416E-6, 2.3270863745944046E-6, 2.443039177614729E-6, 2.48520147455924E-6, 2.278135617250753E-6, 1.6705617810667169E-6, 2.339907547221065E-6, 2.3309187316267924E-6, 1.8803701788731362E-6, 1.9047776204704862E-6, 9.056155465988465E-7, 3.5584075222987617E-6, 7.258201249671485E-7, 2.7605657416463925E-6, 2.867696550789709E-6, 2.932750847173858E-6, 7.21983417826582E-8, 6.225146343122297E-7, 6.153089800928988E-6, 3.515487765893982E-6, 5.586402723539847E-6, 4.588648751549266E-6, 1.3495414217806702E-5, 5.886983674633708E-6, 1.4450724922811906E-7, 2.3169559580356808E-5, 6.19348083300685E-6, 2.872444882479807E-5, 7.993684950127647E-5, 5.432179994058972E-5, 8.291908311635367E-5, 5.994935756218357E-5, 1.8794930806009978E-4, 8.177282974833928E-5, 5.836387544297872E-4, 2.3108081652789338E-4, 2.0103950818573698E-4, 8.882202638199007E-4, 0.0013008647300844977, 8.62075104635002E-4, 0.003094171838890217, 0.004342870897026868, 0.0014256271076961468, 0.009699958265309505, 0.018904669002147063, 0.0023525082333930728, 0.019146848751370855, 0.010818985456906637, 0.13304759534962501, 0.05852359335517483, 0.01659140089177582, 0.08505128565433767, 0.15757621439761635, 0.04260135926597446, 0.29498859590417115, 0.2736283954448006, 0.6235050490208701, 0.1617576249959415, 0.24328671823224537, 0.6222790367774457, 0.17175567667088754, 0.38823648575627095, 0.8593772908660795, 0.4820155252174213, 0.190748202718525, 0.9915855692546961, 0.7011256361663671, 0.9064437285435162, 0.950383324414615, 0.015391665748525761, 0.11607883572605796, 0.3844347092634253, 0.7244094094015667, 0.9997333572948898, 0.7549232162560953, 0.013050678953433741, 0.8176884226905357, 0.7558781302843879, 0.6752301378113181, 0.17225389057239093, 0.7100234138155338, 0.5286281567532483, 0.39149108198845317, 0.1460330527002981, 0.8552736406598616, 0.20504603218344392, 0.11632832882747116, 0.7325920352738482, 0.8839586175710712, 0.3111365356309514, 0.6352523490523636, 0.29394488622401704, 0.24843018914820955, 0.9808018357171896, 0.6916842536561779, 0.269888568896891, 0.575987810904055, 0.8001630133902095, 0.44313238009337574
0.999997860857385, 0.9999980861426282, 0.9999977717739227, 0.9999973537180744, 0.9999980187841869, 0.9999983027075824, 0.9999975896248687, 0.9999973546843604, 0.9999976241398896, 0.9999983050853053, 0.9999972131769899, 0.9999978885333787, 0.999998293831556, 0.9999964121737277, 0.9999990252919586, 0.9999964985035555, 0.9999981612772496, 0.999996120981652, 0.9999970371471952, 0.9999958799088408, 0.9999952940640023, 0.999990282081618, 0.9999995469836181, 0.9999998292273029, 0.9999813805536175, 0.9999984802368852, 0.9999536123733899, 0.9999937824129568, 0.999990837008159, 0.9999994603058576, 0.999915431601755, 0.9998620694662431, 0.9999421710210397, 0.9998862153909336, 0.999631421821379, 0.9998421560667745, 0.9998847419207736, 0.999411377896808, 0.9984839634693088, 0.9987016145588624, 0.9987339162073706, 0.9994363254149957, 0.9962964400737845, 0.9996499656681078, 0.9918375033436443, 0.9907435256432715, 0.9931887069173, 0.9877331782158847, 0.9820391640224446, 0.9877019574847253, 0.9751154992223418, 0.931448966830007, 0.8602347914576071, 0.9643856770377504, 0.8418724675993662, 0.9097672240562514, 0.8880522461078882, 0.8258925275015587, 0.9976543538393491, 0.9963297535565688, 0.7698247728381498, 0.7271364341802599, 0.05172612446306995, 0.7620889457575026, 0.14128488852793528, 0.4103003144947725, 0.5839564581254395, 0.7169337172585216, 0.6911755012671948, 0.8375545348641666, 0.7696313807724029, 0.9572771859429976, 0.306743557639971, 0.8187890251679419, 0.37795559333570883, 0.47985732816042964, 0.4722399103965053, 0.458708047515137, 0.23143689194603762, 0.9190185780153182, 0.074361966900465, 0.1942917884590091, 0.3382175517369114, 0.045274875107782137, 0.26248743130031, 0.11789676830183467, 0.8808230278700475, 0.03330349016237988, 0.2906183953380634, 0.9309931192592436, 0.08169540185997592, 0.19958816003178004, 0.5984550779770126, 0.3823430561093741, 0.450165065759076, 0.8238656809795204, 0.8416940276161536, 0.24194704832573002, 0.15289773343181878, 0.1966148889974118, 0.947941475753631
2.1391449269726726E-6, 1.9138596496904382E-6, 2.2282283521115488E-6, 2.646284229395114E-6, 1.9812181157539296E-6, 1.6972947119949099E-6, 2.4103774394980785E-6, 2.6453179563783593E-6, 2.3758624483738623E-6, 1.694916998090424E-6, 2.786825302982917E-6, 2.1114688885812804E-6, 1.7061707830060646E-6, 3.5878285796786676E-6, 9.747103403726123E-7, 3.5014987319006357E-6, 1.8387250749780698E-6, 3.879020640001388E-6, 2.9628551254227522E-6, 4.120093481584471E-6, 4.7059383054222E-6, 9.717920694132098E-6, 4.530186644794582E-7, 1.70775036740329E-7, 1.861944868918783E-5, 1.5197654243679267E-6, 4.6387628905313476E-5, 6.217589332771848E-6, 9.162994130917982E-6, 5.39696412692115E-7, 8.456840056485164E-5, 1.3793053606979535E-4, 5.78289812516601E-5, 1.1378461136484884E-4, 3.6857818090855934E-4, 1.5784393553991863E-4, 1.1525808154174365E-4, 5.886221054737314E-4, 0.0015160365329990276, 0.0012983854434573474, 0.0012660837949150091, 5.636745873147716E-4, 0.0037035599285223098, 3.500343341821997E-4, 0.008162496658645138, 0.009256474359014851, 0.006811293085004388, 0.012266821786383478, 0.017960835979770575, 0.012298042517597002, 0.024884500779990215, 0.06855103317230982, 0.13976520854470667, 0.035614322964542026, 0.1581275324029111, 0.09023277594614719, 0.11194775389444873, 0.17410747250066377, 0.0023456461629201867, 0.0036702464456925053, 0.23017522716416047, 0.27286356582206883, 0.9482738755391678, 0.2379110542446955, 0.8587151114740678, 0.5896996855074934, 0.41604354187670206, 0.28306628274374845, 0.30882449873495726, 0.16244546513765507, 0.23036861922960458, 0.042722814058982934, 0.6932564423617865, 0.1812109748341728, 0.6220444066664487, 0.5201426718416454, 0.5277600896056849, 0.5412919524864505, 0.7685631080554606, 0.08098142198649004, 0.92563803310157, 0.805708211542948, 0.6617824482651967, 0.954725124894174, 0.7375125687026651, 0.8821032317002047, 0.11917697213109643, 0.9666965098400497, 0.7093816046650913, 0.06900688074347536, 0.9183045981425976, 0.8004118399697733, 0.40154492202427144, 0.6176569438909586, 0.549834934240307, 0.17613431902087098, 0.15830597238574443, 0.7580529516758379, 0.8471022665707788, 0.8033851110041962, 0.052058524246534094
0.9999977466261388, 0.9999979193720964, 0.9999979063496671, 0.9999980216602682, 0.9999978428566559, 0.9999977855759158, 0.9999974866181268, 0.9999975871727824, 0.9999977230780033, 0.9999969519071014, 0.9999985706909726, 0.9999970569772026, 0.9999962062272034, 0.9999981652890516, 0.9999984845513843, 0.9999980428515401, 0.9999967559234071, 0.9999977776263779, 0.9999924703498588, 0.9999955966871595, 0.9999961877752467, 0.9999959238836812, 0.9999994235147948, 0.9999968651480511, 0.9999956687188073, 0.9999915660566934, 0.9999853469536881, 0.9999816011526139, 0.9999965562567843, 0.9999867825487246, 0.9999637635074083, 0.9999176302655172, 0.999933029635135, 0.9999287661190858, 0.9995985793370746, 0.9998420695270329, 0.9996634482019082, 0.9999665065989536, 0.9998285659226283, 0.999698800891066, 0.9996617029792146, 0.9979784165261536, 0.9999589625856201, 0.9988751608963876, 0.9932291743878925, 0.9962610118455002, 0.9965475198590064, 0.9926666181275214, 0.9931610573874069, 0.9772239200476858, 0.9995305490568626, 0.9771997335740389, 0.9968394615915838, 0.8827317969028765, 0.990549814386108, 0.9461791110270377, 0.6934203691139517, 0.8840136905059228, 0.3728832226122945, 0.6806078303651361, 0.7455207569828383, 0.4706893392321231, 0.31000279398278424, 0.019722422263631818, 0.49165422512470747, 0.8553115165078937, 0.9675157085055718, 0.4413927426203226, 0.9408329029431086, 0.962027820617255, 0.988893914359527, 0.4131679306907705, 0.3333448999685875, 0.03862305036371151, 0.2549637758826397, 0.29668857647274094, 0.7546914218483758, 0.5688420962311156, 0.06413236880576205, 0.9580980617570269, 0.08156416368428517, 0.22823502427113923, 0.5092936342565655, 0.31609008696703533, 0.2946572728037033, 0.18524823524676048, 0.44021027493994513, 0.14187002419799152, 0.8391057965041484, 0.9026042667263379, 0.8867525951333062, 0.63887542121249, 0.9392437815861454, 0.5289897145300252, 0.3711184211409565, 0.8625445246341581, 0.6828755257626902, 0.7002195512498334, 0.17904670062524786, 0.7232779212952262, 0.5581361941117893
2.2533761620094046E-6, 2.0806302339266633E-6, 2.0936526487604502E-6, 1.978342021937501E-6, 2.1571456660317857E-6, 2.214426383875131E-6, 2.513384172001662E-6, 2.412829530282434E-6, 2.276924289782345E-6, 3.048095184223175E-6, 1.4293113091602625E-6, 2.943025113093721E-6, 3.7937750892804176E-6, 1.8347132524529957E-6, 1.5154509124906474E-6, 1.957150756516127E-6, 3.2440789070087797E-6, 2.2223759280097633E-6, 7.529652432423176E-6, 4.403315156294203E-6, 3.812227054437938E-6, 4.076118594805807E-6, 5.764875165394525E-7, 3.134854235897655E-6, 4.331283529949804E-6, 8.43394558550097E-6, 1.4653048613563958E-5, 1.8398849648722397E-5, 3.4437455131541697E-6, 1.3217453574438532E-5, 3.623649488017276E-5, 8.236973677494269E-5, 6.697036716092439E-5, 7.123388322232147E-5, 4.0142066521669893E-4, 1.5793047529997763E-4, 3.365518003897866E-4, 3.349340337415863E-5, 1.7143407968384179E-4, 3.011991112137433E-4, 3.3829702307220906E-4, 0.002021583476168621, 4.103741665994574E-5, 0.0011248391059198127, 0.006770825614397438, 0.003738988156820342, 0.003452480143301854, 0.007333381874786344, 0.0068389426148919965, 0.022776079954631236, 4.694509454435337E-4, 0.022800266428244727, 0.0031605384107486036, 0.11726820309941119, 0.009450185616168484, 0.053820888975257844, 0.3065796308884198, 0.11598630949635771, 0.6271167773900685, 0.31939216963714095, 0.25447924301952385, 0.5293106607700963, 0.6899972060195466, 0.980277577738809, 0.5083457748774844, 0.14468848349443872, 0.03248429149652672, 0.5586072573819465, 0.05916709705919929, 0.0379721793848563, 0.011106085642541506, 0.586832069311229, 0.6666551000334426, 0.9613769496379697, 0.7450362241196076, 0.7033114235290768, 0.24530857815385326, 0.4311579037703905, 0.9358676311961456, 0.04190193824549637, 0.9184358363172801, 0.7717649757316211, 0.49070636574524235, 0.6839099130341544, 0.7053427271980648, 0.8147517647550014, 0.5597897250616474, 0.8581299758038834, 0.16089420349836478, 0.097395733276429, 0.11324740486830151, 0.36112457878871884, 0.06075621841474239, 0.4710102854707339, 0.628881578859791, 0.13745547537032246, 0.31712447423984297, 0.29978044875234533, 0.8209532993760329, 0.27672207870484744, 0.4418638058895646
0.9999976265926179, 0.9999977364426416, 0.9999980105111145, 0.9999977854063097, 0.9999974069862134, 0.9999979939383522, 0.9999972597551725, 0.9999979051463832, 0.999997902525979, 0.999997621663536, 0.9999978936436444, 0.999997651374313, 0.9999976522774688, 0.9999983158988336, 0.9999984137381425, 0.9999975159304801, 0.9999973528380073, 0.9999993842389567, 0.9999982641216862, 0.9999970092125462, 0.9999956758487291, 0.9999953358287921, 0.9999987965533355, 0.9999961811199051, 0.9999919754077705, 0.999995139567641, 0.9999827858554323, 0.9999751096844947, 0.999994147799654, 0.9999984006113399, 0.9999722846364165, 0.9999662105520567, 0.9999435893751997, 0.9999359399304545, 0.9998952557933748, 0.9999863926375008, 0.999858173607646, 0.9997765164909319, 0.9992764305862675, 0.9989012934776794, 0.9999854087173784, 0.9993775446095415, 0.9987230865041827, 0.9997985342555042, 0.9985245684340611, 0.9949949283820941, 0.9916351858320264, 0.9975895764561864, 0.9898153928911192, 0.9649569024726549, 0.9701012146629165, 0.9423412646477826, 0.9767077571254762, 0.9197288407135153, 0.9702006517575904, 0.7324158319816713, 0.9542248381923405, 0.9820162142732632, 0.5907353259382149, 0.11076823975802436, 0.6150544302166888, 0.37327164272999447, 0.660214447208993, 0.6708226558685664, 0.24037049358145002, 0.12131158646404476, 0.7665626104424382, 0.3100503405362646, 0.7980606661646233, 0.23216009846453173, 0.7498064138505751, 0.271423524107293, 0.923926273589446, 0.18820438059478095, 0.8052052090253753, 0.39321841014879017, 0.12350920058092216, 0.11605985902974612, 0.18502468886465456, 0.7451677657113881, 0.6425842298056088, 0.13737200207935582, 0.7497887011663763, 0.0037181035162450575, 0.4358688417823493, 0.1098366659628072, 0.15101796904940956, 0.15490638944892104, 0.39280021963939243, 0.0914186643023369, 0.14428265166653928, 0.7189992855892331, 0.07936893267762947, 0.3131924020066088, 0.6534232751336538, 0.4706070660246608, 0.09377362347927819, 0.2214697902680603, 0.07128803247062147, 0.25722730826591744, 0.7008414647378292
2.373409692200623E-6, 2.2635596627646914E-6, 1.9894911728882224E-6, 2.214595978723172E-6, 2.5930161178145326E-6, 2.006063948649411E-6, 2.7402471398021707E-6, 2.0948559400085227E-6, 2.0974763278252024E-6, 2.3783387793489275E-6, 2.1063586551679814E-6, 2.3486279570292586E-6, 2.3477248500497506E-6, 1.6841034762551475E-6, 1.5862641454043613E-6, 2.4840718354507025E-6, 2.6471642868931853E-6, 6.157633434327878E-7, 1.7358806160833584E-6, 2.9907897518818752E-6, 4.324153554531253E-6, 4.66417351841897E-6, 1.2034489680414866E-6, 3.81888237871233E-6, 8.024594522709346E-6, 4.860434666780395E-6, 1.7214146903846633E-5, 2.4890317774971824E-5, 5.852202656561409E-6, 1.5993909935441671E-6, 2.771536587144882E-5, 3.37894502609256E-5, 5.6410627106585644E-5, 6.40600718613969E-5, 1.0474420893919556E-4, 1.3607364823455666E-5, 1.4182639465754835E-4, 2.23483511363034E-4, 7.235694160304518E-4, 0.0010987065246203975, 1.4591284912616935E-5, 6.224553927913105E-4, 0.0012769134981467155, 2.014657468000011E-4, 0.00147543156824607, 0.005005071620197639, 0.008364814170301877, 0.0024104235461035904, 0.01018460711118033, 0.03504309752965618, 0.02989878533936143, 0.057658735354540525, 0.02329224287684653, 0.08027115928878942, 0.02979934824468786, 0.2675841680205513, 0.04577516180993034, 0.0179837857290232, 0.40926467406402434, 0.8892317602443678, 0.38494556978564, 0.6267283572722838, 0.3397855527931918, 0.3291773441336479, 0.7596295064207506, 0.8786884135381754, 0.23343738955968607, 0.6899496594659318, 0.20193933383735724, 0.7678399015371548, 0.25019358615160536, 0.7285764758947003, 0.07607372641276726, 0.8117956194070091, 0.19479479097659683, 0.6067815898533142, 0.8764907994207609, 0.8839401409723431, 0.8149753111370968, 0.2548322342906172, 0.35741577019730786, 0.8626279979220333, 0.25021129883526855, 0.9962818964860725, 0.5641311582207494, 0.8901633340394313, 0.848982030952897, 0.8450936105527037, 0.6071997803639873, 0.9085813357003958, 0.855717348334627, 0.28100071441361946, 0.9206310673225456, 0.6868075979941636, 0.34657672486898605, 0.5293929339782517, 0.906226376521313, 0.7785302097328941, 0.9287119675304436, 0.7427726917340387, 0.29915853526326147
0.9999978130054852, 0.9999976754268656, 0.9999976942827515, 0.9999978608086221, 0.9999977626005582, 0.9999983208615384, 0.999998171607044, 0.999997752037033, 0.9999974180245954, 0.999998040364868, 0.9999986275569388, 0.9999975810720269, 0.9999975939413076, 0.9999978499406277, 0.999997688940707, 0.9999948024714204, 0.9999972078503863, 0.9999972527639569, 0.9999954911309213, 0.9999919009611153, 0.9999970393520387, 0.9999994128089008, 0.9999938929745771, 0.9999976645075478, 0.9999819486000678, 0.9999903056610591, 0.999994780866817, 0.9999463446181521, 0.9999991620772771, 0.9999765691275154, 0.9999466031452978, 0.9999899018930053, 0.9998704120627705, 0.9999882652744888, 0.9999735748454665, 0.9999595710467898, 0.9993450936263565, 0.9998777818151251, 0.9993813683717007, 0.9999401866692681, 0.9955068630083758, 0.9958092918694977, 0.9996490515780087, 0.9978261820379603, 0.9990164512831412, 0.9963026888517829, 0.9910567306094387, 0.9773683435526561, 0.9804125146066489, 0.9538544037159339, 0.9930927596652908, 0.9419987604219315, 0.9823877594252788, 0.9820231787969321, 0.7797842954516049, 0.9577047537090934, 0.7615124050683978, 0.953597182858755, 0.6199583091485271, 0.9915016582255994, 0.5576994454422116, 0.21889156109789232, 0.8573327698477697, 0.8356121135876192, 0.3041768388280706, 0.9286272728963454, 0.4109415565901685, 0.2628574714319703, 0.8642942136455373, 0.4306427025754624, 0.8766713150308508, 0.9998942319324344, 0.23226046562386268, 0.18771844429666087, 0.6960156316521233, 0.01876626180473809, 0.435435212728273, 0.41560451045334146, 0.2015602649447106, 0.4773109025215783, 0.667124887183647, 0.5959652489040828, 0.6674362801317665, 0.6442776737638315, 0.13696107579872907, 0.6095730237335856, 0.31080504371356044, 0.3333904552503018, 0.08660098627154217, 0.24017572339846657, 0.6220041570819363, 0.8290945454035632, 0.7066485108913263, 0.6254094394701399, 0.5572120549335797, 0.8964430507406761, 0.2619628255606271, 0.8678184338102525, 0.3623310678604636, 0.4496210803990539, 0.9079234223427366
2.186996801771874E-6, 2.324575415034844E-6, 2.3057195573667343E-6, 2.1391936728190263E-6, 2.23740174637219E-6, 1.6791407717065736E-6, 1.8283952692235867E-6, 2.2479652685933907E-6, 2.581977726805296E-6, 1.959637436287748E-6, 1.372445369364359E-6, 2.418930258359386E-6, 2.4060609818905975E-6, 2.150061670206928E-6, 2.3110615683610983E-6, 5.197530848796691E-6, 2.7921518952349066E-6, 2.7472383421292074E-6, 4.508871367768129E-6, 8.099041195915274E-6, 2.9606502405327988E-6, 5.871934008414406E-7, 6.1070277407006466E-6, 2.3354947566279406E-6, 1.805140222972854E-5, 9.694341251423521E-6, 5.219135493951265E-6, 5.365538415046707E-5, 8.379250301204942E-7, 2.3430874776487444E-5, 5.339685701774205E-5, 1.009810928615163E-5, 1.295879394915862E-4, 1.173472780427298E-5, 2.642515684467741E-5, 4.042895552240797E-5, 6.549063759271452E-4, 1.2221818717278682E-4, 6.18631630585132E-4, 5.98133330298398E-5, 0.00449313699391081, 0.0041907081328117525, 3.5094842427690394E-4, 0.002173817964315155, 9.835487191622561E-4, 0.003697311150509564, 0.008943269392848435, 0.022631656449632737, 0.019587485395664288, 0.046145596286377974, 0.006907240337017591, 0.05800123958037017, 0.017612240577023715, 0.01797682120537496, 0.22021570455063574, 0.042295246293168595, 0.23848759493389626, 0.04640281714355141, 0.3800416908537355, 0.008498341776661535, 0.44230055456007983, 0.7811084389043652, 0.142667230154527, 0.1643878864146128, 0.6958231611740682, 0.07137272710589802, 0.5890584434121007, 0.7371425285701091, 0.13570578635665195, 0.5693572974268073, 0.12332868497127342, 1.0576806965824051E-4, 0.767739534377886, 0.8122815557054484, 0.3039843683500078, 0.9812337381968311, 0.5645647872738737, 0.5843954895502482, 0.7984397350572727, 0.5226890974803258, 0.3328751128189123, 0.4040347510979039, 0.3325637198702568, 0.35572232623864125, 0.8630389242042019, 0.3904269762674306, 0.6891949562894122, 0.6666095447511788, 0.9133990137298011, 0.7598242766023515, 0.3779958429194436, 0.1709054545969255, 0.2933514891108364, 0.3745905605322451, 0.442787945068131, 0.10355694926045339, 0.7380371744419217, 0.13218156619045554, 0.6376689321395814, 0.5503789196027934, 0.09207657765831019
0.9999977462103914, 0.9999978237989178, 0.9999977984489508, 0.9999974948561139, 0.9999979368556732, 0.9999976606645958, 0.9999980012255469, 0.9999980385404772, 0.9999979612885801, 0.9999973039405088, 0.9999976295057452, 0.9999981726313301, 0.9999983886851395, 0.9999981851108861, 0.99999781485316, 0.999996914523882, 0.9999959790182041, 0.9999975865526453, 0.9999936211365437, 0.9999965378945109, 0.9999967743234036, 0.9999903912942149, 0.9999991629388064, 0.999996829391797, 0.9999781742626959, 0.999998990021882, 0.9999882049410679, 0.9999723555759619, 0.9999867470861705, 0.9999280980131839, 0.9999974293353036, 0.9998610436528305, 0.9999666355728346, 0.9999945673059856, 0.9999026262964588, 0.9999597284860858, 0.9996732565226951, 0.9993868929044295, 0.9995349891373979, 0.9991714697122972, 0.9988454210057729, 0.9977667091928604, 0.9997817866527637, 0.9974964167538857, 0.9983882670303577, 0.9991441786420694, 0.9996450398480522, 0.9752322793606554, 0.9720617817407904, 0.9917942086111778, 0.9465088146159671, 0.9883439376241075, 0.9838095372359307, 0.8238263591603597, 0.9456079317709742, 0.9732007609638607, 0.7864878948537508, 0.8631470740746782, 0.5059805294025541, 0.30769786202053956, 0.9365666811940353, 0.17672514780820042, 0.44280282403642307, 0.5467705213164825, 0.21048914810228356, 0.23982619036757893, 0.18558604023338454, 0.7006794354147818, 0.2938904675228047, 0.5849595420598441, 0.0670399224220583, 0.27262098882711144, 0.37042677723131406, 0.27577573147711126, 0.6796494083766197, 0.2560330851700562, 0.7648051146841651, 0.12188577870241107, 0.8982730734703426, 0.2609054427443987, 0.8104206670901899, 0.17827304394799232, 0.8329608718842141, 0.7294032711008486, 0.4185169558998338, 0.8775017270868485, 0.02729673187640345, 0.9992951761403899, 0.8223706318092564, 0.634903207257266, 0.6485394274203246, 0.7267259484435904, 0.059595492176112805, 0.33499204670355365, 0.6263650922021222, 0.607722772576886, 0.4842212109851133, 0.24125091524940614, 0.5981309810845823, 0.6815774286857361, 0.992853321842863
2.2537919439489556E-6, 2.176203364772876E-6, 2.2015533677507403E-6, 2.505146178623555E-6, 2.063146615877157E-6, 2.339337691529292E-6, 1.9987767428197034E-6, 1.9614618245991977E-6, 2.038713680996393E-6, 2.6960617846669027E-6, 2.3704965657503866E-6, 1.8273709665343941E-6, 1.611317149595136E-6, 1.814891433415349E-6, 2.1851491542856465E-6, 3.085478387281732E-6, 4.02098408854209E-6, 2.4134496675427367E-6, 6.378865775526122E-6, 3.462107766324539E-6, 3.225678930642181E-6, 9.608708115586657E-6, 8.370635070299506E-7, 3.1706104985349093E-6, 2.1825739612651724E-5, 1.0099804033099978E-6, 1.1795061186374907E-5, 2.7644426385180996E-5, 1.3252916130383927E-5, 7.190198910623939E-5, 2.5706670094559433E-6, 1.38956349485342E-4, 3.336442946803621E-5, 5.432696310012396E-6, 9.737370583762762E-5, 4.0271516207355386E-5, 3.2674347961677707E-4, 6.131070978462379E-4, 4.6501086487029774E-4, 8.28530290026066E-4, 0.0011545789965124117, 0.0022332908094254487, 2.182133495353251E-4, 0.00250358324838882, 0.0016117329719289033, 8.558213602221977E-4, 3.549601542469204E-4, 0.024767720641581396, 0.02793821826143743, 0.008205791391108209, 0.05349118538632771, 0.011656062378185467, 0.01619046276638221, 0.17617364084192572, 0.05439206823133513, 0.026799239038416914, 0.2135121051485117, 0.1368529259276991, 0.49401947059977086, 0.692302137981675, 0.06343331880819762, 0.823274852193983, 0.5571971759657982, 0.45322947868581326, 0.7895108518999858, 0.7601738096344705, 0.8144139597687696, 0.29932056458744644, 0.7061095324792571, 0.41504045794233135, 0.9329600775799441, 0.727379011175148, 0.6295732227705643, 0.7242242685251234, 0.3203505916254097, 0.7439669148320053, 0.23519488531766863, 0.878114221299371, 0.10172692653225923, 0.739094557257602, 0.18957933291156076, 0.8217269560544354, 0.16703912811729027, 0.27059672890071795, 0.5814830441030288, 0.12249827291475336, 0.9727032681262265, 7.048238631104641E-4, 0.17762936819270533, 0.3650967927453733, 0.351460572580708, 0.2732740515581501, 0.9404045078255235, 0.6650079532980416, 0.373634907798644, 0.3922772274240294, 0.5157787890147256, 0.7587490847500322, 0.40186901891524074, 0.31842257131859025, 0.007146678158564787
0.9999977696029241, 0.9999978614974809, 0.9999979654595362, 0.9999978406344423, 0.9999978364325, 0.9999975625048592, 0.9999981257029387, 0.9999979400612172, 0.9999977146246047, 0.9999977258029944, 0.9999972455177275, 0.9999977816554267, 0.9999980727643399, 0.9999987764899233, 0.9999978593434462, 0.9999962450745762, 0.9999969170030345, 0.9999925220353388, 0.9999994505427097, 0.9999981886698893, 0.9999988207536196, 0.999999420890715, 0.9999943350070793, 0.9999941913288887, 0.9999913273083166, 0.9999973063961584, 0.9999909522068732, 0.9999842107190772, 0.9999761212339517, 0.9999835941518477, 0.9999851567060386, 0.9999707204592446, 0.9998147278450448, 0.9997111672931838, 0.999418098617164, 0.9998976236021682, 0.9998714216214799, 0.9996864292706074, 0.9995088598048417, 0.9985061024101604, 0.9996833011634798, 0.9986002169854984, 0.9975088424307805, 0.9995335843763206, 0.9997931068608814, 0.9816485110814462, 0.9958006078041776, 0.9652833452727503, 0.9641684907537145, 0.994226507757504, 0.996430234557673, 0.9285006012226589, 0.9761088843616039, 0.9809686838427302, 0.9880598941258762, 0.8341606587971448, 0.9910558726743948, 0.7662070147110583, 0.7537162839029723, 0.8755536027978108, 0.7310521801311217, 0.9905631810475399, 0.5965553913484785, 0.6572708312486504, 0.29191502345610487, 0.7650513095593942, 0.34883976914076065, 0.15261192841870855, 0.9632272708661078, 0.4485306831184377, 0.16989244410251336, 0.27456686596670243, 0.6687618101814284, 0.05287101747008109, 0.7711532254069933, 0.21951438705536924, 0.007083141012504687, 0.7278188597996054, 0.33126855222757096, 0.7177007219315957, 0.6175483968960035, 0.9311571560492993, 0.5013087827553049, 0.4967891940994572, 0.7992990929684595, 0.4625345774032703, 0.9427562954244949, 0.7016254477367045, 0.40818987275328633, 0.14386033021678998, 0.645640829885669, 0.2699122193499474, 0.5638817779563673, 0.9791835283702814, 0.9783558430221736, 0.010127182582095428, 0.05491293847033216, 0.2539986803921716, 0.6450729812723299, 0.3398144004944165, 0.495657313432848
2.2303993853650217E-6, 2.138504825943766E-6, 2.0345427415701935E-6, 2.1593678780488537E-6, 2.163569799689666E-6, 2.43749744375903E-6, 1.874299357187773E-6, 2.0599410617499593E-6, 2.2853777169566037E-6, 2.2741992794068187E-6, 2.7544845661179394E-6, 2.2183469078801663E-6, 1.927237970750479E-6, 1.223512395808557E-6, 2.1406588267072908E-6, 3.7549277342832583E-6, 3.082999253374442E-6, 7.47796694729309E-6, 5.494595912863701E-7, 1.8113324130133832E-6, 1.179248699011571E-6, 5.791115847384175E-7, 5.664995239658832E-6, 5.808673416858327E-6, 8.672693972125753E-6, 2.6936061201609766E-6, 9.047795408084444E-6, 1.5789283217876683E-5, 2.387876834631286E-5, 1.640585043513343E-5, 1.4843296260339694E-5, 2.9279543058789444E-5, 1.852721572402798E-4, 2.88832709136804E-4, 5.819013851494963E-4, 1.023764001546323E-4, 1.285783808180017E-4, 3.135707316925907E-4, 4.911401974136831E-4, 0.0014938975921406493, 3.1669883882790424E-4, 0.0013997830167894842, 0.0024911575715299956, 4.664156259979229E-4, 2.0689314142226698E-4, 0.01835148892082607, 0.004199392198072182, 0.034716654729577155, 0.035831509248541726, 0.0057734922448177805, 0.0035697654446136136, 0.07149939877963664, 0.023891115640719003, 0.019031316159518367, 0.011940105876335656, 0.1658393412051329, 0.00894412732801064, 0.23379298529121426, 0.24628371609938612, 0.12444639720443547, 0.2689478198712092, 0.00943681895488568, 0.40344460865370674, 0.3427291687535426, 0.7080849765461368, 0.2349486904429485, 0.651160230861539, 0.8473880715836212, 0.036772729136124, 0.5514693168836746, 0.8301075558996349, 0.7254331340352893, 0.3312381898208802, 0.94712898253198, 0.22884677459515643, 0.780485612946241, 0.9929168589893292, 0.27218114020223205, 0.6687314477751264, 0.282299278070386, 0.3824516031054927, 0.06884284395251072, 0.49869121724756094, 0.5032108059031714, 0.20070090703448387, 0.5374654225997417, 0.05724370457705645, 0.2983745522639877, 0.5918101272485687, 0.8561396697854255, 0.35435917011621, 0.730087780649535, 0.4361182220454147, 0.020816471632274285, 0.021644156979888276, 0.9898728174201308, 0.945087061529847, 0.74600131960789, 0.35492701872883303, 0.6601855995056851, 0.5043426865685806
0.99999787380127, 0.999997916530834, 0.999997945837161, 0.999997625146758, 0.9999976648415789, 0.9999978019723571, 0.9999973067210263, 0.9999980945967044, 0.9999969158703098, 0.9999978326213503, 0.9999977624534832, 0.9999980029468993, 0.9999972329382334, 0.9999980830211693, 0.9999975959842141, 0.9999969982974833, 0.9999974336107407, 0.9999962511302007, 0.9999982529680349, 0.9999957483284941, 0.999996965756565, 0.999996071048042, 0.999998060653417, 0.9999994640059572, 0.9999946240171299, 0.9999990913402717, 0.9999967933377317, 0.9999958238807628, 0.9999981024928001, 0.9999063904916882, 0.9999865583769971, 0.9999677915069679, 0.9999477106458216, 0.9998615777268497, 0.9999924934606865, 0.9998849165681186, 0.9996816900496948, 0.9996540036352074, 0.9999443827536224, 0.999258982090512, 0.9987696703251022, 0.9976519560489889, 0.9992769575546123, 0.9996005861923558, 0.9991618752122282, 0.9917886468946608, 0.9978837809439771, 0.9961558534608145, 0.949418433131007, 0.9540338128172912, 0.9990580211592002, 0.9840173397081042, 0.9717161623422885, 0.9988757741808062, 0.9913426157204314, 0.7203335152184375, 0.9636235760410935, 0.7800263716312876, 0.7412743449010245, 0.7332007397887285, 0.5091141121231314, 0.7749100311980519, 0.20816894692832197, 0.15924367438255627, 0.13778839832046227, 0.46586931602620646, 0.835715347595913, 0.9144048517525258, 0.39096942951496916, 0.18229753474647103, 0.8646035768835723, 0.4201709405751468, 0.614946331293139, 0.1345438640921185, 0.7658129729602812, 0.35569840536690744, 0.19950790915868122, 0.5313560302223468, 0.21258620467928313, 0.9828471370745534, 0.20358412853911834, 0.9170338177650345, 0.45938020265677515, 0.3453642487252395, 0.47305922850503446, 0.3368275445120043, 0.006249958976322994, 0.9918315290141652, 0.404447451872068, 0.5630523089313085, 0.620219314834453, 0.29407948134420625, 0.5164307979766073, 0.32591229570848246, 0.6780517336635682, 0.650328712806263, 0.9088266170766165, 0.905251647131539, 0.8199408401112147, 0.4153683567727569, 0.18430478926316962
2.1262010734792174E-6, 2.0834714780808414E-6, 2.0541651251394396E-6, 2.374855552291005E-6, 2.3351607231132128E-6, 2.198029955533846E-6, 2.693281298552441E-6, 1.9054055916496288E-6, 3.0841319965101703E-6, 2.167380959288458E-6, 2.2375488199853694E-6, 1.997055414369876E-6, 2.7670640541582075E-6, 1.916981131754318E-6, 2.404018059885331E-6, 3.001704855850595E-6, 2.5663915656012806E-6, 3.7488720955430704E-6, 1.747034254317334E-6, 4.251673778619761E-6, 3.0342457739989987E-6, 3.9289542450528565E-6, 1.939348866977331E-6, 5.359963417547692E-7, 5.375985155752158E-6, 9.08662053004084E-7, 3.206664566787152E-6, 4.176121533595908E-6, 1.8975095074629216E-6, 9.36095106246861E-5, 1.3441625308269119E-5, 3.2208495337955746E-5, 5.2289356465270706E-5, 1.3842227544288448E-4, 7.506541634510258E-6, 1.150834341922144E-4, 3.183099526205743E-4, 3.4599636710122203E-4, 5.561724868285677E-5, 7.410179118265801E-4, 0.001230329677198859, 0.0023480439533438177, 7.230424476814031E-4, 3.994138099792544E-4, 8.381247900688033E-4, 0.008211353107620785, 0.002116219058310594, 0.0038441465414815975, 0.05058156687127444, 0.045966187184924893, 9.41978843088199E-4, 0.015982660294201548, 0.028283837660007628, 0.0011242258215238582, 0.008657384281926899, 0.2796664847838501, 0.03637642396122365, 0.21997362837093548, 0.25872565510128326, 0.2667992602135201, 0.49088588787907583, 0.22508996880426466, 0.7918310530740325, 0.8407563256196874, 0.8622116016817117, 0.5341306839759341, 0.1642846524063794, 0.0855951482495868, 0.6090305704872093, 0.8177024652557341, 0.1353964231185015, 0.579829059427039, 0.38505366870888025, 0.8654561359099827, 0.23418702704185373, 0.6443015946348261, 0.8004920908429864, 0.468643969781326, 0.7874137953223072, 0.017152862927396158, 0.796415871462685, 0.08296618223841035, 0.5406197973463149, 0.6546357512769478, 0.5269407714968171, 0.663172455489665, 0.9937500410253411, 0.00816847098832941, 0.5955525481307353, 0.4369476910700734, 0.3797806851662796, 0.7059205186574931, 0.48356920202717696, 0.6740877042932726, 0.32194826633851864, 0.3496712871951286, 0.0911733829250284, 0.09474835286833891, 0.18005915988851148, 0.584631643229546, 0.8156952107405124
0.9999978117839237, 0.9999979010131916, 0.9999979751341643, 0.9999980021804219, 0.9999978936183094, 0.9999978899392313, 0.9999978564493508, 0.9999977398802539, 0.9999973903504301, 0.9999976506503345, 0.9999972052464408, 0.9999985329926447, 0.9999973839130357, 0.999997183964802, 0.9999982426126963, 0.9999962692170115, 0.9999958197525837, 0.9999977977618113, 0.9999945809126246, 0.999999716315794, 0.9999988136379978, 0.9999937535948249, 0.9999994984247851, 0.9999932447873287, 0.9999973693218843, 0.9999945279712285, 0.9999872514020353, 0.9999887535050849, 0.9999410948960907, 0.9999628358251447, 0.9999953962569472, 0.9999860365379704, 0.9999687240162545, 0.9999445327791511, 0.9998703592331933, 0.9999477501586815, 0.9999383548588919, 0.9995517869717045, 0.9999208810469136, 0.9976397876308237, 0.9982559750022905, 0.9979597558089408, 0.9988559218698709, 0.9999889207960608, 0.9997321122916958, 0.9874475363287176, 0.9996394846290163, 0.9942490145447371, 0.9926539238942207, 0.9915508203552105, 0.9948217007271792, 0.9793017286523849, 0.9030582860350295, 0.9158243890492813, 0.946519742052487, 0.8952222671351678, 0.9960491082835771, 0.6445054300230517, 0.9828271281673772, 0.3090424208725885, 0.47446714867072814, 0.6208158554288107, 0.9092970887507998, 0.7530892198650055, 0.05190612594077126, 0.053172772116254444, 0.16414250217287085, 0.09840915711849187, 0.9737367366593215, 0.5705402364000839, 0.621488753093877, 0.5346133302917153, 0.34063122623684994, 0.09550717574670685, 0.24964823234642028, 0.4666969969718921, 0.37418182899068847, 0.9986324377419042, 0.7505422690470801, 0.6247773117366785, 0.9965917442238844, 0.3518109887029794, 0.7797527517903823, 0.4463884517501206, 0.24430769768324964, 0.041839989769031194, 0.7599287556508225, 0.01152721456511681, 0.9813811789296102, 0.06782198641614257, 0.6594938119171844, 0.6479209623200318, 0.0950492443264343, 0.6481999818381783, 0.07183697472098123, 0.08567126584611896, 0.8167301853170336, 0.46998310400372684, 0.19023660140321702, 0.6391578226100402, 0.8492015609519137
2.188218365218642E-6, 2.098989098857734E-6, 2.024868145743839E-6, 1.997821884391737E-6, 2.106383996885005E-6, 2.11006305259811E-6, 2.1435529375893443E-6, 2.26012205323551E-6, 2.6096518926773864E-6, 2.3493519691787143E-6, 2.794755871545375E-6, 1.4670096857697774E-6, 2.616089255636106E-6, 2.816037526727761E-6, 1.7573895733684264E-6, 3.730785296664063E-6, 4.180249747007546E-6, 2.2022404903982884E-6, 5.4190896895181806E-6, 2.8368648402686203E-7, 1.186364256447789E-6, 6.2464074813474186E-6, 5.015775338815283E-7, 6.75521496297726E-6, 2.630680409252499E-6, 5.47203108304331E-6, 1.27486002510426E-5, 1.1246497188324603E-5, 5.890510622483157E-5, 3.7164177139563114E-5, 4.603745338037889E-6, 1.3963464343531363E-5, 3.1275986031101625E-5, 5.5467223144337415E-5, 1.2964076912145488E-4, 5.224984361292801E-5, 6.164514342583227E-5, 4.4821303057713136E-4, 7.911895539744186E-5, 0.002360212371503492, 0.001744025000012893, 0.0020402441933393047, 0.0011440781324340368, 1.1079206228893356E-5, 2.678877106276507E-4, 0.01255246367356385, 3.6051537328635094E-4, 0.005750985457572868, 0.007346076108085529, 0.00844917964701591, 0.005178299275109319, 0.020698271349908585, 0.09694171396725958, 0.084175610953036, 0.053480257949803746, 0.1047777328671634, 0.003950891718666558, 0.3554945699792561, 0.01717287183493889, 0.6909575791297123, 0.5255328513314517, 0.379184144573539, 0.09070291125141557, 0.2469107801370725, 0.9480938740614704, 0.9468272278859857, 0.8358574978293039, 0.9015908428836862, 0.026263263342576143, 0.4294597636020295, 0.37851124690831256, 0.4653866697099647, 0.6593687737650019, 0.9044928242553285, 0.7503517676554551, 0.5333030030301743, 0.6258181710115464, 0.0013675622596852578, 0.24945773095456172, 0.3752226882658053, 0.003408255777643976, 0.6481890112990427, 0.2202472482112555, 0.5536115482514702, 0.7556923023178428, 0.9581600102339147, 0.24007124435134447, 0.98847278543751, 0.018618821072219526, 0.9321780135855064, 0.34050618808461314, 0.35207903768264687, 0.9049507556752593, 0.3518000181644407, 0.9281630252812264, 0.9143287341551568, 0.18326981468356818, 0.5300168959963258, 0.8097633985973136, 0.3608421773900623, 0.15079843905013277
0.9999978912149367, 0.999997754563852, 0.9999976671972473, 0.999997869129164, 0.9999976612783106, 0.9999977718889008, 0.999997815233522, 0.9999982887715017, 0.9999980093582205, 0.9999973654597151, 0.9999977059003051, 0.9999985011406298, 0.9999974410447999, 0.9999975990990209, 0.9999981795202639, 0.9999956473633747, 0.9999945735184519, 0.9999980165058412, 0.9999971921054829, 0.9999993686975482, 0.9999976582071776, 0.9999918820573649, 0.9999940304050859, 0.9999964806209, 0.9999936110833036, 0.9999965893534435, 0.9999972464470399, 0.9999934913288585, 0.9999790006342777, 0.9998577855708278, 0.9998876028405882, 0.9999903683815582, 0.9997604230159073, 0.9999237074271319, 0.999898892135731, 0.9997083672064314, 0.9989688247629405, 0.9995365788864501, 0.999553426417207, 0.9999909694941315, 0.9956215430447921, 0.9975372168305725, 0.9971638671057529, 0.9982387307569258, 0.9989746395460967, 0.9903223215582525, 0.9906426972417219, 0.9930009088480947, 0.9868792149614095, 0.9921928725631907, 0.9488483775366858, 0.9704555469471188, 0.9386580058247421, 0.9890742554961581, 0.9831398759886291, 0.9523863292105619, 0.9179902624088111, 0.8361506229223015, 0.5308649023091396, 0.6609624855846129, 0.3404736016017513, 0.8261633495796804, 0.8518240238736672, 0.27817821503793316, 0.750851815269272, 0.31942693606654216, 0.7291011524699952, 0.43144088113651935, 0.9955146551678808, 0.28487788438439016, 0.6423874560554022, 0.887410465662996, 0.9011764898759471, 0.9897348833161771, 0.7748401778198245, 0.4826878599289982, 0.5823461760231501, 0.7205633912509108, 0.23584604797732991, 0.24708596437077515, 0.966796445868112, 0.6606932224289789, 0.4729229325926648, 0.4263037051190901, 0.8312835137997887, 0.9693800490755996, 0.3260525050810955, 0.8631969438605703, 0.24127055497186567, 0.16231621905170565, 0.33473103360934864, 0.44364076824166276, 0.12205981851652661, 0.4734833817067801, 0.8402611997814552, 0.525704600413835, 0.5423992942771602, 0.05248674536004181, 0.17264560795771242, 0.8207459227855773, 0.9117972918229714
2.108787348626284E-6, 2.245438439131429E-6, 2.3328050592040318E-6, 2.1308731227521885E-6, 2.3387239815807883E-6, 2.228113408598251E-6, 2.184768767879235E-6, 1.7112308089622425E-6, 1.9906440913768268E-6, 2.634542595827058E-6, 2.294102003149338E-6, 1.498861661004208E-6, 2.5589575147490027E-6, 2.400903290386967E-6, 1.8204820118866589E-6, 4.352638937828561E-6, 5.426483850035238E-6, 1.9834964456441125E-6, 2.807896801167434E-6, 6.313047661729946E-7, 2.3417951319116455E-6, 8.117944965409846E-6, 5.969597226684427E-6, 3.519381384534801E-6, 6.388919005688832E-6, 3.410648894821828E-6, 2.753555250187445E-6, 6.5086734553994895E-6, 2.0999368009533617E-5, 1.4221443145735543E-4, 1.1239716172184487E-4, 9.631620743322458E-6, 2.395769863705186E-4, 7.629257516187809E-5, 1.01107866557985E-4, 2.9163279587227043E-4, 0.0010311752393588579, 4.6342111584289267E-4, 4.4657358510058015E-4, 9.030508164569551E-6, 0.0043784569574893024, 0.002462783171746917, 0.0028361328965760594, 0.0017612692453895186, 0.0010253604561868538, 0.009677678444054707, 0.009357302760601397, 0.006999091154206152, 0.013120785040895077, 0.007807127439105944, 0.05115162246558286, 0.02954445305518433, 0.06134199417756138, 0.0109257445061262, 0.0168601240137426, 0.04761367079179301, 0.08200973759351426, 0.16384937708002423, 0.4691350976931618, 0.3390375144177761, 0.6595263984005447, 0.17383665042252977, 0.148175976128797, 0.721821784964323, 0.24914818473309658, 0.6805730639356699, 0.27089884753235877, 0.5685591188657747, 0.004485344834295406, 0.7151221156177852, 0.3576125439467051, 0.11258953433915529, 0.09882351012579291, 0.010265116685906853, 0.22515982218213143, 0.5173121400734167, 0.41765382397877643, 0.27943660875113224, 0.7641539520246002, 0.752914035631414, 0.03320355413391001, 0.3393067775727902, 0.5270770674099214, 0.5736962948829205, 0.16871648620236113, 0.03061995092563675, 0.6739474949216818, 0.13680305614128896, 0.7587294450291839, 0.8376837809499527, 0.665268966390129, 0.556359231760428, 0.8779401814861336, 0.5265166182937703, 0.15973880021948825, 0.47429539958600647, 0.4576007057249453, 0.9475132546412195, 0.8273543920430474, 0.17925407721551942, 0.08820270817783411
0.9999979623438554, 0.9999979747902428, 0.999997751845624, 0.9999980169067537, 0.9999978662516054, 0.9999976633702018, 0.9999982362300264, 0.9999981895797837, 0.9999981140703784, 0.9999968594022014, 0.9999973518981411, 0.9999968009908802, 0.9999981424256063, 0.9999981211758964, 0.9999965176873451, 0.9999977901387874, 0.9999976794458534, 0.9999972219898702, 0.9999953519576537, 0.9999952360737673, 0.9999938973012233, 0.9999987090978876, 0.9999980053238497, 0.9999891427871517, 0.9999846653169139, 0.9999943668651426, 0.999999632428748, 0.9999910704429851, 0.9999963016606256, 0.9999191963786191, 0.9999503253782206, 0.9999950892529775, 0.9999973846317467, 0.999947052423736, 0.9999069491157799, 0.9997513311076877, 0.9999866345302871, 0.9996767056622735, 0.9999532093585366, 0.9995477109521701, 0.9976820032297883, 0.9997634300346956, 0.9992639569710049, 0.9995704763454888, 0.998473126185843, 0.9979508538610689, 0.9963160481532412, 0.9914972893951197, 0.9998362548544778, 0.9951015966308887, 0.9594886555613641, 0.9691211833703339, 0.9910671578254882, 0.9471022987686994, 0.9643129429776414, 0.9707113101112316, 0.9362565158708042, 0.8136995731332567, 0.4036893108851966, 0.6938706718282869, 0.828799990234537, 0.6562372292364591, 0.24295609615736302, 0.1271241622091476, 0.9306583802926621, 0.2870677924829176, 0.5860370932274994, 0.35331511868626797, 0.879609599733015, 0.40967359386924035, 0.012215690775031924, 0.7648273418541477, 0.23624465178465462, 0.4788846725865951, 0.0299283167039798, 0.46266871816679817, 0.04800577617775156, 0.08485799684608578, 0.0206122825781908, 0.23144176871411856, 0.5395138229702157, 0.6100066757882295, 0.5261626788796724, 0.8377049185551859, 0.14302573356911874, 0.24932297589953095, 0.3265379410279791, 0.9922931145062804, 0.8299221827121531, 0.559611785013737, 0.6513034610543138, 0.7867443792556482, 0.922789203422271, 0.5103401027311879, 0.0667746057093247, 0.7527539285318091, 0.2700035960275085, 0.5681289923158455, 0.02486437063197251, 0.5304899596212149, 0.7018557657757337
2.037658428054885E-6, 2.025212071828469E-6, 2.248156687222337E-6, 1.983095524703491E-6, 2.1337506993310605E-6, 2.3366321295472716E-6, 1.763772289235309E-6, 1.810422513978697E-6, 1.8859319166861492E-6, 3.140600087026899E-6, 2.6481041604014745E-6, 3.199011433729605E-6, 1.8575767137519346E-6, 1.8788264274297927E-6, 3.4823149463355393E-6, 2.2098635111233217E-6, 2.3205564518827574E-6, 2.778012412013666E-6, 4.6480446241717735E-6, 4.763928526008118E-6, 6.102701057474284E-6, 1.2909044292488764E-6, 1.9946784589029004E-6, 1.0857215146395797E-5, 1.5334685425385967E-5, 5.633137145564167E-6, 3.675735505738957E-7, 8.929559346079166E-6, 3.6983416467457417E-6, 8.080362368775122E-5, 4.967462408978514E-5, 4.910749334647391E-6, 2.615370539713712E-6, 5.294757858382738E-5, 9.305088653769818E-5, 2.486688946485488E-4, 1.3365472033945812E-5, 3.2329434003851765E-4, 4.679064374899792E-5, 4.522890501386197E-4, 0.0023179967725285196, 2.3656996759723937E-4, 7.360430313144895E-4, 4.2952365682114816E-4, 0.0015268738164548545, 0.002049146141229222, 0.003683951848976631, 0.008502710607176538, 1.6374514780406356E-4, 0.004898403371308471, 0.040511344440940435, 0.030878816631962368, 0.008932842176798749, 0.05289770123362867, 0.035687057024641665, 0.02928868989104265, 0.06374348413151174, 0.18630042686912612, 0.5963106891170113, 0.30612932817398536, 0.17120000976770988, 0.3437627707658955, 0.7570439038448662, 0.8728758377930231, 0.06934161970954042, 0.7129322075192933, 0.41396290677481434, 0.6466848813155478, 0.12039040026909731, 0.5903264061329324, 0.9877843092271503, 0.23517265814764055, 0.7637553482188655, 0.5211153274156138, 0.9700716832981015, 0.5373312818348577, 0.9519942238244632, 0.9151420031556242, 0.9793877174236251, 0.7685582312871927, 0.46048617703241146, 0.38999332421452754, 0.4738373211223217, 0.16229508144729696, 0.8569742664340319, 0.7506770241019847, 0.6734620589722216, 0.00770688549538295, 0.17007781728958246, 0.44038821498787234, 0.3486965389468523, 0.213255620746181, 0.07721079657990204, 0.4896598972708736, 0.9332253942915222, 0.24724607147085056, 0.7299964039726577, 0.4318710076855438, 0.9751356293706579, 0.46951004037955424, 0.2981442342233663
0.9999979419567299, 0.9999978962157108, 0.9999977218075249, 0.9999975141377708, 0.9999976339201623, 0.9999981631672715, 0.9999979612634826, 0.9999981641684245, 0.9999981706717354, 0.9999975150384298, 0.9999978634286744, 0.9999973102292345, 0.9999975015160893, 0.9999988218995927, 0.999998538417982, 0.9999970545665893, 0.9999977469140024, 0.9999986292860853, 0.9999981385626399, 0.9999964675720132, 0.999997803229266, 0.9999955042390856, 0.9999976236434217, 0.9999947015172234, 0.9999994643799165, 0.9999736090726569, 0.999980722645401, 0.9999891335283939, 0.9999889324383482, 0.9999382335465496, 0.9999520108137643, 0.9999676093131937, 0.999866050202107, 0.9995571362433657, 0.9997520143615662, 0.9999960266998213, 0.9999409074701453, 0.9999896952596745, 0.9995447646060942, 0.9992530402481674, 0.9978944031683833, 0.9989358440378424, 0.9988146373858227, 0.9980789259022456, 0.9871289560620542, 0.9984862604435477, 0.9841394639932013, 0.9912005950472942, 0.9950373696311549, 0.9998177277667107, 0.9949255849256686, 0.9499849129033661, 0.9992227300583206, 0.9493321605546312, 0.916836905537119, 0.9920292565258283, 0.9849887925466805, 0.9460718904052979, 0.5620616941954092, 0.6319699770127661, 0.7872075048627905, 0.6993603935797762, 0.31598795814605435, 0.07000286372966733, 0.27717722713224413, 0.147845089600146, 0.784222643994594, 0.5701729813743025, 0.3825960604433177, 0.3012021801180886, 0.9529718534681122, 0.33743804953343975, 0.5737225041272769, 0.9609204019977966, 0.295780199715006, 0.43937567543695843, 0.6074817737286834, 0.519791400687126, 0.0439995721233695, 0.04702720347358434, 0.6131632023445077, 0.2807786338715867, 0.06456280924513431, 0.8692101487959766, 0.7208238860512984, 0.12934813455229255, 0.638793100715404, 0.8486637548764783, 0.9721338353886159, 0.06874706644456957, 0.9471883585419913, 0.7952413822450292, 0.3537916308001849, 0.31488859935499325, 0.7709181327967117, 0.21649650368609064, 0.7501862608367711, 0.4134090109282763, 0.2405141648021652, 0.5249630194549515, 0.4664883430209555
2.058045579716708E-6, 2.1037865988115367E-6, 2.2781947980895856E-6, 2.4858645407303947E-6, 2.36608213952921E-6, 1.8368350212406605E-6, 2.0387388187194343E-6, 1.835833868919779E-6, 1.8293305428464195E-6, 2.4849638830141826E-6, 2.136573614642815E-6, 2.6897730405039584E-6, 2.498486204332112E-6, 1.1781026908381717E-6, 1.4615843059192218E-6, 2.9454357196111113E-6, 2.253088297701027E-6, 1.370716234764647E-6, 1.8614396602895296E-6, 3.5324302647877825E-6, 2.1967730405334515E-6, 4.495763208302473E-6, 2.376358882852322E-6, 5.298485087572586E-6, 5.356224157586354E-7, 2.639092967153304E-5, 1.92773568816179E-5, 1.0866473921556694E-5, 1.1067563930874389E-5, 6.176645577762189E-5, 4.7989188543130535E-5, 3.239068911870162E-5, 1.339498001941782E-4, 4.4286375893380343E-4, 2.479856407506287E-4, 3.973302472896151E-6, 5.909253215469147E-5, 1.0304742617854568E-5, 4.552353962114482E-4, 7.469597540981593E-4, 0.002105596833911625, 0.0010641559644488092, 0.0011853626164838149, 0.001921074100053039, 0.012871043940230498, 0.0015137395587525885, 0.01586053600909908, 0.008799404955018476, 0.004962630371122973, 1.8227223563305452E-4, 0.0050744150766265095, 0.050015087098946635, 7.772699439615609E-4, 0.05066783944767337, 0.08316309446518014, 0.007970743476391467, 0.015011207455695593, 0.053928109597098796, 0.43793830580684656, 0.3680300229896605, 0.2127924951395413, 0.3006396064225345, 0.6840120418562743, 0.9299971362726693, 0.7228227728699494, 0.8521549104021314, 0.21577735600758072, 0.4298270186279349, 0.6174039395589941, 0.6987978198841504, 0.04702814653411723, 0.662561950468527, 0.4262774958747937, 0.0390795980042652, 0.7042198002871701, 0.5606243245650756, 0.39251822627337, 0.48020859931482096, 0.9560004278785641, 0.9529727965282673, 0.38683679765750106, 0.7192213661315453, 0.9354371907569152, 0.13078985120706424, 0.279176113950123, 0.870651865449767, 0.36120689928639277, 0.1513362451257685, 0.027866164613255324, 0.9312529335575042, 0.0528116414601587, 0.20475861775652232, 0.6462083692009368, 0.685111400645953, 0.22908186720545787, 0.7835034963155166, 0.24981373916418437, 0.5865909890708163, 0.7594858351993173, 0.4750369805466056, 0.5335116569796244
0.9999978794383254, 0.9999978137772854, 0.9999976994572702, 0.9999978860531256, 0.9999977012766795, 0.9999982808480018, 0.9999982364291152, 0.9999979391410319, 0.9999981431227077, 0.9999980537688782, 0.9999981649423374, 0.9999980834195343, 0.9999982302979533, 0.9999976686812058, 0.9999964710423868, 0.9999989774373836, 0.9999973246110654, 0.9999992328596015, 0.9999954445814282, 0.9999982536137955, 0.9999972630750931, 0.9999967703741659, 0.999990678159584, 0.9999931206693972, 0.9999954768009499, 0.9999736719743942, 0.9999960303438818, 0.9999681630464305, 0.9999828305734942, 0.9999771931708582, 0.9999881434925327, 0.9999939059549526, 0.9999675811841577, 0.9998827453534174, 0.9998612514325796, 0.9998209437247154, 0.9999446445450003, 0.9993751015997259, 0.9997877529479977, 0.9996465446331543, 0.9998797598504973, 0.9988656709524556, 0.9992553755837417, 0.9999737919496456, 0.9966419045496746, 0.9999537151126986, 0.9989792699194577, 0.9971801883076834, 0.9804906310908172, 0.9115417776579402, 0.994774725997208, 0.977027577153721, 0.9892856838163309, 0.9384509114117672, 0.8862407512621986, 0.7427515049345347, 0.7451382743732178, 0.6288210594144857, 0.9333485900162208, 0.8631832750628423, 0.9963603428527131, 0.9122213821993669, 0.8396288858572644, 0.7730504937278576, 0.5021633090986712, 0.7487597636432783, 0.7790325891099044, 0.8575299585817815, 0.11979239117623931, 0.5368296450680644, 0.3933874216790635, 0.41275866369512865, 0.3578444401869237, 0.08847396683021838, 0.39156531491475327, 0.05755424789867353, 0.764411192599386, 0.3172098420790553, 0.7169684598215316, 0.42711783451715285, 0.6074664753412871, 0.6214818426854456, 0.13098969366758006, 0.7249144707670095, 0.3035361044211291, 0.16810912936334976, 0.3340076798821785, 0.5624666695183412, 0.17565467599918697, 0.5875501618458436, 0.8639187202293177, 0.0664086471812757, 0.976295932499685, 0.7163314965922742, 0.03945739059564874, 0.10451196348418806, 0.9385408644390753, 0.6964679478603386, 0.16770394160409208, 0.3167686447826261, 0.78297469206988
2.1205639834259106E-6, 2.186225009324348E-6, 2.3005450344430435E-6, 2.1139491794261185E-6, 2.2987256428008186E-6, 1.7191542948898598E-6, 1.763573164767064E-6, 2.060861272892623E-6, 1.85687959849648E-6, 1.946233418966197E-6, 1.8350599510652452E-6, 1.9165827450723747E-6, 1.769704376014061E-6, 2.33132111096787E-6, 3.528959914633508E-6, 1.0225649008852603E-6, 2.6753912430038882E-6, 7.671426895667163E-7, 4.555420882769194E-6, 1.7463884956859457E-6, 2.7369271949816135E-6, 3.2296281230899346E-6, 9.321842690318035E-6, 6.87933288062593E-6, 4.52320134592384E-6, 2.6328027900459117E-5, 3.969658402057172E-6, 3.183695587917009E-5, 1.7169428800278574E-5, 2.2806831429908494E-5, 1.185650978411193E-5, 6.094047346533335E-6, 3.241881813233867E-5, 1.1725464887566973E-4, 1.3874856970209125E-4, 1.7905627759880609E-4, 5.5355457296109286E-5, 6.248984025803507E-4, 2.1224705427293607E-4, 3.534553691610507E-4, 1.2024015181329498E-4, 0.0011343290498240352, 7.446244185653059E-4, 2.620805266041623E-5, 0.003358095452614176, 4.6284889603795013E-5, 0.0010207300828556313, 0.0028198116946299397, 0.019509368911489824, 0.08845822234434311, 0.005225274005103227, 0.022972422848563358, 0.010714316185957463, 0.061549088590504945, 0.11375924874011545, 0.25724849506774383, 0.2548617256291094, 0.37117894058773776, 0.06665140998611946, 0.1368167249394239, 0.003639657149496609, 0.08777861780295174, 0.1603711141449971, 0.22694950627440516, 0.4978366909034945, 0.2512402363591251, 0.22096741089230373, 0.1424700414204795, 0.8802076088259168, 0.4631703549342355, 0.6066125783229972, 0.587241336307133, 0.6421555598152098, 0.9115260331719564, 0.6084346850870567, 0.9424457521028792, 0.23558880740231794, 0.6827901579229197, 0.2830315401803647, 0.5728821654847205, 0.39253352466083696, 0.3785181573166157, 0.8690103063342665, 0.2750855292353126, 0.6964638955816416, 0.831890870638948, 0.6659923201199701, 0.4375333304837698, 0.8243453240026819, 0.4124498381565121, 0.13608127977226242, 0.9335913528211264, 0.023704067501830482, 0.28366850340910066, 0.9605426094035143, 0.8954880365152764, 0.06145913556264553, 0.3035320521401845, 0.8322960583971349, 0.6832313552194007, 0.21702530793264613
0.9999976972135881, 0.999997959467992, 0.9999976013809567, 0.999997870976524, 0.9999979646979021, 0.9999978765930885, 0.9999970665019795, 0.9999978948353546, 0.9999982334881826, 0.9999981138009328, 0.9999968209669617, 0.9999956402534155, 0.9999989631054651, 0.9999983308056577, 0.9999968136359572, 0.9999987361739335, 0.9999977812181685, 0.9999986698150303, 0.9999968898937233, 0.9999934149522393, 0.9999917557268388, 0.9999977393556144, 0.9999982417727924, 0.9999996538827731, 0.9999784598776191, 0.9999992094995657, 0.9999977473842326, 0.9999937626293911, 0.9999963248578573, 0.9999562955190348, 0.9999470786213165, 0.9999982193956474, 0.9999930897425947, 0.9998858766213918, 0.999359940383114, 0.9998178745370657, 0.9994347276306652, 0.9999665098241927, 0.9998511871731819, 0.9991357152006985, 0.9996284540708247, 0.9990562191730258, 0.9986710204464418, 0.9917195580142901, 0.9999476090965456, 0.9958178052783171, 0.9971798123807905, 0.9991598929261467, 0.9992153983299521, 0.9831469520110521, 0.9972697140227869, 0.9586052765048524, 0.9879275746904224, 0.9267118115380792, 0.9598863006844514, 0.9898409432164453, 0.9518141568763593, 0.9184048702967778, 0.5288673159904297, 0.9314906801939583, 0.8128517680343427, 0.3423186476658345, 0.5256020633970331, 0.5224007612586469, 0.5567313228061905, 0.9928793802323084, 0.9249986971624177, 0.9022422497017275, 0.802042694650846, 0.5326518260659421, 0.24495792951857676, 0.11924794596576545, 0.6440918813623422, 0.1555661121419092, 0.6401770759570801, 0.4735090984756392, 0.3402199146922538, 0.7594106462222467, 0.18111501351171, 0.7255609729546573, 0.8584764638752939, 0.2757667643749821, 0.7347581712678024, 0.663323840382504, 0.34583262100428885, 0.9237968234495577, 0.7436062375030085, 0.8787096464379166, 0.8447944279028788, 0.39788734431097383, 0.5068243507950565, 0.7752910078221471, 0.30452106520792366, 0.47690153181197653, 0.7000375383113101, 0.7460315654818169, 0.9023614429378248, 0.9835902955346549, 0.2394922637578744, 0.8808142092214055, 0.2386944087514294
2.3027886925299045E-6, 2.040534302966998E-6, 2.398621332050365E-6, 2.129025768982223E-6, 2.0353043812988492E-6, 2.123409210763708E-6, 2.9335003247805424E-6, 2.1051669603979625E-6, 1.766514105084907E-6, 1.8862013644879254E-6, 3.1790353491266126E-6, 4.359748870088717E-6, 1.0368968125679647E-6, 1.6691966639774473E-6, 3.1863663586233157E-6, 1.2638283651381921E-6, 2.21878411346831E-6, 1.3301872724841297E-6, 3.1101085685990986E-6, 6.585050069902356E-6, 8.24427546669782E-6, 2.2606466753986463E-6, 1.758229492697938E-6, 3.461195383169828E-7, 2.1540124672287353E-5, 7.905027436402635E-7, 2.2526180783105206E-6, 6.237372897130833E-6, 3.675144439571053E-6, 4.370448328371561E-5, 5.2921380990482026E-5, 1.7806066331001307E-6, 6.910259709698929E-6, 1.1412338094622006E-4, 6.40059619180563E-4, 1.8212546524787456E-4, 5.652723716448421E-4, 3.349017811361636E-5, 1.4881282911620428E-4, 8.642848016284577E-4, 3.715459315030579E-4, 9.437808293068209E-4, 0.0013289795558647838, 0.008280441988011589, 5.23909057612546E-5, 0.004182194723972776, 0.0028201876215165236, 8.401070760872866E-4, 7.846016723571482E-4, 0.016853047991276203, 0.00273028597943413, 0.04139472349741667, 0.012072425311830871, 0.0732881884642166, 0.040113699317848826, 0.010159056785853144, 0.048185843125931646, 0.08159512970554407, 0.47113268401182756, 0.06850931980830627, 0.18714823196809802, 0.6576813523364684, 0.4743979366053126, 0.4775992387436009, 0.4432686771961381, 0.007120619770127709, 0.07500130283975993, 0.09775775030061522, 0.19795730535137646, 0.46734817393579264, 0.7550420704835279, 0.8807520540361, 0.3559081186398299, 0.844433887860153, 0.3598229240448348, 0.5264909015265898, 0.6597800853098588, 0.2405893537791717, 0.8188849864913442, 0.27443902704687934, 0.1415235361263128, 0.7242332356265467, 0.26524182873517776, 0.33667615961933567, 0.6541673789987887, 0.07620317655230252, 0.2563937625003158, 0.12129035356286744, 0.15520557209789743, 0.6021126556911589, 0.49317564920679874, 0.2247089921800144, 0.6954789347936525, 0.5230984681892954, 0.2999624616897767, 0.2539684345181602, 0.09763855706286718, 0.016409704465316605, 0.7605077362436224, 0.11918579077856423, 0.7613055912498636