0.001, 0.0010471285480508996, 0.0010964781961431851, 0.0011481536214968829, 0.001202264434617413, 0.0012589254117941675, 0.0013182567385564075, 0.0013803842646028853, 0.001445439770745928, 0.0015135612484362087, 0.001584893192461114, 0.0016595869074375613, 0.0017378008287493763, 0.0018197008586099844, 0.0019054607179632482, 0.0019952623149688807, 0.0020892961308540407, 0.0021877616239495542, 0.0022908676527677745, 0.0023988329190194925, 0.002511886431509582, 0.0026302679918953843, 0.002754228703338169, 0.0028840315031266085, 0.003019951720402019, 0.0031622776601683824, 0.0033113112148259144, 0.00346736850452532, 0.0036307805477010175, 0.0038018939632056166, 0.003981071705534978, 0.00416869383470336, 0.004365158322401665, 0.0045708818961487565, 0.00478630092322639, 0.00501187233627273, 0.005248074602497733, 0.005495408738576254, 0.005754399373371578, 0.006025595860743587, 0.006309573444801942, 0.006606934480075971, 0.006918309709189377, 0.007244359600749913, 0.0075857757502918515, 0.00794328234724283, 0.008317637711026726, 0.008709635899560824, 0.009120108393559116, 0.009549925860214378, 0.010000000000000021, 0.010471285480509017, 0.010964781961431873, 0.011481536214968852, 0.012022644346174156, 0.012589254117941701, 0.0131825673855641, 0.01380384264602888, 0.014454397707459309, 0.015135612484362118, 0.015848931924611172, 0.016595869074375647, 0.0173780082874938, 0.01819700858609988, 0.019054607179632522, 0.01995262314968885, 0.02089296130854045, 0.021877616239495586, 0.022908676527677793, 0.023988329190194974, 0.025118864315095874, 0.026302679918953895, 0.027542287033381744, 0.028840315031266144, 0.030199517204020254, 0.03162277660168389, 0.03311311214825921, 0.034673685045253276, 0.03630780547701025, 0.03801893963205624, 0.03981071705534985, 0.04168693834703368, 0.04365158322401674, 0.04570881896148766, 0.047863009232264, 0.0501187233627274, 0.052480746024977445, 0.05495408738576265, 0.0575439937337159, 0.060255958607435996, 0.06309573444801955, 0.06606934480075985, 0.06918309709189391, 0.07244359600749928, 0.07585775750291866, 0.07943282347242846, 0.08317637711026743, 0.08709635899560841, 0.09120108393559134, 0.09549925860214398, 0.1
1.4652609662065906E-8, 9.105435928723755E-9, 3.068092914109151E-9, 1.4259959375147432E-9, 7.365156409008995E-10, 2.095369437581978E-9, 2.948323214583644E-8, 6.570229616787683E-9, 3.353833205613435E-8, 4.108961486072167E-9, 7.256243371505462E-9, 6.273441131103798E-10, 1.0049856406653508E-8, 1.6179551574489137E-8, 9.162477477157835E-10, 2.3287863919435117E-9, 6.895934463674728E-8, 5.876388079224393E-9, 1.4444837608726366E-8, 2.3100570335518282E-8, 2.690006851573559E-8, 2.702142955750517E-9, 3.960384932087369E-8, 8.020953889682062E-8, 8.822336623352514E-9, 3.4708463846486646E-10, 3.617426130860982E-8, 8.062043419921707E-8, 8.924691498715172E-8, 7.912549458388646E-9, 2.1992910056451548E-8, 8.871375924334412E-8, 9.74364392683207E-8, 2.360358755085427E-9, 1.445244412537271E-8, 1.0860755922255117E-7, 5.4614845666177506E-8, 8.582051457091322E-8, 9.968006816648596E-11, 6.739098279805332E-8, 7.038320972918718E-8, 6.988991103348446E-8, 3.538054274621578E-7, 8.845602336704936E-7, 2.4018457086928353E-7, 5.508440584767744E-9, 8.445756429848093E-8, 2.957869803621174E-9, 3.0773413229119936E-7, 1.1228140722777657E-7, 6.217813272965731E-9, 1.0807266731912794E-7, 1.0642692170561529E-7, 1.1159041321620843E-6, -1.1847580772824214E-9, 3.1090677367081385E-7, 2.3690332484307764E-6, 7.306941238052018E-7, 1.299888395567662E-6, 3.320256200855942E-7, 2.3866550615959723E-6, 2.0403809144992523E-8, 4.435374412011305E-9, 1.6329832681415368E-6, 3.3723215316274652E-6, 7.046441884911606E-7, 1.1975346273384323E-6, 3.6420230504419183E-6, 1.6199694358647469E-6, 1.851061870984792E-7, 8.466694651187862E-7, 4.5002534435168656E-7, 1.3141042579358862E-6, 7.769709178773737E-7, 1.0971952558325577E-5, 7.0375175490143555E-9, 2.3322530553681847E-5, 5.23201759371622E-7, 1.551190486174416E-6, 2.4891251692481672E-5, 2.397109162562532E-6, 1.2828413142399569E-5, 1.5009826053334392E-6, 6.7726245214693415E-6, 4.941509145141034E-7, 7.658349269768235E-6, 1.0235461879761415E-6, 1.339462655511536E-6, 3.653844349245852E-5, 3.9493423841645865E-5, 5.904583800171667E-6, 2.9662310387326242E-5, 2.2231771639342776E-5, 1.0844556417815626E-5, -2.4536696932352514E-9, 9.43194960226978E-7, 8.211626543496411E-6, 7.74388092742719E-7, 2.3584639484791695E-5, 4.731366447626307E-6, 4.1726285405567547E-7
0.9999999853145701, 0.9999999900465006, 0.9999999951898901, 1.0000000008687202, 0.9999999988684345, 0.9999999961426412, 0.9999999712507601, 0.9999999912348707, 0.9999999628682918, 0.9999999986741344, 0.9999999934819739, 0.999999999808444, 0.99999999329822, 0.9999999786378193, 1.0000000008237366, 0.9999999958683934, 0.9999999306293283, 0.9999999963271304, 0.9999999857264481, 0.9999999777568789, 0.999999973164301, 0.9999999934537007, 0.9999999596441687, 0.9999999243589852, 0.9999999857548898, 1.0000000022518716, 0.9999999623121687, 0.9999999227423506, 0.9999999122693775, 0.9999999927847367, 0.9999999746540814, 0.9999999093596446, 0.9999999007434206, 0.9999999946651371, 0.9999999883659452, 0.9999998913324097, 0.9999999476046091, 0.99999990886589, 0.9999999972902636, 0.9999999390931265, 0.9999999307467629, 0.9999999313230516, 0.9999996487324606, 0.9999991186438344, 0.9999997596665648, 0.999999996082394, 0.9999999154041865, 0.9999999990498107, 0.9999996898284644, 0.9999998883647352, 0.9999999958000725, 0.9999998894161137, 0.9999998966166607, 0.9999988842697956, 0.9999999976700747, 0.999999688592986, 0.9999976309822103, 0.9999992705455911, 0.9999987000699208, 0.9999996679743866, 0.9999976155002621, 0.9999999747932844, 0.9999999993040142, 0.9999983672365764, 0.9999966223953063, 0.9999992935070328, 0.999998798845593, 0.9999963579769517, 0.9999983811507951, 0.9999998143698058, 0.9999991540508334, 0.9999995476405841, 0.9999986852881283, 0.9999992215688333, 0.9999890266332723, 0.9999999914917574, 0.9999766759749084, 0.9999994788016292, 0.9999984509937362, 0.9999751056759439, 0.9999976026834905, 0.999987171586858, 0.9999984977298437, 0.9999932233252737, 0.9999995083554007, 0.9999923401392954, 0.9999989758170089, 0.9999986620938301, 0.9999634599269641, 0.9999605072504014, 0.9999940931525686, 0.9999703338352351, 0.9999777743274473, 0.9999891555853897, 0.9999999968808155, 0.9999990531816866, 0.9999917891221171, 0.9999992195784664, 0.9999764176201464, 0.9999952632369504, 0.9999995868057763
1.4417166336715796E-9, 2.005959286249836E-9, -1.23180262560501E-9, 1.2390211182096076E-9, -1.9477072085282731E-10, -1.6262748638393304E-9, 1.1981034927723302E-9, 2.1272167879503648E-8, 7.274511915044476E-10, 1.1973522308326705E-8, 5.535882960410206E-10, -6.233127740286416E-10, 1.0355848612493513E-8, 1.0926039608656903E-10, 4.300166798884753E-9, 1.1431711102155925E-8, 1.3351076515230401E-9, 2.8700182833462423E-9, 1.1617797175205989E-8, 4.1594651156248714E-9, 2.6959973682829333E-8, 1.5282597332274663E-8, 9.5014410840863E-10, 1.2627481404415645E-9, 1.3209418029252816E-7, 3.4456104826824794E-8, -1.1653019651422675E-9, 1.634571992498178E-9, 3.871352159026088E-8, 6.418123566854717E-8, -1.6639587129358213E-9, 8.915380879259657E-8, 1.046481072030059E-7, -1.0430043588132963E-9, 5.5289184726573327E-8, 5.007355592838376E-8, 7.265123686323577E-9, -3.662078989460848E-9, -5.694153019144978E-11, 6.026055120309307E-9, 1.6495773080535902E-7, 4.093536791517995E-8, 3.1780858618671124E-8, 1.6639128865204272E-7, 2.5342987007301387E-8, 1.1034947121644758E-9, 2.3565513386946542E-8, 1.1881254632307525E-7, 5.4536471580765157E-8, 8.684484896367317E-10, 2.239913907435205E-9, 1.865900936215318E-7, 5.1683323714824095E-8, 5.508409052918187E-7, 1.4718732104666808E-7, 3.968357133874095E-7, 2.805341418894495E-9, 3.22603510289495E-10, 2.959094619723668E-7, 4.2160502419583583E-8, 2.404762759142455E-7, 6.882549017976736E-10, 3.510367565717621E-8, 2.426247925577683E-6, 9.410123792535736E-7, 1.7806407110058997E-6, 6.2870588078408315E-6, 2.0895935957177624E-8, 1.5515691939699546E-6, 1.188060518363096E-7, 6.05065846535289E-7, 6.232024134265568E-7, 1.7611389695879137E-8, 9.99054918986955E-8, 4.3977977915899665E-8, 2.7303938079291983E-6, 1.500947098911877E-6, 8.37023521395482E-7, 1.1286987416490789E-6, 1.3415150026624517E-5, 1.1148162736095345E-5, 6.876129418764615E-7, 5.048723335596787E-6, 1.2606377428489718E-6, 1.3785964547199095E-6, 2.1772586122257005E-6, 1.3516121487585951E-5, 2.0293723337740466E-6, 1.7507941736705626E-5, 3.531043645052972E-6, 1.6701873978641187E-8, 4.945414593766118E-6, 1.5437943999832302E-8, 1.379251942719627E-4, 2.919062772876612E-5, 3.222565779199614E-5, 1.1425461016436559E-7, 2.0305926859555502E-5, 7.179148503947043E-5, 1.4442514906027114E-5, 1.1471287087064058E-5
0.99999999852558, 0.9999999971720956, 0.9999999994402067, 1.0000000013442147, 0.9999999997986742, 0.9999999999561168, 0.999999999537426, 0.9999999765310306, 0.9999999957756283, 0.9999999913080794, 1.0000000002127263, 1.0000000011225338, 0.9999999931263153, 0.9999999947094188, 0.9999999974631033, 0.99999998680482, 0.9999999983378733, 0.9999999993690508, 0.9999999885354687, 0.9999999967682169, 0.999999973104017, 0.999999980862698, 0.9999999983789993, 1.0000000033335457, 0.9999998624670234, 0.9999999681228289, 0.9999999996664789, 1.0000000017440978, 0.999999962791795, 0.9999999364997043, 0.9999999983193607, 0.9999999088846319, 0.9999998934577818, 0.9999999981081265, 0.9999999474940812, 0.9999999498994121, 0.9999999949262439, 0.9999999984009202, 0.9999999973244176, 1.0000000004544747, 0.9999998361104095, 0.9999999602744072, 0.9999999709768519, 0.9999998367999194, 0.999999974497984, 1.0000000003370833, 0.9999999762865497, 0.9999998831773236, 0.999999943039771, 0.9999999997575988, 0.9999999996818623, 0.9999998109714832, 0.9999999513744059, 0.9999994493123338, 0.9999998492664588, 0.9999996026269247, 0.9999999972098887, 1.0000000008774772, 0.9999997040567101, 0.9999999578395111, 0.9999997617135867, 0.9999999945458817, 0.9999999685384637, 0.9999975739293167, 0.9999990537073693, 0.9999982171732421, 0.999993709293123, 0.9999999791040687, 0.9999984494700065, 0.9999998806981711, 0.9999993955888948, 0.999999374711969, 0.9999999817676284, 0.9999998985295204, 0.9999999545663306, 0.9999972674393806, 0.9999984970709359, 0.9999991644741018, 0.9999988734767564, 0.9999865818508704, 0.9999888512379304, 0.9999993123870523, 0.9999949499936793, 0.9999987340391627, 0.9999986238984535, 0.9999978208291211, 0.9999864812767535, 0.9999979721613497, 0.9999824951554956, 0.9999964670234932, 0.9999999792921835, 0.9999950519005643, 0.9999999872980037, 0.9998620779420868, 0.9999708059028132, 0.9999677728855533, 0.9999998844177723, 0.9999796939043912, 0.9999282091476003, 0.9999855574664656, 0.9999885293673155
9.557904458214825E-10, 3.393714366134898E-9, -7.287734583028302E-10, 1.4931384936414014E-9, 1.3307237029050174E-9, 2.635413357991961E-9, 8.954225880146661E-10, -1.4790207732695956E-9, -3.5863308374032373E-9, 7.138078566120591E-10, -1.3389074988282252E-10, 1.7510318708061493E-9, 3.065728799662548E-8, 2.9741063000221895E-8, 1.926528047897637E-8, 1.948404788850761E-9, 1.0136245783446924E-8, 2.0654027355064184E-9, 1.0964924868084315E-8, 7.850941467285068E-9, 1.0996349285069206E-8, 7.2616481520455534E-9, 4.8648312997215634E-8, 2.8761007977398066E-9, -8.184281654036755E-10, 3.3803507615384485E-8, 7.647920895995352E-9, 9.102036437670291E-9, 6.773317617832562E-9, 2.197856850267247E-7, 5.200834907416532E-9, 8.228791646134326E-8, 1.2724276124839395E-7, 6.494076436624789E-8, 3.134749250616882E-7, 4.429946428490293E-8, 2.7997150290771056E-7, 2.4029014745268205E-9, 2.1284724707455565E-7, 2.2452716144813722E-7, 3.076410207771858E-8, 2.325150851589198E-8, 2.5314826702663884E-8, 6.910706740041209E-8, 3.241594567766787E-8, 1.576364378781469E-10, 3.272154191129795E-7, 4.444022379657014E-7, 6.782549055285231E-8, 3.545573466912257E-7, 2.1759101384009765E-7, 1.6563383788200365E-8, 4.88847996077135E-7, 8.88479336247005E-7, 1.6273359899446354E-9, 2.3240737157072958E-7, 7.873911815447105E-7, 3.098018134061907E-7, 3.489383353128494E-7, 3.689927005966503E-7, 4.6461136950301E-7, 3.7032268145792516E-7, 1.7930285898809078E-6, 3.427809713807658E-7, 5.82349823188598E-7, 1.6244815620014284E-6, 4.44584053759834E-7, 4.7169131486520955E-6, 5.328404063650818E-7, 3.4520314229470565E-6, 3.2403303005634066E-7, 1.991541762479365E-6, 4.234623906325778E-6, 2.0317178975231247E-7, 2.1218169304649352E-8, 1.9350718351343048E-8, 8.631843945923421E-8, 8.541870489780885E-7, 1.4221078006675221E-5, 3.6797459023272605E-6, 1.1029759501955304E-5, 3.629266865749756E-7, 1.0884281266610175E-6, 1.1195811681941833E-6, 1.1490075112813468E-6, 7.229395266243042E-8, 4.6196585016394705E-5, 8.392847070855881E-7, 5.215036765890202E-6, 1.4591887303504969E-5, 2.1831758537993264E-6, 3.791549181548506E-5, 1.2806291471386149E-6, 1.345058881060873E-6, 1.4036346052336422E-6, 9.022133930076342E-6, 5.093800420538657E-8, 2.2678205360816043E-10, 5.17520754607634E-7, 9.625933881666817E-7, 2.1912881157377156E-5
0.9999999990113448, 0.999999995732463, 0.9999999989050407, 1.000000000835584, 0.9999999982145689, 0.9999999955984211, 0.999999999840004, 0.9999999993082458, 0.9999999999737768, 1.0000000022286382, 1.0000000009314798, 0.9999999987493443, 0.9999999724946782, 0.9999999650422768, 0.9999999827106663, 0.9999999962954369, 0.9999999895438445, 1.0000000001371976, 0.9999999891978308, 0.9999999930032722, 0.9999999890690623, 0.9999999888426421, 0.9999999505231599, 1.000000001694841, 0.9999999953988836, 0.9999999687846495, 0.9999999908184807, 0.9999999943818889, 0.9999999947447616, 0.9999997809331056, 0.999999991435645, 0.9999999157755308, 0.9999998708598559, 0.999999931872347, 0.9999996892939144, 0.9999999556464236, 0.9999997222200009, 0.9999999922636166, 0.9999997846843607, 0.9999997820163806, 0.9999999703370497, 0.9999999781809068, 0.9999999769507963, 0.9999999340131208, 0.9999999674615195, 1.000000001295016, 0.9999996726441365, 0.9999995575870866, 0.9999999296741666, 0.999999646023474, 0.9999997844717727, 0.9999999809957322, 0.999999514230002, 0.9999991117104237, 0.9999999948524003, 0.9999997670004525, 0.9999992126246444, 0.9999996914266043, 0.9999996510171629, 0.9999996310073063, 0.9999995374522304, 0.9999996248906848, 0.9999982106899301, 0.9999996573988705, 0.9999994123478644, 0.9999983755394718, 0.9999995516678843, 0.9999952830868639, 0.9999994682719033, 0.9999965475021477, 0.9999996766357961, 0.9999980061102378, 0.9999957642798922, 0.9999997953595253, 0.999999977313325, 0.9999999791765206, 0.99999991181701, 0.9999991472596821, 0.9999857812884769, 0.9999963178252587, 0.9999889700789699, 0.9999996370485551, 0.9999989102565344, 0.9999988750620741, 0.9999988534838474, 0.9999999255894968, 0.9999538001490025, 0.9999991622735004, 0.9999947870350727, 0.9999854085865623, 0.9999978121485547, 0.9999620817207604, 0.9999987232325314, 0.9999986585329153, 0.9999985933833888, 0.9999909760389679, 0.9999999473367889, 0.9999999937433003, 0.9999994824792457, 0.9999990369210655, 0.9999780866677844
1.733519931828821E-8, 1.2464123415575713E-8, 1.005761204003309E-9, 5.651363182776307E-9, 4.098667387225046E-9, -5.122093848467152E-10, 2.539036640168202E-9, 9.946306113804984E-9, 1.3407631856198447E-8, 3.808937359795939E-9, -5.714997089446199E-10, 6.097832772279668E-10, 3.6811954675662737E-9, -7.659893343798467E-10, 1.3247035673465147E-8, 2.703338738030941E-9, 6.989060350849629E-10, 1.1518724835684306E-10, 7.239909585374396E-9, 4.118715927106514E-9, 1.3830763623570066E-8, -2.0190144648323797E-9, 1.7997930287754848E-8, 1.6892519799329205E-9, -4.289401951774592E-9, 9.100875357451722E-9, 2.935376648165828E-8, 4.963425772295563E-9, 8.388373852530835E-8, 1.0741622112974379E-7, 1.1607033351815667E-7, 8.457454573495134E-8, 3.430783692443786E-9, 9.218369353527702E-8, 4.534181050291672E-8, 1.4108112553048514E-7, 1.2636903005790042E-8, 1.1977264027329533E-8, -2.3076445941625135E-9, 2.2756384792949736E-7, 4.959122506104313E-10, 3.858404784727241E-7, 1.4220765166280172E-7, 3.6741028756815415E-8, 2.8046979039373273E-7, 3.019159844031624E-7, 1.5766565117207277E-7, 1.1578023107224482E-8, 1.9089488918125797E-10, 9.591835551556463E-7, 1.052147005939425E-6, 1.7507633575039286E-7, 1.5646529499303257E-8, 1.706072548893503E-9, 3.010724537368497E-7, 6.218293957487214E-7, 1.7381793502249211E-6, 8.294058924088011E-7, 8.522765550560337E-8, 2.2285213683573478E-7, 5.413156656712634E-7, 7.738870955633711E-8, 9.171951049727752E-8, 2.3823625592424054E-7, 2.463921442044423E-7, 4.1749967496620096E-7, 2.5273444710679985E-6, 2.7048005942843517E-6, 5.835890135877952E-7, 5.219229991352768E-7, 1.9063135149111268E-6, 1.9106575236689328E-6, 5.525116290788593E-6, 9.298604609877307E-7, 1.154501541229603E-5, 2.119886788896422E-6, 7.1460694943112835E-6, 1.0870991017550206E-6, 4.883120151437426E-6, 1.4084016428029626E-6, 1.8048465019323036E-7, 1.8429348446257815E-6, 8.152742801569E-6, 2.3988456939729718E-6, 1.2605781808798356E-5, 1.1391156333822244E-5, 1.0339484221885517E-6, 7.218312026011558E-6, 6.9994010735960785E-6, 8.528402449331717E-8, 5.778095386465726E-7, 1.366337006228203E-7, 1.714583118079346E-5, 8.715145969817151E-6, 1.2476901495972585E-6, 1.2724413939637311E-5, 8.110890925876937E-6, 3.4230181220102275E-5, 6.504359544478553E-7, 3.5452614787489E-7, 1.311706508479182E-4
0.9999999826299606, 0.9999999867041212, 0.9999999972675641, 0.999999997014069, 0.9999999954603296, 0.9999999987388484, 0.9999999983208975, 0.9999999878856481, 0.9999999830563658, 0.9999999989761146, 1.0000000013980916, 0.9999999998263354, 0.9999999996417472, 0.9999999955374927, 0.9999999887683255, 0.9999999955336374, 0.9999999989599371, 1.0000000021543076, 0.9999999929405872, 0.9999999967366874, 0.9999999862317676, 0.9999999981469835, 0.9999999813235103, 1.0000000029065572, 0.9999999987824821, 0.9999999934898298, 0.9999999691300783, 0.9999999984058389, 0.9999999176294008, 0.9999998932809973, 0.9999998805752297, 0.9999999134478897, 0.9999999945293772, 0.9999999046730148, 0.999999957519998, 0.9999998588638932, 0.9999999895655429, 0.999999982752499, 0.9999999995704993, 0.9999997789180792, 1.0000000006340382, 0.9999996153939287, 0.9999998603354153, 0.9999999663833247, 0.9999997193749063, 0.9999996997753718, 0.9999998421592422, 0.999999990333222, 0.9999999974762419, 0.9999990415367901, 0.9999989500419941, 0.9999998223980705, 0.999999987376981, 0.9999999984676826, 0.9999996954148029, 0.9999993775970379, 0.9999982618359122, 0.999999171901169, 0.9999999147674716, 0.9999997771478574, 0.999999460728141, 0.9999999178830774, 0.9999999119417843, 0.9999997619302852, 0.9999997483421256, 0.9999995805856855, 0.9999974690289211, 0.9999972951994022, 0.9999994175106206, 0.9999994776178474, 0.9999980943539585, 0.9999980872665923, 0.9999944742749693, 0.999999068727641, 0.9999884535737272, 0.9999978783415524, 0.9999928519722368, 0.9999989146213542, 0.9999951191799055, 0.9999985892720185, 0.9999998192811426, 0.9999981570406726, 0.999991846004596, 0.9999975970920956, 0.99998739637839, 0.9999886073317213, 0.9999989654361154, 0.9999927811046105, 0.9999930030485686, 0.9999999138292062, 0.9999994173982768, 0.9999998625437955, 0.9999828564467429, 0.9999912861221707, 0.9999987493359559, 0.9999872741410045, 0.999991888065857, 0.9999657686623153, 0.9999993495861965, 0.9999996406333553, 0.9998688315225276
-4.928548216731517E-10, 3.892463050348869E-9, 3.868187121091656E-9, 5.1992420634804865E-9, 7.263278559935923E-9, 4.149554086890401E-9, 1.062198882570248E-9, 4.7586670031834165E-9, -7.22447156186658E-10, 2.4118714868611793E-9, 1.8379989915740415E-8, 2.371007742909865E-9, 1.0344684270246321E-8, -1.2913082922515815E-9, 5.565232996388107E-10, 5.3816565449212305E-9, 3.02394948440215E-8, 1.8221790459499864E-8, 3.20507045052032E-8, 1.514457490909243E-8, 1.2063146498543026E-8, -2.977498688542757E-9, -1.7453054936619825E-10, 5.642049661832654E-9, 4.060422658291321E-9, 7.2993469550082414E-9, 3.6205023882287275E-8, 9.661493579672375E-9, 4.8428492471534364E-9, 3.672204783503022E-8, 9.14423578166266E-8, 2.0215156858311928E-8, 2.8971546486483616E-8, 6.678050944206998E-8, 5.007507015271218E-8, 8.77931919605194E-9, 4.835882786491781E-8, 4.964551146223002E-8, 1.4034820484887821E-7, 9.141324587153352E-8, 2.8290442718227283E-8, 1.900921548548676E-8, 3.5592406082325735E-7, 7.633118612838388E-8, 5.8964790318190585E-8, 6.424855091136117E-8, 2.9760864663823995E-7, 1.194868870013204E-7, 1.2869357805074956E-7, 3.140148843210127E-7, 8.289867671115405E-8, 7.988645141584114E-8, 3.112078942440252E-8, 3.3263359353188157E-7, 3.2075380945223773E-7, 9.369471736726431E-8, 8.140516679369351E-9, 2.2743847722931582E-8, 2.3503860210938004E-7, 1.5328017052808775E-6, 3.3598404712330784E-8, 8.475231151349034E-7, 9.199826680671486E-7, 1.8092732604956227E-6, 9.140068945157097E-7, 2.5090774802713897E-6, 2.2018470261484327E-6, 3.593502173273106E-6, 1.2133683362025862E-6, 2.066505992782712E-8, 6.999545705839671E-7, 1.1093935750390544E-6, 8.370117391971525E-6, 1.8243340469336013E-6, 2.0855092406675143E-6, 3.5023699070352225E-6, 6.363376635097298E-8, 5.8386533690475145E-8, 3.6826359759399934E-7, 2.0959357967187617E-7, 1.803235542400802E-6, 1.0397896566043221E-7, 6.165615450743334E-6, 2.661557769767113E-5, 4.626539564994347E-6, 1.68007494881945E-6, 5.504883382161596E-7, 1.046870595282843E-7, 9.730272946266156E-6, 8.769383721888132E-6, 2.1152936223094582E-6, 9.469267289024219E-6, 5.208181919270417E-6, 2.5388497281031706E-5, 4.246859454593293E-5, 3.8033902149708227E-6, 1.2713751004199435E-5, 1.189285093582737E-5, 1.5633856978063542E-7, 2.289871066800554E-7, 7.685168242717458E-6
1.0000000004620893, 0.9999999951815597, 0.9999999940198074, 0.9999999973299449, 0.9999999923222591, 0.999999994139224, 0.9999999998323408, 0.9999999930701062, 0.999999997157846, 1.0000000003667466, 0.9999999824323131, 0.9999999981034966, 0.9999999929767251, 0.9999999960958892, 1.0000000016073916, 0.9999999928425801, 0.9999999694321184, 0.9999999839964444, 0.9999999681208456, 0.999999985943521, 0.9999999879885428, 0.9999999990864658, 0.9999999995446304, 0.9999999989671475, 0.9999999904960195, 0.9999999951472163, 0.9999999622962054, 0.9999999938050665, 0.9999999965695986, 0.9999999639729306, 0.9999999050753916, 0.9999999776619849, 0.9999999690565285, 0.9999999300509366, 0.9999999524206389, 0.9999999911570758, 0.9999999538395073, 0.9999999451463395, 0.9999998570470292, 0.9999999150708475, 0.9999999727639264, 0.9999999822072243, 0.9999996466319274, 0.9999999267893893, 0.9999999408728435, 0.9999999372734101, 0.9999997021755127, 0.9999998825402501, 0.9999998687692195, 0.9999996866451915, 0.9999999191943806, 0.9999999176204235, 0.9999999719426005, 0.9999996675093621, 0.9999996757254499, 0.9999999057777531, 0.9999999918749685, 0.9999999786599507, 0.9999997649511507, 0.999998467198296, 0.9999999688137643, 0.9999991477564345, 0.9999990836442796, 0.9999981909122528, 0.9999990806754291, 0.9999974889529331, 0.9999977943825694, 0.9999964064978271, 0.9999987877787144, 0.9999999788012922, 0.9999993007584339, 0.9999988882324881, 0.9999916291831497, 0.9999981738385709, 0.9999979128136168, 0.9999964958908413, 0.9999999343820904, 0.9999999431435664, 0.9999996338835171, 0.9999997882369267, 0.9999981965609048, 0.9999998960210338, 0.9999938330970314, 0.9999733802978903, 0.9999953753737902, 0.9999983178193657, 0.9999994489351088, 0.999999896830132, 0.9999902725065655, 0.9999912310808274, 0.9999978805726629, 0.9999905327448055, 0.9999947922146606, 0.9999746119009356, 0.999957532969594, 0.9999962021484767, 0.9999872851045677, 0.9999881061973059, 0.9999998436834938, 0.9999997714805884, 0.9999923145556172
1.9339594105290673E-10, 1.007333049307382E-9, -5.030046458803272E-10, 3.4113353049096363E-9, 3.8013464354471675E-9, 1.808190201888221E-9, 7.270326501900479E-10, -6.442363858309385E-11, 5.064985807760378E-9, 1.084199308490966E-8, 8.951771914675226E-10, 1.8390170046642696E-9, 1.6975635187714257E-9, -7.899488803272983E-10, 6.587704872332104E-8, 1.976457523585063E-8, 4.4435467173786836E-9, 3.3520135015229406E-8, -5.431404352173057E-13, 4.361943942479438E-9, 1.592459851191221E-9, 5.788173720186816E-10, 2.418049735506586E-9, 4.495502673117609E-8, 1.0345662724312207E-8, 3.434928547603516E-8, 2.605425519079794E-8, 8.481745873039336E-9, 6.079874114441946E-8, 8.937629007594208E-10, 1.785010235949414E-10, 4.2627688667770206E-8, 1.8734262424623314E-9, 5.45719302832987E-9, 9.721017954410985E-8, 1.9680685778472762E-7, 2.1789033469830833E-7, 1.7318105019796572E-7, 7.284218241238427E-8, 5.200300838697677E-7, 4.590495278085347E-8, 2.810040553638696E-8, 3.514624110989677E-8, 9.985678717283022E-9, 2.345287719857095E-9, 1.524086542383515E-7, -8.006701455249965E-10, 2.8973158940084075E-7, 1.585620318397856E-8, 1.1731708430844867E-8, 1.1987730172444153E-6, 2.6535261510738555E-7, 4.346065322388735E-7, 5.630016645951312E-7, 4.784253912243218E-7, 3.2568729412106777E-7, 2.2616465345181505E-7, 1.1993261216040083E-8, 3.6442738894423267E-7, 3.6219218864342785E-8, 1.615777480451578E-7, 1.720657990311471E-8, 3.237749446573258E-7, 5.633271026830092E-7, 1.4705206524187232E-6, 2.801589277917541E-7, -2.270856561448818E-9, 1.6937137082397396E-7, 1.095042247310269E-6, 9.447568730662145E-9, 3.3751244528060047E-9, 1.1276623523912096E-6, 1.6466636639896193E-8, 2.6582850186622683E-7, 6.296125284709335E-6, 3.573850488877477E-7, 4.481616995323678E-7, 5.894333034953385E-6, 1.1596240172789215E-6, 3.463638062124258E-7, 2.6134469076635913E-5, 1.6793362168499467E-7, 3.404112094444372E-6, 2.810080381669331E-6, 3.916314210484825E-8, 1.584760509745285E-6, 1.4050736406098621E-5, 3.445262604045148E-6, 1.4578701087009056E-6, 8.886187307625264E-6, 9.864355667997218E-6, 2.082846730827775E-6, 1.638506778423532E-5, 3.4471233393337245E-5, 3.690137768654153E-5, 1.0878714759192683E-6, 2.5938423808040116E-5, 1.7098429607231518E-5, 1.157917056428477E-5, 4.005809875004087E-5, 3.4017106961805834E-6
0.9999999997759261, 0.9999999981174621, 0.9999999987165709, 0.9999999988942293, 0.9999999958028967, 0.9999999964357711, 1.0000000000453808, 0.9999999977695553, 0.9999999914012657, 0.9999999923387597, 0.9999999998430532, 0.9999999986460104, 1.0000000015233819, 0.9999999956216341, 0.9999999359898442, 0.9999999782054221, 0.9999999951621745, 0.9999999687102226, 1.0000000001538167, 0.9999999965319204, 0.9999999984364085, 0.9999999956165945, 0.9999999968853359, 0.9999999596140772, 0.9999999841877278, 0.9999999683564258, 0.999999972441029, 0.9999999949148972, 0.9999999407146629, 0.9999999997855183, 0.99999999628233, 0.9999999553464807, 0.9999999962892663, 0.99999999143886, 0.9999999054282088, 0.9999998031321826, 0.9999997843066427, 0.9999998215628081, 0.9999999246914208, 0.9999994864930102, 0.9999999552118586, 0.9999999733191367, 0.999999967505424, 0.9999999931822219, 0.9999999975266443, 0.999999849365377, 1.0000000006503105, 0.9999997122614196, 0.9999999817078246, 0.9999999889179685, 0.9999988034211308, 0.9999997322039841, 0.9999995684297054, 0.9999994371867611, 0.9999995180547885, 0.9999996737447514, 0.9999997738497033, 0.9999999894345338, 0.9999996355328055, 0.9999999637807783, 0.9999998406068173, 0.9999999780297009, 0.9999996798973757, 0.9999994368508797, 0.9999985242265053, 0.9999997176401056, 0.9999999986381466, 0.9999998306286362, 0.9999989059918849, 0.9999999900592439, 0.9999999972991065, 0.9999988704118161, 0.9999999828885106, 0.9999997327905603, 0.9999937023051708, 0.9999996411608738, 0.9999995496502713, 0.9999941070992977, 0.9999988424283377, 0.9999996513360969, 0.9999738649379852, 0.9999998320663803, 0.9999965945719966, 0.9999971846216994, 0.9999999634935866, 0.9999984133433287, 0.9999859466636598, 0.9999965540862822, 0.9999985437572514, 0.9999911142340843, 0.9999901303076689, 0.9999979191967898, 0.9999836184667233, 0.9999655295637935, 0.999963094791082, 0.9999989099216392, 0.999974062996204, 0.9999829009498717, 0.9999884208047037, 0.9999599391908303, 0.9999965989867865
1.482209289520276E-9, -1.0986287208622285E-9, -7.679831805140702E-10, 1.6122877300554249E-9, 7.85809311027607E-10, 5.321712053458314E-9, 1.7315319741023514E-9, 5.133306816775273E-9, 7.612115404190315E-10, 3.4135241367379444E-9, 2.6547601889723417E-9, 1.0466875605624569E-8, 1.0695304818601681E-8, -2.041332082018898E-9, 2.089486588902627E-9, 1.3208569809392893E-9, -3.8960766537268933E-10, 1.532628562846835E-9, 3.186638941356605E-8, 1.133820537333085E-8, 1.884740294692462E-9, 8.830524502420496E-8, 3.129925868470522E-9, 3.506749102498013E-8, 2.936326636390549E-8, 4.343921015743252E-9, 3.5234857361959865E-8, 7.151901637091911E-8, 1.2516053645624503E-9, 3.9717154207480926E-8, 1.0957036823779788E-7, 2.4751962538071193E-7, 9.44389630137232E-9, 1.017887315830406E-8, 1.0068588191615545E-8, 9.428306141027163E-10, 8.803299156184307E-8, 2.7222206954864525E-9, -3.2330630132306717E-10, 7.726036858445794E-9, 4.190703502433427E-7, 4.593058595452351E-9, 3.22754030344716E-8, 1.9990769142066386E-7, 2.1932079088029828E-7, 5.591389176493038E-7, 3.197484213771419E-7, 4.1254875198802674E-8, 2.2850140711510936E-8, 2.405229057237231E-9, 1.2432501473892544E-7, 1.2420898760091567E-6, 3.9418853195253744E-7, 7.371230452129603E-8, 1.2960968130762473E-6, 6.502982629357515E-9, 2.9102292407851283E-6, 5.635458889058777E-7, 6.123804824448271E-7, 1.1752255490369427E-6, 1.3051878233925845E-6, 3.3821565487259993E-7, 2.9648039290476073E-9, 3.879342049509617E-6, 1.5461421883070228E-6, 7.23683957442707E-7, 8.03209308614767E-7, 1.2709932088636242E-7, 5.734160379161476E-8, 1.1434304205981794E-8, 2.1635827664127527E-6, 8.395805578364248E-7, 1.0301875667232631E-6, 6.358096165917082E-7, 1.8323460119452788E-6, 1.2096359903675014E-5, 8.255603690758087E-7, 3.6738317531593483E-6, 2.631388999635674E-6, 1.624560661671256E-6, 1.6466307090456887E-6, 1.3130853876235562E-9, 1.3512200179744802E-7, 9.44592672976422E-6, 1.6742119823148053E-7, 2.3164155799271075E-6, 1.3547770995194457E-6, 2.7559225236723415E-6, 1.8884346644104242E-7, 2.6282293842930036E-5, 1.098525664344165E-5, 5.3686456083563115E-5, 1.0149779537596554E-7, 1.7128254396032543E-6, 1.565142200837078E-5, 2.7843694527779432E-5, 2.1583432620050135E-5, 4.7522353069973475E-7, 9.918168352556416E-6, 4.460538983780147E-7, 6.223091528705975E-5
0.999999998483758, 1.0000000002440597, 0.9999999989432911, 1.0000000008040817, 0.9999999988001627, 0.9999999928648469, 0.9999999990435805, 0.9999999925719805, 0.9999999957222062, 0.9999999993637239, 0.9999999981102929, 0.9999999899689473, 0.9999999927457033, 0.9999999968628845, 0.9999999996397639, 0.9999999970233397, 1.000000000082775, 1.000000000683197, 0.9999999683141643, 0.9999999895192581, 0.999999998184588, 0.9999999078194437, 0.9999999960684082, 0.9999999695251166, 0.9999999651998712, 0.9999999982403154, 0.9999999630808114, 0.9999999318719808, 1.0000000002653788, 0.9999999609544625, 0.999999887066348, 0.9999997505764108, 0.9999999886914205, 0.9999999869188878, 0.9999999927399328, 0.9999999989960768, 0.9999999141621002, 0.9999999920746198, 0.9999999977098446, 0.9999999987700554, 0.9999995820887044, 0.9999999965757593, 0.9999999699996102, 0.9999998032140266, 0.9999997805412691, 0.9999994424676633, 0.9999996800942781, 0.9999999609703676, 0.9999999746902681, 0.9999999982167547, 0.9999998778294203, 0.9999987553903622, 0.9999996089032239, 0.9999999264901794, 0.9999987003963642, 0.9999999929890795, 0.9999970897866222, 0.9999994378428505, 0.9999993875287123, 0.9999988247744542, 0.9999986969934374, 0.9999996569902899, 1.0000000007034417, 0.9999961208248054, 0.9999984485917082, 0.9999992743984087, 0.9999991930490454, 0.9999998729006843, 0.9999999437678653, 0.9999999880816877, 0.9999978371109661, 0.9999991581780945, 0.9999989691626052, 0.9999993627175737, 0.999998166010809, 0.9999879020388891, 0.9999991725924116, 0.9999963281001799, 0.9999973707972487, 0.9999983732547574, 0.9999983531511203, 0.9999999986869051, 0.9999998636697565, 0.999990554051947, 0.9999998352291586, 0.9999976790644858, 0.9999986445878135, 0.9999972460758109, 0.9999998133497239, 0.9999737181571405, 0.9999890100459097, 0.9999463108944817, 0.9999998994635473, 0.9999982899700932, 0.999984346377983, 0.9999721600393849, 0.9999784171824775, 0.9999995239800268, 0.999990081806241, 0.9999995490830332, 0.9999377675139611
-1.2360742282616282E-10, 1.2710150550513856E-10, 6.216198237197784E-9, 7.549188172611107E-10, -1.0145943496815688E-9, 1.3959232515361943E-8, 1.5059554964358353E-8, -8.834542410883263E-10, 9.265009039889225E-9, 2.5171224010291252E-9, 1.0263922980167612E-8, 2.0338572870036423E-8, 4.700612147813688E-8, 2.3155483253105875E-9, 7.888367911569179E-9, 6.913637013753486E-9, 2.6707733583256962E-8, 1.327386848994694E-8, 1.0018109674699006E-7, 1.096734749264496E-7, 6.767726005070371E-9, 1.64419178937398E-8, 1.1748096698491384E-9, 3.191204914330889E-9, 4.375374601139646E-8, 5.105616763747866E-9, 1.4600524815022014E-8, 5.268533398422558E-8, 4.1043455809399805E-8, 7.768519326418311E-10, 3.394491379685457E-8, -1.234543945026663E-9, -4.780891612522059E-10, -2.2868816971373293E-9, 4.241874138627753E-9, 3.37562039750528E-8, 1.1551971388648148E-8, 1.0295909493210663E-7, 4.635853927518338E-10, 1.5363181002081478E-7, 6.873676356168329E-8, 2.3402820731084713E-7, 8.65290305294938E-8, 7.722577032616617E-9, 5.8001066770627113E-8, 3.622584493000478E-8, 1.5483685345186158E-7, 7.074870471514466E-8, 7.597488482942698E-8, 9.300984703571494E-8, 1.123065883628995E-8, 2.3572230199673568E-7, 2.542506806640195E-7, 3.4366437832548064E-8, 3.8884148951897387E-8, 4.3599033658097516E-7, 4.7586950043480856E-7, 3.147892580879352E-7, 5.288848366830401E-7, 1.0611573352772595E-7, 1.8436059148384225E-6, 1.1273275448338349E-6, 4.04960910380974E-7, 9.75404610623746E-7, 1.1169438971872675E-6, 1.600029256701867E-6, 1.0020374628929855E-5, 7.646806788489092E-9, 9.412119144550319E-8, 1.7858872655131948E-6, 6.362969966966784E-7, 2.470943601949174E-6, 6.193413134275866E-7, 1.1857890940243563E-5, 9.057368318590106E-7, 4.135119829962153E-7, 2.644529593816917E-6, 4.774530423703577E-6, 1.0035391671088714E-6, 3.5101266692192315E-7, 5.68021025729036E-6, 1.5655463192128076E-7, 2.1950044565368387E-6, 2.6586908004527083E-5, 6.981297297490666E-6, 1.695224062374762E-7, 2.0899161225080973E-6, 1.157839673712252E-5, 2.447305289885083E-5, 1.3953260800117333E-6, 7.609614127500395E-6, 5.423035775514582E-6, 1.482889923185677E-6, 1.2375636930049152E-8, 5.608609687346832E-5, 4.258853120579785E-6, 1.1746708529389848E-5, 5.524933856607836E-6, 4.2440378293145685E-7, 1.5733252644922673E-5, 1.2464041003565514E-6
1.00000000009039, 0.9999999990040487, 0.999999991960145, 1.0000000016482478, 1.0000000005766583, 0.9999999842736944, 0.9999999858101634, 0.999999998587578, 0.9999999871216045, 1.000000000602693, 0.9999999905329374, 0.9999999801235897, 0.9999999561564388, 0.9999999924953529, 0.9999999939711837, 0.9999999914127389, 0.9999999728894403, 0.9999999889342652, 0.9999998999723804, 0.9999998911872838, 0.999999993305519, 0.9999999797063592, 0.9999999981287842, 1.00000000138718, 0.9999999507924873, 0.9999999976294662, 0.9999999837152534, 0.9999999506906694, 0.999999960385775, 0.9999999999061941, 0.9999999626878521, 0.9999999993533709, 0.9999999986751273, 0.999999999044751, 0.9999999986083966, 0.999999966187058, 0.9999999906345323, 0.9999998917954851, 0.9999999967815456, 0.9999998528618552, 0.9999999324477111, 0.9999997672807924, 0.9999999157592085, 0.9999999954038827, 0.9999999418229268, 0.9999999652159768, 0.999999845013416, 0.9999999311310045, 0.999999921575577, 0.9999999076583286, 0.9999999907482675, 0.9999997617497807, 0.9999997488303604, 0.9999999658063763, 0.9999999576233267, 0.9999995634353136, 0.9999995241466088, 0.9999996864211645, 0.9999994710717293, 0.9999998938842647, 0.9999981588679159, 0.9999988679069842, 0.9999995988302421, 0.9999990247956391, 0.9999988777407394, 0.9999983999917229, 0.9999899759339825, 0.9999999923531978, 0.9999999070393888, 0.9999982136190041, 0.9999993644205794, 0.9999975267008014, 0.9999993799756763, 0.9999881404927428, 0.9999990927874391, 0.9999995850098964, 0.9999973532134236, 0.9999952270451189, 0.9999989985144628, 0.9999996467131329, 0.9999943196752168, 0.999999843445367, 0.9999978037326973, 0.9999734088737904, 0.9999930216455322, 0.9999998284105662, 0.9999979115346191, 0.9999884236004355, 0.9999755277013127, 0.9999986037915113, 0.9999923901960501, 0.999994573739592, 0.9999985179379425, 0.9999999906466811, 0.9999439149284819, 0.9999957401224533, 0.9999882531088178, 0.9999944741258061, 0.9999995756155078, 0.9999842695022063, 0.9999987583547326
1.4578996159668552E-9, 6.116331624188101E-10, -8.148346663861098E-10, 5.456373469647913E-9, -5.819721510233542E-11, -4.0932564164604174E-10, 2.0798346406919666E-9, 2.3194400482911516E-9, -1.2533475915348792E-9, 6.551617299501541E-10, 2.043394490052418E-8, 4.775854395237524E-9, 9.561933092857681E-9, 8.564197999371233E-10, 6.128544731930016E-9, 1.7216327210859669E-9, 2.5427715665981335E-8, 1.567383126987067E-8, 3.406139841542689E-9, 3.878292811645771E-9, 3.9980223371526385E-8, 1.914818173259055E-8, 2.4720373689203573E-8, 1.478757538205959E-8, 2.2194706161415466E-8, 6.113046889445625E-8, 2.2613537667993483E-8, 1.552290880936036E-8, 2.9725571993564873E-8, 1.1214153104869704E-8, 1.754636588022808E-7, 6.891674633937672E-9, 9.794895751175154E-8, 2.414059935203616E-7, 1.6482189007338045E-9, 3.561427006204158E-8, 4.267641230441759E-8, 2.6663647408645346E-7, 2.8462255519824326E-7, 1.944063087805337E-7, 8.815914710785002E-7, 1.475810603277955E-7, 1.0147499557649265E-9, 2.7005987933045774E-7, 1.4065026758041513E-7, 1.3911210455941569E-8, 2.4870060222846825E-7, 1.0329441782325375E-6, 1.1108895369731558E-9, 4.864967505693646E-9, 2.249914526217917E-8, 8.61472457928651E-9, 8.640630752252373E-8, 1.7299269047649217E-7, 1.9988015631572044E-7, 4.038408452886894E-8, 2.7036156462287413E-8, 2.4309507525171503E-7, 4.0871418635393076E-7, 4.673469027137749E-7, 1.4293042941198E-7, 4.4734068422409943E-7, 1.818407101085871E-6, 8.044555268214482E-8, 4.17535673144352E-7, 4.554984346120311E-8, 6.417280586812085E-7, 2.0975220309968103E-6, 2.3310980693986354E-6, 2.363453763322467E-6, 2.0407741528444434E-7, 4.313433301756292E-7, 1.8385913582766253E-8, 2.587562999480824E-7, 1.952955860104502E-7, 1.0725841427506558E-6, 3.2063802875946494E-6, 1.7953286915822405E-6, 5.565340937625053E-9, 4.5817286053528626E-7, 1.7704142861394294E-6, 2.743781871116503E-6, 3.007229145410149E-6, 5.265246601744904E-6, 4.085288213694275E-6, 2.219148269310092E-7, 2.0274681451824132E-6, 1.311630766318592E-6, 1.7501070885773897E-7, 1.1683791602977892E-8, 7.93768321873764E-6, 9.887410520081713E-6, 3.2477491487734315E-5, 4.402516584478219E-7, 5.595308005763676E-5, 5.4977201914766E-8, 1.2658963797529095E-6, 1.5835540051630626E-5, 2.235948660804498E-5, 1.0713059292701927E-5, 8.706203402064934E-5
0.9999999985075225, 0.9999999985243161, 0.9999999989912256, 0.9999999973592172, 0.999999999658453, 0.9999999985940928, 0.9999999986552952, 0.9999999953853653, 0.9999999977041405, 1.000000002554464, 0.9999999803307418, 0.9999999956599476, 0.9999999938681283, 0.9999999939651886, 0.9999999959690857, 0.9999999965959554, 0.9999999742450747, 0.9999999865459228, 0.9999999967668622, 0.9999999969760995, 0.9999999600805567, 0.9999999769769727, 0.9999999746533264, 0.9999999897819274, 0.9999999723681868, 0.9999999413203471, 0.9999999757050029, 0.9999999879508484, 0.9999999717852568, 0.9999999894986638, 0.9999998211668695, 0.9999999911572218, 0.9999999002191005, 0.999999755497585, 1.0000000008524186, 0.9999999643283022, 0.9999999595145481, 0.9999997280318409, 0.999999712607863, 0.9999998121046939, 0.999999119499692, 0.999999853653452, 1.0000000015252897, 0.9999997331439006, 0.9999998591944144, 0.9999999875189949, 0.9999997511416918, 0.9999989689601831, 0.999999996519356, 0.9999999957764206, 0.9999999798009431, 0.9999999889464641, 0.9999999167038316, 0.9999998272194426, 0.9999997966102206, 0.9999999590389379, 0.9999999729796817, 0.9999997581495083, 0.9999995912809132, 0.9999995326531002, 0.9999998595067827, 0.9999995478659389, 0.9999981852171718, 0.9999999197289415, 0.9999995772269831, 0.9999999524821634, 0.9999993545527357, 0.9999979024779799, 0.9999976702465925, 0.9999976360525122, 0.999999796607197, 0.9999995666832913, 0.999999980982867, 0.9999997397912148, 0.9999998033054915, 0.9999989252283383, 0.9999967915423061, 0.9999982066809497, 0.999999996620101, 0.9999995395388015, 0.9999982294463667, 0.9999972562181274, 0.999996991494243, 0.999994731796108, 0.9999959175022658, 0.999999775831603, 0.9999979719345525, 0.9999986898824393, 0.999999827046935, 0.9999999874352616, 0.9999920597131233, 0.9999901088410785, 0.9999675286451242, 0.999999562762921, 0.9999440479131257, 0.9999999412679905, 0.9999987361112126, 0.9999841642901768, 0.9999776429683462, 0.9999892815367538, 0.9999129363118979
3.2740967074813186E-10, -3.222889731532005E-10, -1.5077306624947182E-9, 1.0960756308663057E-8, 4.890738163226045E-10, 4.849966709318894E-9, 6.843181441586877E-10, 2.7293204031657718E-8, -2.0457320515104318E-9, 1.660031268345379E-8, 4.050672382985072E-9, 1.088905710225622E-8, 1.042049770813644E-8, -2.5153841489011862E-9, 3.589862610698444E-9, -1.168222369830087E-10, 3.98152228313705E-9, 1.6430702394874317E-8, -6.081381202430267E-10, 7.871938783752811E-9, 3.197904102004985E-8, -2.8860593998951835E-9, 4.8612350419242515E-9, 2.8167105199034516E-9, 2.7111215606076266E-9, 3.7408354174451935E-8, 1.0232707797563732E-8, 4.153454311942176E-8, 1.659458276073762E-7, 6.562854617547556E-9, 7.612446702797747E-8, 2.4274945371283237E-8, 7.931748791169911E-8, 1.5310132680702248E-9, 3.1874383851339406E-8, 4.898390994011714E-9, 3.1131430438870103E-7, 8.506395896923828E-7, -4.4554164333150844E-10, 3.429944601555905E-8, 8.791004262744779E-8, 1.4919919389776572E-7, 8.487638637889824E-9, 4.106207849747282E-9, 7.452013109979604E-9, 2.3237394376552866E-8, 3.8161143425494164E-9, 6.559507508099935E-7, 6.681159517503928E-8, 1.002409745338162E-6, 7.345205386199935E-8, 4.216780890366552E-8, 1.1243019199161397E-7, 3.8958380693748724E-7, 7.018857660842189E-8, 5.291055841525171E-8, 6.927807400476048E-7, 9.742446941815342E-7, 3.1511366622653836E-7, 1.9998891460836716E-8, 2.3119345644229196E-6, 1.1807561870361144E-7, 4.308362009278825E-9, 3.6027295799913913E-9, 1.8253477097401994E-7, 1.1755719152588784E-6, 2.5167253078187677E-8, 1.798291203949373E-7, 1.7852139993380347E-6, 5.683900350234544E-7, 3.534225216587573E-8, 1.7228444506983085E-6, 5.797442334378415E-7, 7.470053872342191E-7, 2.4604002318180113E-6, 1.0433312285067788E-6, 2.9625254847122168E-6, 5.874285393645713E-7, 1.567864215973448E-5, 1.8378891380519397E-5, 5.429578715704781E-7, 9.344193852700101E-8, 6.313606500484141E-7, 7.819428139285246E-8, 1.8948367853134746E-6, 2.0048736800044256E-6, 9.913500672004948E-6, 6.508202095136912E-8, 7.926979634227005E-6, 1.028066759825968E-6, 1.550820288519917E-5, 2.3607913809732134E-7, 4.874837332864142E-5, 1.7222988287705012E-6, 4.830099739182439E-6, 5.756244227563323E-6, 5.710943513806731E-6, 1.982069115355761E-8, 5.471425507732875E-8, 2.0379832447291572E-5, 3.814092865747878E-5
0.9999999996424251, 0.9999999995178643, 0.9999999997692663, 0.9999999912401845, 0.9999999991144042, 0.9999999934509849, 1.000000000083359, 0.999999970411749, 0.9999999984093776, 0.9999999866274436, 0.9999999967153494, 0.9999999896677338, 0.9999999927230523, 0.9999999972802729, 0.9999999981556814, 0.9999999983365067, 0.9999999956080324, 0.9999999857773363, 1.000000000780312, 0.9999999929823908, 0.9999999680643255, 0.9999999990133442, 0.9999999945131104, 1.0000000017677912, 0.9999999918653009, 0.9999999651862639, 0.9999999880850179, 0.9999999618135198, 0.9999998354888617, 0.9999999941130925, 0.9999999204231079, 0.9999999737508491, 0.9999999188941356, 0.9999999954163157, 0.9999999706232341, 0.9999999950516028, 0.9999996908899829, 0.9999991440273177, 0.9999999979758829, 0.9999999721795221, 0.9999999131255751, 0.999999852010951, 0.9999999938018107, 0.999999999013083, 0.9999999924324217, 0.9999999784924634, 0.9999999960338763, 0.9999993459579722, 0.9999999307292293, 0.9999989982090509, 0.9999999285325682, 0.9999999553455151, 0.9999998905998141, 0.9999996105935363, 0.9999999263046755, 0.9999999465435851, 0.9999993072346044, 0.9999990269562258, 0.9999996848725907, 0.9999999800011162, 0.9999976905122661, 0.9999998770931836, 0.9999999994292741, 0.9999999965867477, 0.9999998121265388, 0.9999988244515423, 0.9999999711022671, 0.9999998201708817, 0.9999982159331355, 0.9999994311096385, 0.9999999653418337, 0.9999982747594747, 0.9999994196801899, 0.9999992512903906, 0.9999975381220552, 0.9999989550731176, 0.9999970354929384, 0.9999994140653168, 0.9999843236107226, 0.999981618094524, 0.9999994569014639, 0.9999999065580671, 0.99999936734343, 0.9999999165020691, 0.9999981076504084, 0.9999979929538552, 0.9999900835139695, 0.999999936429448, 0.9999920752292639, 0.9999989701685537, 0.9999844898074652, 0.9999997606823348, 0.9999512545632807, 0.9999982806153318, 0.9999951690691755, 0.9999942446073977, 0.9999942924576795, 0.9999999767078688, 0.9999999453105131, 0.9999796199568134, 0.9999618605042286
1.9016941042131223E-10, 1.1303487023415192E-8, -1.4178433811235316E-9, 2.006933263213677E-9, -1.9811003122757998E-10, 4.012607306288381E-10, 3.834656523425261E-9, 4.099918795257967E-10, -1.4032687675176493E-9, 9.78135914540682E-9, 1.1177014056629942E-8, 4.81199394958784E-10, 7.661034500226382E-9, 2.1985578680467843E-9, 9.893577513371402E-10, 5.498034176603619E-9, 2.1423950627076263E-8, 2.265109719434426E-9, 1.6694184115670922E-9, 5.772485252117464E-9, 7.336071529762696E-9, 6.503693012476843E-9, 8.215919607925363E-8, 3.726039435147651E-8, 2.5267242090445776E-8, 1.5432932109151754E-8, 3.448741822682909E-8, 3.2249231184842273E-8, 3.6511661011216117E-8, 4.398281398733757E-9, 1.408749877169709E-8, 9.473407033139683E-9, 4.177176456559583E-10, 4.4114095046754207E-7, 2.6193449351413684E-9, 8.854164419141149E-8, 3.671501310905271E-7, 3.280652888332223E-7, 2.154682792005454E-9, 1.5077740317312724E-7, 1.3022518066869702E-7, 2.912321766160068E-9, 2.0755416076510982E-9, 2.6429779283463803E-9, 1.1158556093605581E-7, 1.4003661880557226E-8, 1.4807151127640637E-8, 1.7508687343979264E-7, 6.192390467769457E-7, 7.03106798743153E-8, 4.578241521536697E-7, 1.0311335115177947E-7, 3.215165267341908E-8, 3.5575845065366036E-8, 6.072596512886835E-7, 6.680642386302373E-7, 3.0092102476811047E-7, 6.225238273240814E-7, 6.960841284170922E-7, 8.830349055914092E-7, 7.367317134769325E-8, 8.443464636280993E-7, 1.5405960326659418E-7, 2.013418150270175E-7, 1.1905754972742585E-7, 7.566869061651595E-7, 2.6341708581566486E-7, 2.923290922914766E-7, 5.2507932611469095E-8, 1.8206180053106463E-6, 1.1247681162782856E-7, 5.302116031741219E-8, 2.911774420254893E-6, 7.520971879497525E-7, 2.627540091124557E-8, 7.142786207584025E-7, 1.7961686423443598E-6, 2.265043270356393E-7, 2.502889765788363E-7, 6.148495041822954E-6, 1.8686664074099076E-6, 4.148114858040678E-6, 1.4511989864237403E-7, 6.559607996387123E-6, 7.201756110269775E-6, 9.302026513957183E-7, 8.219411043840255E-8, 1.692560746675219E-5, 1.814876773791583E-5, 2.989952842536718E-7, 2.7069036110285444E-5, 2.979103765281292E-5, 3.239188134023716E-5, 3.410441907463456E-7, 2.783291112593359E-6, 5.1123214309763505E-6, 1.543231986756439E-5, 2.8642316266168227E-5, 1.1327357581822017E-6, 2.8993886949480707E-5, 1.8580852934969393E-5
0.9999999997770865, 0.9999999878397254, 0.9999999996782282, 1.0000000006897936, 0.9999999997483406, 0.9999999979056542, 0.9999999968919338, 0.9999999973921503, 0.9999999978118943, 0.999999993001792, 0.9999999895609372, 0.9999999999751106, 0.9999999953396839, 0.9999999924992521, 1.0000000009521555, 0.9999999926945597, 0.9999999782265383, 0.9999999999598093, 0.9999999985117836, 0.9999999950848922, 0.9999999927558797, 0.9999999896948316, 0.999999917215564, 0.9999999673267954, 0.9999999693110828, 0.9999999870185698, 0.999999964010108, 0.9999999712255379, 0.9999999649855202, 0.9999999963077755, 0.9999999824950054, 0.9999999886391902, 0.9999999977779438, 0.9999995557635679, 1.0000000000289258, 0.9999999113904898, 0.99999963505639, 0.999999666600826, 0.9999999950675507, 0.9999998557131433, 0.9999998710921064, 0.999999998471095, 1.000000000158439, 1.0000000004905825, 0.9999998882929961, 0.999999987426097, 0.999999985034018, 0.9999998268028527, 0.9999993783193271, 0.9999999303089998, 0.9999995445238004, 0.9999998944418773, 0.9999999708752618, 0.9999999646432408, 0.9999993892128368, 0.9999993313208462, 0.9999996990933255, 0.9999993788439904, 0.9999993039061181, 0.9999991169650941, 0.9999999284949237, 0.9999991508995766, 0.9999998496015816, 0.9999997988479226, 0.9999998757108455, 0.9999992413428787, 0.9999997329140373, 0.9999997076709, 0.9999999485946391, 0.9999981788522281, 0.9999998881925294, 0.9999999448687884, 0.9999970874827375, 0.9999992464852081, 0.9999999723099051, 0.9999992840469827, 0.9999982019842145, 0.9999997751534346, 0.9999997517404575, 0.9999938494824585, 0.9999981312109334, 0.999995851406389, 0.9999998536306489, 0.9999934377514965, 0.9999928002155907, 0.9999990679108279, 0.9999999193399937, 0.9999830762911184, 0.9999818536483753, 0.9999997002565223, 0.9999729289406101, 0.9999702052672642, 0.9999676142473453, 0.9999996618563678, 0.9999972137039537, 0.999994888486095, 0.9999845682838006, 0.9999713553143144, 0.9999988672396265, 0.9999710058418805, 0.9999814197986476
1.095070673970486E-9, 2.5021563187577618E-9, 6.293336942370469E-9, 2.5621547007264273E-9, 1.382410067380325E-9, 2.0650034218859703E-9, 3.418162627003299E-9, 3.2686955405991183E-9, 1.1548140992530314E-9, 5.2915295990192863E-8, 5.4092457620510856E-8, 2.0561930147368602E-8, -1.4354932010380492E-10, 2.208718722509311E-9, 2.513161394696412E-9, 1.4776745589957595E-9, 6.596236421991889E-8, 2.9088962799453177E-9, 3.301879447726313E-8, 4.2443494827691566E-9, 8.743411868115311E-10, -1.7735535225270718E-9, 3.736809199585823E-10, 4.1686897227101746E-9, -2.4934615148038354E-9, 1.1824708242306443E-8, 4.273110572150904E-9, 3.115755338823673E-8, 1.1210800461834082E-7, 4.188430032515682E-8, 4.7506895477327345E-9, 9.743749282077822E-9, 1.4478444120313066E-8, -2.6168322121226667E-9, 7.683671447766578E-8, 8.04326939859026E-8, 2.3776769678446842E-8, -3.4441195203877312E-9, 7.551411279162193E-10, 1.9254426972938034E-8, 1.4794618621844327E-7, 1.8783420008732772E-7, 4.1043794347041575E-8, 3.3274521208828313E-7, 3.1924169486759076E-8, 1.2726849366582686E-8, 3.42339934224744E-8, 7.448747874382115E-8, 5.501475997640965E-9, 1.960917017706754E-8, 3.4680782889657456E-7, 8.264337006612902E-9, 2.943995133168577E-7, 1.9222214623061796E-8, 1.0045653015172083E-7, 1.1148139018701748E-7, 1.1398097020236254E-7, 6.062577402522621E-8, 6.612566112262719E-8, 1.0087488810642144E-6, 4.40705055297107E-6, 4.6499353037693636E-8, 5.941102804097049E-7, 1.397778730068639E-6, 5.945841366754185E-7, 1.534090109299136E-7, 1.5300954785263214E-6, 6.883189552895423E-7, 2.1642159260408842E-7, 7.304555597926384E-7, 1.6940997218451566E-7, 1.7361864470054361E-6, 3.042736064237098E-6, 1.5924078144164686E-7, 3.7689091463857694E-7, 3.3267441819671506E-6, 3.231758361313268E-7, 1.4431078714943111E-7, 2.3131289686327697E-9, 1.5101625953952253E-6, 2.677839843078205E-7, 5.2968030086412215E-6, 7.377152960563263E-7, 3.2342189157715935E-9, 1.4303620176201612E-6, 6.484878822451776E-6, 2.9921836238523655E-5, 3.7262984958868426E-6, 3.636007342642092E-7, 5.3762196920051315E-6, 4.881544335059889E-6, 1.8644973046090652E-6, 4.7237567236855895E-6, 1.9026935206459382E-8, 1.1421474909848929E-5, 2.503165082471357E-5, 7.391288145111159E-8, 5.74479387381641E-6, 6.26347023060722E-6, 4.45759134025293E-5, 4.7984069348945755E-5
0.9999999988709376, 0.9999999965976749, 0.9999999918656375, 0.999999999922953, 0.9999999981446861, 0.9999999961868906, 0.9999999973498492, 0.999999994285663, 0.9999999952467711, 0.9999999498683011, 0.9999999468726555, 0.9999999799208483, 1.0000000036240793, 0.9999999925545164, 0.9999999992500455, 0.9999999967454385, 0.9999999337042471, 0.9999999993187924, 0.9999999671437815, 0.9999999967389454, 0.9999999991770552, 0.9999999979670797, 0.9999999989228617, 1.0000000003967862, 0.9999999970748726, 0.9999999906286248, 0.999999994212347, 0.9999999721932968, 0.9999998894024238, 0.9999999588232663, 0.9999999918124569, 0.9999999880591446, 0.999999983690701, 0.9999999994854658, 0.9999999259540626, 0.9999999195256041, 0.9999999783929403, 0.9999999981866962, 0.9999999966542945, 0.9999999872275498, 0.9999998532694504, 0.999999813357993, 0.9999999612196244, 0.999999670378775, 0.9999999679344533, 0.9999999888920056, 0.9999999656089315, 0.9999999276720231, 0.9999999919840319, 0.9999999810096714, 0.9999996551385674, 0.9999999892559797, 0.9999997087018235, 0.9999999809636897, 0.9999998960224217, 0.9999998879830319, 0.9999998860344192, 0.9999999406314426, 0.999999933854153, 0.9999989912511221, 0.9999955953640626, 0.9999999486900745, 0.9999994095136492, 0.9999986023987157, 0.9999994001021103, 0.999999844671499, 0.9999984662070751, 0.9999993116810417, 0.999999784653988, 0.9999992690497277, 0.9999998312291106, 0.9999982616320642, 0.9999969566222162, 0.999999839160031, 0.9999996216860185, 0.9999966712074135, 0.9999996749589726, 0.9999998574056208, 0.999999999866723, 0.9999984875268708, 0.9999997320822751, 0.9999947031969868, 0.9999992610051375, 0.9999999915040687, 0.9999985713702408, 0.999993510625022, 0.9999700757019461, 0.9999962755900819, 0.9999996384768126, 0.9999946220810735, 0.9999951137415691, 0.9999981326457825, 0.9999952770555396, 0.9999999835873197, 0.9999885763212397, 0.9999749669634488, 0.9999999243702979, 0.9999942543512239, 0.999993736529772, 0.9999554260231138, 0.9999520142556866
1.0096248031987514E-9, -6.30085899942715E-10, 1.5591709867671864E-9, 4.057571022994029E-10, 3.3721170370769476E-10, 7.673481135186905E-9, 6.117095564320534E-9, 5.892466839377939E-9, 6.042565532584207E-10, 8.554619850918247E-9, 4.884032126731467E-9, 2.947494880954242E-9, 2.0594067367010705E-9, -1.4774318168774316E-9, 1.2496011845992292E-9, 3.865386269375864E-8, 3.933315123368151E-8, 1.1352198421298566E-8, 2.5510648729639216E-8, 7.581333445776808E-9, 4.667165337329011E-9, 1.920566839473296E-8, 2.890398118133278E-8, 1.152732855639314E-8, -3.165598159185791E-9, 1.5019043290647452E-7, 8.059220326406357E-10, 2.3541092464847686E-9, 1.1270903562480238E-8, 8.490396511130499E-10, 9.69069290058486E-9, 1.291836784638005E-9, 1.8427104992980687E-7, 1.5696754438315472E-8, 6.090805581570402E-8, 3.918638543257252E-8, 1.1861097185815502E-7, 8.011860664205103E-8, 1.5389819384890564E-7, 2.8782681631571473E-9, 3.199903583800323E-7, 1.6283428684248924E-7, 1.1277180289315662E-9, 2.001933760229513E-9, 4.991206237627868E-7, 1.634851052472403E-8, 1.009472529657754E-8, 1.1592562858788712E-7, -1.250869235438403E-9, 8.399730121115257E-8, 3.128969019001784E-8, 5.716004350484698E-8, 2.4135235550830325E-7, 9.040102609554824E-9, 5.329402415971848E-8, 8.805733026465698E-7, 1.8073223004068918E-7, 4.082484048074796E-7, 5.328518509282688E-7, 1.789614004263984E-6, 1.0633346981696731E-6, 5.735324167223898E-9, 7.84738305213815E-7, 4.552809517041077E-7, 3.304006549406019E-7, 1.3944460119367482E-6, 8.47389132184765E-8, 1.7639105525392607E-7, 6.350470257691328E-7, 5.257033203030375E-8, 1.8019560336627052E-7, 4.785479622765791E-8, 5.448820523827093E-7, 2.4761954561555243E-7, 5.7407741648313154E-6, 1.8948914321493988E-8, 2.737411640214133E-6, 1.967982163221503E-8, 5.007337983690438E-7, 1.3111990741743925E-6, 1.2287784455472065E-5, 2.7030992630987733E-6, 4.014014500484282E-7, 3.3142985899205077E-7, 8.928753285844786E-6, 2.0372305291343425E-7, 9.106919892836747E-7, 7.144633837697042E-8, 9.568382911688679E-6, 1.057148390749909E-5, 5.778252281420528E-8, 2.596803101505779E-7, 3.5030312415468346E-6, 1.5352286988377667E-7, 4.675359042779965E-6, 3.3190147782815406E-6, 2.951890175289686E-5, 1.2433172468840746E-5, 2.3942474557458673E-5, 3.0175851328880138E-5, 5.271115679629484E-6
0.999999998957716, 0.9999999997504059, 0.9999999965872888, 1.0000000023410964, 0.9999999992496321, 0.9999999906302244, 0.9999999946175029, 0.9999999918109035, 0.9999999958671919, 0.9999999946315965, 0.9999999958972124, 0.9999999975372645, 1.0000000011094108, 0.9999999962868236, 1.0000000005950493, 0.9999999596111371, 0.9999999603574794, 0.9999999908496294, 0.9999999746764173, 0.9999999932761341, 0.9999999953951503, 0.9999999769902923, 0.999999970414442, 0.9999999930565673, 0.9999999977114148, 0.9999998525041991, 0.9999999976871727, 1.0000000011061059, 0.9999999903233381, 0.9999999998584721, 0.9999999869161178, 0.9999999968549698, 0.999999813906132, 0.9999999813657374, 0.999999941882853, 0.9999999607319099, 0.9999998835874758, 0.9999999146523488, 0.9999998432584721, 1.0000000036573469, 0.9999996810832643, 0.9999998383994443, 1.0000000011011583, 1.0000000012162418, 0.9999995007537157, 0.9999999850639854, 0.9999999897320637, 0.99999988610181, 0.9999999988318563, 0.9999999166784646, 0.9999999711098827, 0.9999999403501928, 0.9999997617108567, 0.9999999911405277, 0.9999999431793105, 0.9999991188987003, 0.9999998192831725, 0.9999995929245593, 0.9999994671281391, 0.9999982103859806, 0.9999989388484365, 0.9999999895037952, 0.9999992189122684, 0.9999995448865334, 0.9999996643175693, 0.9999986055748934, 0.9999999114697683, 0.9999998236089451, 0.9999993660539617, 0.9999999469091697, 0.9999998204739525, 0.9999999500653484, 0.9999994544985769, 0.9999997509642462, 0.9999942578004927, 0.9999999795690829, 0.9999972607443589, 0.9999999818487784, 0.9999995014137286, 0.9999986864119035, 0.999987712017701, 0.9999972964295094, 0.9999995973423864, 0.9999996632476074, 0.999991073734775, 0.9999997942889851, 0.9999990908336899, 0.9999999301193084, 0.9999904332587093, 0.999989428949129, 0.9999999382613645, 0.9999997394625828, 0.9999965005244864, 0.9999998492829565, 0.999995323791574, 0.9999966791593343, 0.9999704825943233, 0.9999875630382834, 0.9999760602614951, 0.9999698219534234, 0.9999947288843236
-2.858731359440243E-9, 2.524901451749734E-9, 1.1183920620929828E-9, 3.172112677085796E-9, 9.38480750570971E-10, 1.3086769830383341E-9, 1.5265253295605683E-9, 1.1538943183642917E-8, -1.0611232783429387E-9, 3.264405246227725E-8, 4.263881753989163E-9, 5.617775462776007E-10, 1.030886189973154E-8, 3.809359581751676E-9, 8.480535338738914E-9, 4.636117311665869E-8, 6.030016709177258E-9, 1.8903769874429372E-8, 1.963581316833875E-8, 7.571328698666248E-9, 1.0843268477978827E-8, 7.678531748060614E-8, 1.6756913965037744E-8, 1.440160043025091E-8, 3.861118426191472E-8, 7.584122766848912E-9, -3.0411770260900155E-10, 1.4629141640347335E-9, 7.190473774669277E-10, 6.114023370438539E-8, 1.684468890312242E-8, 4.328433674536831E-8, 1.6620048283387923E-8, 2.7842807068351897E-8, 2.282087114301764E-8, 2.126880606768945E-8, 8.189408985411111E-7, 3.757468223346599E-9, 5.11400905766846E-9, 3.800504687116255E-8, 8.03951764428284E-8, 4.607244040231659E-8, 6.115005519719307E-7, 2.064146657277429E-7, 3.2661146052433895E-7, -2.3511061230967336E-10, 2.114119884303012E-7, 8.944215256176138E-8, 5.940074584605646E-8, 8.36901068300539E-8, 1.1512744409990671E-7, 9.57389725891846E-8, 7.474989626730297E-7, 1.3679596833596728E-8, 9.770496044357397E-7, 4.42283145606478E-7, 3.3106619033118724E-8, 6.558197911989103E-7, 1.3760310559169686E-6, 1.0829178314028215E-7, 1.8416250881235896E-7, 5.033803355674166E-7, 2.3062160194047347E-8, 4.778735703251782E-7, 1.1422286661321889E-6, 5.999666316949579E-6, 2.1194670271200247E-6, 7.023773319578447E-7, 6.939908496502843E-7, 1.7975459167684824E-8, 2.080892245691891E-6, 5.465533576685538E-9, 3.0573635980238156E-7, 1.2546119575487206E-7, 5.137813100784614E-6, 1.1013916591055353E-6, 4.480802130218861E-7, 1.7900773499646262E-6, 3.955831269142463E-6, 1.539246444338159E-6, 1.658692412010255E-6, 1.5465016170011858E-5, 1.5565187110394528E-5, 7.53317350328541E-9, 1.2889193251978934E-8, 1.7610109093869723E-5, 2.4110535054693993E-5, 3.866131857688694E-5, 5.2407237417821034E-5, 1.3525885840825638E-5, 1.3707112581972228E-6, 5.324384553738251E-7, 4.353057167656691E-6, 4.129509337275502E-5, 4.4791017634261725E-5, 2.2583207022448775E-5, 2.506825669707102E-5, 6.021559880023416E-8, 9.359182244645529E-6, 4.6109487102306036E-5, 5.366859715515874E-5
1.0000000028181018, 0.9999999966470428, 0.99999999716289, 0.9999999995483149, 0.9999999986634514, 0.9999999969215279, 0.9999999992464224, 0.9999999858907884, 0.9999999974942622, 0.9999999702897411, 0.9999999965753632, 0.9999999999591105, 0.9999999926924136, 0.9999999910195467, 0.9999999932931996, 0.9999999518162073, 0.9999999936208039, 0.9999999833039749, 0.9999999805447654, 0.9999999934518695, 0.999999989189311, 0.9999999193598385, 0.9999999825868845, 0.9999999902501739, 0.999999955965726, 0.9999999948636326, 0.9999999987883216, 1.0000000019184974, 1.0000000007924175, 0.9999999395515871, 0.9999999797513207, 0.999999954724743, 0.999999981567097, 0.9999999690162262, 0.9999999799491242, 0.9999999786601204, 0.9999991832539522, 0.999999990909088, 0.9999999922945961, 0.9999999685977035, 0.9999999208456818, 0.9999999551368237, 0.999999390741876, 0.9999997968235773, 0.999999673279018, 1.000000001826974, 0.9999997884360814, 0.9999999126703641, 0.9999999381773761, 0.9999999169593008, 0.9999998870489238, 0.9999999017444505, 0.9999992555323027, 0.9999999864909003, 0.9999990194318555, 0.9999995571702294, 0.9999999669091866, 0.9999993454296239, 0.9999986239235366, 0.9999998917082065, 0.9999998180274531, 0.9999994918639389, 0.9999999804543311, 0.9999995223024628, 0.999998852535374, 0.999993998384046, 0.999997877108887, 0.9999992976226721, 0.9999993073507776, 0.9999999815459331, 0.999997919908301, 0.999999992468717, 0.999999693643683, 0.9999998731132602, 0.9999948607087796, 0.999998897130287, 0.9999995499706313, 0.9999982117774023, 0.9999960465994777, 0.9999984586756916, 0.9999983411471631, 0.999984534983827, 0.9999844333259167, 0.9999999871562164, 0.9999999896115419, 0.9999823863279602, 0.9999758864807995, 0.9999613351427412, 0.999947592963082, 0.9999864728977618, 0.9999986252270141, 0.999999464394919, 0.9999956477277394, 0.9999587055208659, 0.9999552105463252, 0.9999774206318213, 0.999974932288356, 0.9999999337528039, 0.9999906381053325, 0.9999538922172448, 0.9999463328076623
1.328225550456742E-9, -8.080372909632616E-10, 6.651878577339987E-11, 4.4576547281440015E-9, 8.279271403102241E-9, 7.172889170725015E-10, 2.4882416797728516E-10, -3.714456083323807E-10, -3.08851016216084E-9, 1.2776614449953711E-9, 7.296659801447156E-10, 1.3575428098885409E-9, 3.7063020798059443E-9, 7.046347788395554E-10, 1.3723080400757991E-8, 2.2068876418690723E-9, -1.434897270187009E-9, 3.5694398368083565E-10, 1.7153033639734185E-8, 2.5945455108404754E-9, 5.637271280841055E-8, 3.7772099201052036E-8, 4.3614419622052666E-8, 4.690736551301776E-8, 4.88262424960804E-8, 3.040605664508776E-9, 8.391138402776577E-8, 9.966938751642956E-8, 6.827523416567612E-9, 1.6142341733785943E-7, 6.128358182099875E-9, 4.3014223927465865E-8, -1.5936755186018362E-9, 7.849186001721614E-9, 1.1073614336817518E-8, 3.2192141055771405E-9, 1.2206720037342216E-9, -3.0326940612608463E-9, 2.8509619109835195E-8, 1.290029408353607E-7, 5.779197090288849E-8, 6.223906520903545E-9, 5.197865343688523E-9, 8.965431212725298E-9, 7.290300051838122E-9, 1.1826843152514332E-8, 3.283681030877505E-8, 9.763353679769972E-8, 1.0585414691643058E-7, 7.789911210544414E-7, 3.695305065076587E-9, 7.182732834945483E-8, 4.2459389654804553E-7, 9.638747041082377E-10, 1.8416021831475143E-8, 9.576680579947155E-8, 1.2920513350577986E-6, 2.6995635954911532E-8, 5.332830393955447E-7, 3.424881465303803E-10, 2.2306530872687214E-7, 4.4240913246240257E-7, 4.846089518619879E-7, 7.410302850118569E-7, 3.362994418907157E-7, 1.0272013811841492E-7, 4.504069989200841E-7, 1.106907328910325E-8, 2.3650032269130288E-7, 2.7018055626693024E-8, 1.6347333819040544E-6, 4.699087320114367E-6, 3.557938396628301E-6, 5.105200166584348E-6, 3.936074469490095E-6, 3.2511186717523574E-8, 4.155048366868278E-7, 6.279500893979285E-7, 6.893075795289568E-7, 1.8014768374314274E-7, 1.1219308020290118E-5, 1.3444993381845652E-6, 6.774018249292126E-6, 1.4827718311971855E-7, 6.326476757977792E-7, 2.323153133933927E-6, 1.0040016525000689E-6, 8.163403235253956E-7, 6.607442538862571E-6, 1.7118614951918204E-7, 3.008262001686858E-5, 4.37987457086938E-5, 1.1051796476955868E-5, 3.4574808823422054E-6, 1.4112720913026942E-6, 5.0890493703195096E-8, 2.771526829583198E-6, 3.9798377972136414E-7, 1.0379675899604836E-5, 3.5997778614305798E-6, 4.3408021097952715E-6
0.9999999986389785, 0.9999999999847833, 0.9999999981455738, 0.9999999980758467, 0.9999999912031529, 0.9999999975761118, 1.0000000004781526, 0.9999999981750344, 0.9999999994591567, 1.0000000016640258, 1.0000000001107723, 0.9999999991407732, 0.9999999996538187, 0.999999994091147, 0.9999999880375579, 0.9999999961222659, 1.000000001028522, 1.0000000018648838, 0.9999999830094864, 0.9999999983007406, 0.9999999436905223, 0.999999958343721, 0.9999999557008918, 0.9999999577270204, 0.9999999457497857, 0.9999999996168403, 0.9999999142523424, 0.9999999037356659, 0.9999999946841611, 0.999999839326799, 0.9999999905118439, 0.9999999550822594, 0.9999999997127752, 0.99999998903887, 0.9999999915690774, 0.999999996720411, 1.000000000982477, 0.9999999978228638, 0.9999999688937183, 0.999999877500789, 0.9999999433135203, 0.9999999949382494, 0.999999997437044, 0.9999999941711621, 0.9999999925560622, 0.9999999897922576, 0.9999999670173219, 0.9999999042676446, 0.999999891724984, 0.9999992216015998, 0.9999999983596044, 0.9999999256674658, 0.9999995784170024, 0.9999999992059705, 0.9999999780473372, 0.9999999036581948, 0.9999987079640607, 0.9999999742239876, 0.9999994667029282, 0.999999999657514, 0.999999778974965, 0.9999995528293193, 0.9999995191400688, 0.9999992591370878, 0.9999996584686963, 0.9999998954141832, 0.999999545870514, 0.999999988930921, 0.9999997646134096, 0.9999999724831665, 0.9999983659169089, 0.9999952989209957, 0.9999964414506284, 0.9999948927597848, 0.9999960624485258, 0.9999999657958414, 0.9999995825117747, 0.9999993735172257, 0.9999993131259497, 0.9999998175568467, 0.9999887805243035, 0.9999986555006551, 0.9999932247250258, 0.999999846334863, 0.9999993698778167, 0.9999976751810643, 0.9999989953846864, 0.9999991830315299, 0.9999933948295077, 0.9999998297895478, 0.9999699172143146, 0.9999561984572728, 0.9999889485939872, 0.9999965427022066, 0.9999985878348914, 0.9999999463323486, 0.9999972271335147, 0.9999996011911585, 0.9999896203240987, 0.9999963953165625, 0.9999956598659083
-2.721870187078955E-10, 3.038722537240066E-9, 1.4841535384783038E-9, 1.27702194526127E-9, 1.9625545790572812E-8, 1.2171122438909274E-8, 1.0742318236664253E-9, -5.530389136578363E-10, -1.9646454871907017E-9, 7.030427929292537E-9, 3.498015332538814E-9, 6.1886906413780515E-9, 6.0314558827638565E-9, -2.5559463587549844E-9, 1.988051542805427E-8, 6.534626180983873E-9, -4.942063427496181E-10, 5.030921317634244E-9, 5.906855583833811E-8, 6.517688675724274E-8, 5.255923607167654E-9, 2.2567959879576738E-8, -8.128299637641848E-11, 2.280117149039153E-8, 2.061041179735052E-8, 1.4221912709130561E-9, 6.83703289212021E-8, 6.144291493969021E-9, 2.0542039479837235E-8, 1.3935298587074351E-8, 5.004531180970428E-10, 1.9610292194940863E-8, 3.0341833410938673E-9, 6.304240294522507E-8, 7.198365409329492E-8, -6.121617111665653E-11, 6.207273277133257E-7, -2.0272225649129795E-9, -1.452389472587214E-9, 4.298115055986512E-9, 4.444619701279515E-9, 1.9230101291722145E-7, 3.315171543765497E-7, 1.529591726559261E-7, 1.2281284222103352E-7, 1.6708082746386487E-8, 1.22214540599537E-7, 4.7495211775205255E-8, 8.754011621115596E-8, 2.3983135533903757E-8, 2.0567533565909663E-7, 2.9483747052462806E-7, 4.842692139084875E-7, 3.7861071140884016E-7, 3.995841930909585E-7, 7.543837005240091E-8, 1.75017768771844E-8, 3.7046050396157517E-7, 9.703988346959867E-7, 2.959869394591689E-7, 1.436323799611943E-6, 1.371694110475306E-6, 1.916474442604644E-7, 2.2615540263199302E-6, 8.022972550163325E-6, 1.8428328093164749E-6, 2.0512975188157377E-7, 3.8368141902960745E-8, 8.874469164261437E-6, 7.602855629536763E-8, 2.3816141556524436E-6, 6.070706975765533E-7, 2.3455168856478304E-7, 1.6781170906729031E-6, 5.178568537632455E-7, 9.280657981216979E-8, 1.986437598044088E-8, 4.215963559044404E-6, 4.631347244736695E-6, 2.311639986566279E-8, 1.263188295525371E-7, 2.549533470253627E-6, 1.0894981736290447E-6, 3.495129782912402E-8, 2.6661939741531863E-6, 1.86195405048794E-5, 5.225211103702702E-7, 1.7964277694652186E-7, 1.3691888406453808E-6, 6.354389418336921E-6, 4.1885852724948793E-7, 2.5460959637326933E-5, 3.845495196113769E-6, 5.259274774790196E-5, 1.3298197782984658E-7, 2.54136761965488E-5, 1.0089566827487842E-4, 2.0669267217443913E-5, 2.3007478776875068E-5, 6.576419010343749E-6, 5.192192866617587E-5
1.000000000241795, 0.9999999960449688, 0.9999999967902187, 1.0000000009890577, 0.99999997993586, 0.9999999859286114, 0.9999999996498488, 0.9999999983897112, 0.9999999984300353, 0.9999999961797257, 0.9999999972403477, 0.9999999943112378, 0.9999999971915047, 0.9999999973832994, 0.9999999822928165, 0.9999999915125746, 1.000000000190663, 0.9999999972707614, 0.9999999410849476, 0.9999999356805928, 0.9999999948001426, 0.9999999735601866, 0.9999999994553719, 0.9999999818649462, 0.9999999739628902, 1.0000000010232417, 0.9999999301142053, 0.9999999972608162, 0.9999999811362863, 0.9999999867800959, 0.999999996032473, 0.9999999782059642, 0.9999999951236989, 0.9999999339084962, 0.9999999306564556, 1.0000000000408549, 0.9999993814973935, 0.9999999968755102, 0.9999999989832942, 1.0000000022169773, 0.9999999966538395, 0.9999998091165385, 0.9999996711643633, 0.999999850239149, 0.9999998770518059, 0.9999999847080099, 0.999999877650111, 0.9999999545086482, 0.9999999100158571, 0.9999999767730876, 0.9999997963823506, 0.9999997026719811, 0.9999995187502793, 0.9999996215624042, 0.9999995968716868, 0.9999999238686931, 0.9999999825153274, 0.9999996307733509, 0.9999990295718257, 0.9999997040130602, 0.9999985657616857, 0.9999986235396263, 0.9999998119873899, 0.999997738624104, 0.9999919717446529, 0.9999981552032844, 0.9999997911254352, 0.9999999616318587, 0.9999911265657699, 0.9999999234622265, 0.999997619066892, 0.9999993905123945, 0.9999997647927125, 0.9999983204713898, 0.9999994807389394, 0.9999999056119018, 0.9999999782715843, 0.9999957854949609, 0.9999953707081672, 0.9999999743516821, 0.9999998735307662, 0.9999974504665304, 0.9999989092948196, 0.9999999597380633, 0.9999973355098222, 0.9999813770223058, 0.9999994768240867, 0.9999998218091015, 0.9999986324772314, 0.999993643933959, 0.9999995771002721, 0.9999745400091877, 0.9999961579713821, 0.9999474078862199, 0.9999998615492665, 0.9999745923567582, 0.9998991074660405, 0.9999793305645832, 0.9999769910392394, 0.9999934235708366, 0.9999480799226502
1.0132896904354646E-10, 1.2744071964501377E-9, 3.040869825051653E-10, 5.692997277695899E-10, 1.4271821031009217E-9, 2.4381727145381853E-9, 2.4972381537641973E-8, 2.755746036574112E-8, -2.8283218319247782E-9, 9.540833038708046E-9, 7.831496214935142E-10, 8.865742710156324E-9, 1.1744024634013558E-8, 4.3454528123758575E-9, 2.0165454245216388E-9, 6.363304046324635E-9, 4.744379497289302E-9, 1.7581420384272354E-8, 1.7257252184878954E-9, 1.9242189390520482E-8, 4.7976532155625625E-8, 3.363571200095912E-9, 7.656641700458255E-9, 3.8776010100137664E-8, -5.874681096878571E-11, 9.4186460774857E-9, -6.766892579445664E-10, 1.8310649612943205E-8, 1.0911238047179431E-8, 1.2100643600044632E-7, 2.0570653164045977E-8, 2.349250181876751E-8, 3.255858902750188E-8, 5.092957327329658E-9, 2.91287018947821E-9, 1.571931369102192E-9, 5.6275384595996354E-9, -2.135699553936314E-9, 3.9991182344248547E-10, 4.721946271825323E-7, 3.326299296290027E-8, 3.7809022939775576E-8, 1.684867397539023E-7, 1.8644353567235378E-8, 3.010266741490444E-7, 2.943025808052005E-7, 1.508091553532575E-7, 4.5587397111030125E-8, 2.6113212563924956E-7, 1.545789727143886E-9, 9.008515781371814E-7, 1.9351251827233833E-8, 8.474263117962216E-7, 5.677824875737623E-8, 7.034454588175356E-8, 5.9804673001865306E-9, 4.996968308252088E-8, 2.3928874884476627E-7, 1.1161920311606385E-6, 1.8642446133850324E-6, 2.7337791312982286E-7, 2.2237250190806534E-7, 2.1758243070353585E-7, 6.200193620305086E-7, 2.609701415704548E-6, 1.5737042251042066E-7, 8.711465064146834E-7, 4.7090182308843856E-7, 7.634288681496462E-8, 1.427366336064072E-7, 3.328175148569277E-7, 3.6766194248616875E-7, 3.965949430294248E-7, 8.642489118854086E-7, 4.0155405749684593E-8, 2.89771364493433E-6, 6.839439184643276E-6, 3.1486009449335237E-8, 1.6759698626368445E-6, 1.8739377284087523E-6, 1.391885436852276E-7, 6.753131649517646E-8, 1.1087024160623287E-6, 1.2992135049782528E-5, 4.644845654045858E-6, 2.2777382982665893E-6, 1.7955693335857257E-7, 4.033409059780204E-6, 1.187541392104133E-6, 3.5992791821073653E-6, 3.127415702593333E-5, 1.9728183166933248E-6, 9.857495148209288E-6, 1.045883767663566E-6, 1.3864610188009694E-7, 2.8414367743660108E-6, 1.2933944020174108E-6, 3.4768441426694346E-7, 2.025669207799733E-6, 2.3408371872655664E-6, 9.96626030257751E-6
0.9999999998582298, 0.9999999979213995, 0.9999999979548062, 1.0000000019985886, 0.9999999981779082, 0.999999995750854, 0.9999999758896371, 0.9999999701476475, 0.9999999992111336, 0.9999999932455838, 0.99999999998237, 0.9999999916168516, 0.9999999914280109, 0.9999999904031657, 0.9999999997481663, 0.9999999916535061, 0.9999999949166349, 0.9999999846944738, 0.999999998430699, 0.9999999816859029, 0.9999999520613202, 0.9999999928103234, 0.9999999915880171, 0.9999999658124452, 0.9999999946000652, 0.9999999930367711, 0.999999999162573, 0.9999999851258152, 0.9999999907885038, 0.9999998796867492, 0.9999999760790479, 0.9999999745925056, 0.9999999656541679, 0.9999999918044756, 0.9999999995916734, 0.9999999983572464, 0.9999999965755118, 0.9999999969831717, 0.9999999968346125, 0.999999534299689, 0.9999999679388614, 0.9999999634258424, 0.9999998338814493, 0.9999999845430708, 0.9999996988373078, 0.9999997072145745, 0.9999998490531856, 0.9999999564019149, 0.999999736405763, 0.999999999236753, 0.9999991015334943, 0.9999999781956295, 0.9999991556753809, 0.9999999434496489, 0.9999999261417698, 0.9999999934928996, 0.9999999500446682, 0.9999997618971381, 0.9999988837368476, 0.9999981357553827, 0.9999997290589864, 0.9999997728486901, 0.9999997860656022, 0.9999993801542502, 0.9999973850524063, 0.9999998407665796, 0.9999991252367284, 0.9999995290981667, 0.9999999248303895, 0.9999998567296862, 0.999999667890369, 0.9999996302675233, 0.9999996027517273, 0.9999991342951529, 0.9999999581819989, 0.9999971003268582, 0.9999931587217694, 0.999999970075589, 0.9999983260574797, 0.9999981239004648, 0.9999998606438201, 0.9999999324686951, 0.9999988900404662, 0.9999870036676202, 0.9999953569694604, 0.9999977207183814, 0.999999819868267, 0.9999959685259674, 0.9999988142536985, 0.9999963990988461, 0.9999687256712368, 0.9999980239962443, 0.9999901428823905, 0.9999989570283836, 0.999999855850514, 0.9999971546718598, 0.9999987054248125, 0.9999996488226665, 0.9999979743307944, 0.9999976538378013, 0.9999900337396991
4.876590354834359E-9, 4.303164686027987E-9, 2.812990955134619E-10, 5.538303461011187E-9, 1.9246352466799905E-9, 9.803596774397837E-9, 2.8124021873260886E-9, 3.0037204815162044E-9, -2.7309917918766464E-9, -1.399914634278231E-10, 2.0211129592518624E-8, 1.381823556030897E-9, 2.965656467931191E-9, 6.615370514961183E-11, 1.9198351572520405E-8, -3.448957941154758E-10, 2.1685091792130366E-9, 5.803710702610164E-9, 6.225285879852616E-8, 5.31931973790106E-8, 5.724853907455684E-9, 1.3448622660919743E-8, 5.360043574840973E-9, 5.390826597949607E-9, 1.4451881247115014E-8, 6.153649824505452E-8, 7.66199230394503E-9, 2.6285154609201683E-8, 1.4582827734458412E-7, 3.5090082157098145E-9, 4.386170067461889E-8, 3.5111491618363817E-9, 3.8557100260517925E-8, -2.3137947911696948E-9, 2.3896488642873637E-7, -7.822945511030173E-10, 1.3196945313961315E-8, 1.871032314059551E-7, 5.260211300695422E-8, 5.3919177523675573E-8, 7.631788942624689E-8, 1.0907572969397691E-8, 1.4759568293772612E-7, 7.27617149049433E-8, 6.688268022530615E-8, 8.855218882821543E-8, 1.2299951318551333E-7, 2.290874615725216E-8, 5.874831703996768E-8, 9.680712096589946E-9, 2.825083149930742E-7, 1.2126268008424883E-7, 1.503471063057152E-9, 9.714560109748519E-8, 5.003083458360535E-7, 8.066222805243698E-7, 5.314483499948389E-7, 2.3619280064369416E-8, 2.1739435263011042E-8, 2.5895595749227944E-6, 4.2440806953884727E-7, 1.5194583424303867E-7, 1.4806954001996908E-9, 1.407757350781268E-6, 2.4882522513788423E-6, 4.84937524202877E-7, 2.1694540635227574E-7, 1.233202767125876E-7, 5.170373337161797E-6, 1.2150461221608395E-6, 8.065342608344646E-7, 3.300170471777159E-6, 2.1131703930611037E-7, 7.322785229878555E-6, 2.0959516094548216E-6, 2.636625219275081E-7, 2.639705496296317E-7, 3.053619659646435E-7, 2.1953228643652058E-6, 2.2841268166504435E-6, 7.980136329509029E-6, 1.3141108218626412E-5, -1.996571276924518E-9, 5.207331532737626E-6, 1.8877444836707752E-6, 7.511327327248729E-6, 3.2804081651343105E-6, 3.874794007898519E-6, 3.7481644433316344E-6, 8.230961803920024E-6, 1.1479766686049072E-5, 2.6551366691478167E-6, 3.890871221295651E-6, 5.2037928365267294E-5, 1.0387633112516908E-5, 7.831958423171065E-5, 9.896650777974862E-6, 2.1007641561842202E-7, 1.2721113830297202E-8, 3.5920553548275553E-6, 1.4872429350620823E-5
0.9999999950905926, 0.9999999948404357, 0.9999999978943614, 0.9999999969881652, 0.9999999976614704, 0.9999999884563117, 0.9999999980587525, 0.9999999947013838, 0.9999999990877608, 1.000000003323746, 0.9999999805535469, 0.999999999057782, 1.000000000411253, 0.9999999947594791, 0.9999999828669645, 0.9999999985450382, 0.9999999974443793, 0.9999999964119339, 0.999999937919479, 0.9999999479221717, 0.9999999943383797, 0.9999999827039808, 0.9999999940137339, 0.9999999991901887, 0.9999999801238899, 0.9999999409141276, 0.9999999905177013, 0.9999999770715837, 0.999999855773138, 0.9999999972081133, 0.9999999526249289, 0.9999999945767986, 0.9999999595690788, 0.9999999992019829, 0.9999997638532847, 1.0000000007152765, 0.999999989032609, 0.9999998077016934, 0.9999999449297081, 0.9999999525650829, 0.9999999247317144, 0.9999999903002164, 0.9999998547259654, 0.9999999304468281, 0.9999999329599375, 0.9999999128939352, 0.9999998768291762, 0.9999999789694175, 0.999999938825058, 0.9999999909541153, 0.9999997198460999, 0.9999998763008681, 1.0000000015102337, 0.9999999030507103, 0.9999994961600889, 0.9999991928287417, 0.9999994685660396, 0.999999977542724, 0.999999978250844, 0.9999974104404241, 0.9999995777798157, 0.9999998432786971, 1.0000000021727091, 0.9999985924088673, 0.999997506491966, 0.9999995131460704, 0.9999997794239261, 0.9999998766797233, 0.9999948308034285, 0.9999987844449327, 0.9999991940937258, 0.9999966976084765, 0.9999997880634801, 0.9999926757947221, 0.9999979024062806, 0.9999997345916789, 0.9999997341599401, 0.9999996961199469, 0.9999978068180944, 0.9999977137894092, 0.9999920196354435, 0.9999868588917726, 1.0000000005276342, 0.9999947885854199, 0.9999981139262155, 0.9999924841156083, 0.9999967188290656, 0.9999961272153906, 0.9999962537049634, 0.9999917694580142, 0.9999885155062759, 0.9999973420052942, 0.9999961118805152, 0.9999479652512444, 0.9999896169338293, 0.9999216834161292, 0.9999901039733845, 0.999999783846895, 0.9999999876822221, 0.99999640726568, 0.9999851275706537
-7.355604352187085E-10, 3.0883559964123806E-9, 5.025391876070266E-10, 4.466541027977097E-9, 3.464965384375521E-9, 8.274722360545337E-10, 2.842777397623583E-9, -5.781752145759918E-10, 2.6301633114092544E-9, 1.0019675939794408E-8, 9.115473595264722E-9, 3.476451969196417E-9, 1.870380101470543E-9, 1.4517300271715608E-8, 9.706631985895964E-9, 1.9733843496828293E-8, 1.6783733801233824E-8, 1.6326134503571364E-8, 1.7544229286688517E-8, 2.1246871279062247E-8, 3.611557021789085E-8, -7.936501695898246E-10, 1.3561499771904095E-9, 2.5260733788360386E-8, 5.157766170592406E-8, 1.562708595269704E-9, 9.988611663512442E-9, 1.0222510598203444E-8, 5.052753527744641E-8, 6.854757237708953E-8, 1.0867564356617027E-8, 4.0899506685501565E-11, 1.5719617235064317E-8, 3.4276822874184826E-8, 5.386852286313797E-8, 2.783554558004622E-8, 5.637662108368565E-9, 2.523926189270964E-9, 2.4840769035452875E-8, 1.16992600170423E-7, 4.3111142840291485E-8, 2.0755925965115125E-9, 2.2563316592067358E-7, 1.1525689043324238E-8, 4.3839702235771156E-8, 3.547027366497176E-7, 6.456167729663273E-10, 1.3089436629241978E-9, 7.189493977587555E-9, 1.8170394889619055E-7, 2.0151392972327613E-7, 1.2363634718672214E-6, 2.265873630766013E-8, 1.836382510786769E-7, 2.7783252798497293E-8, 3.507372439431051E-7, -5.96766722627224E-10, 7.980830884967643E-7, 6.894366640629409E-7, 2.5562718127890936E-6, 2.815992666331953E-6, 3.1984651088451404E-7, 2.282430461366913E-6, 6.611824598152565E-7, 7.325940229615682E-7, 4.354899981419738E-6, 7.335006223944873E-8, 1.3247318413582778E-6, 5.3478840537025884E-8, 4.228483894724119E-7, 1.1102465303703942E-6, 4.4264431533595855E-7, 3.0296562330561036E-7, 3.238325184381289E-7, 2.530758056218309E-7, 7.263746135858804E-7, 2.1860440659998346E-7, 1.0445064667263829E-5, 1.1460303896610261E-5, 1.217587476045553E-6, 4.082700368363572E-6, 7.95317170764784E-7, 3.7109639384725868E-6, 1.0497417769202184E-8, 7.930511762121015E-7, 6.769635113071472E-7, 3.038805966491536E-6, 1.2590519588378214E-6, 3.7053962353465188E-6, 7.770400041612185E-8, 1.063341659522995E-6, 2.611222518040671E-6, 1.0335578897123996E-6, 1.1744456440561855E-5, 3.524432801885485E-5, 9.874444311781071E-6, 4.798489618974439E-6, 1.9590382275669336E-6, 2.720321012260318E-5, 7.0524305248692275E-6, 6.240144346982523E-7
1.0000000006988436, 0.9999999958709702, 0.9999999976651897, 0.9999999983088523, 0.9999999961053063, 0.9999999974164175, 0.9999999979718632, 0.9999999983751489, 0.9999999937836894, 0.9999999932488536, 0.9999999916692751, 0.9999999969583577, 1.0000000011273786, 0.9999999802738317, 0.9999999921585339, 0.9999999784957514, 0.999999982889395, 0.9999999859546449, 0.9999999826273266, 0.9999999797155793, 0.9999999639358006, 0.9999999969246742, 0.9999999978887362, 0.9999999793338156, 0.9999999429955537, 1.0000000008851664, 0.9999999884963311, 0.9999999932433496, 0.9999999512263531, 0.9999999321203727, 0.9999999858074344, 0.9999999979669472, 0.9999999824360435, 0.9999999625978417, 0.9999999490095013, 0.9999999720887737, 0.9999999966008803, 0.999999992194424, 0.999999972560182, 0.9999998894960822, 0.9999999581049206, 0.9999999990928301, 0.9999997770703988, 0.9999999916669133, 0.999999956065248, 0.9999996467430697, 0.9999999992194547, 1.0000000006817051, 0.9999999903785353, 0.9999998189216197, 0.9999998004284669, 0.999998761200573, 0.99999998042108, 0.9999998165793456, 0.9999999686952832, 0.999999648660034, 1.000000000611178, 0.9999992031232889, 0.9999993105063283, 0.9999974437281837, 0.9999971860746409, 0.999999675384085, 0.9999977211928364, 0.9999993389954571, 0.9999992622177987, 0.9999956430385495, 0.9999999229337804, 0.9999986752681587, 0.999999947555823, 0.9999995766617734, 0.9999988904420141, 0.9999995552710736, 0.9999996964228695, 0.9999996747004769, 0.9999997454505818, 0.9999992716717737, 0.9999997795528329, 0.9999895564116044, 0.9999885417108856, 0.9999987802348493, 0.999995917133244, 0.9999992046575339, 0.999996287732661, 0.9999999841688838, 0.9999992086692664, 0.9999993211458669, 0.9999969631992175, 0.9999987424732298, 0.9999962962430564, 0.9999999213924136, 0.9999989326673518, 0.9999973859246976, 0.9999989693121112, 0.9999882547515841, 0.9999647575218384, 0.9999901305413583, 0.9999951997700406, 0.9999980401007196, 0.999972794835813, 0.999992947801157, 0.9999993807216201
-5.974225561122001E-10, 3.9213700317380136E-10, 1.4206700248891431E-9, 1.3113997883257008E-9, 3.1661789981907955E-9, 9.761621231130593E-9, 1.322653022087358E-9, 1.5745336818465465E-9, -2.3107840720816104E-10, 1.2943567641437885E-8, 1.1794575628682467E-8, 1.6268290959080051E-9, 5.6692630670842456E-9, 2.1840924648097716E-10, 2.1816158965450995E-9, 3.5283047595955614E-10, 1.2361273177400241E-8, 2.090562210742749E-8, -5.55087453099835E-10, 3.3557675841216196E-9, 9.312495096365578E-9, 1.7694672853728404E-8, 2.3955511323094114E-10, 1.2599031875620447E-8, 1.0189243685162092E-7, 2.4858368393390613E-9, 5.788889273204092E-8, 3.0888606424709895E-9, 1.2084514241703021E-8, 8.847949464373764E-9, 2.760358913918352E-8, 3.1563860770469896E-9, 4.810446251561658E-8, 1.1527573598619325E-9, 1.4966005640321387E-8, 2.3500229229282097E-8, 4.498200107112056E-8, 5.0773428518613403E-8, 4.36530013631054E-9, 3.211538659588564E-7, 1.2976371136349565E-7, 1.5030593248755994E-8, 4.204898761117194E-8, 2.0469099310245524E-7, 1.141384285293501E-7, 5.3154396103926014E-8, 8.694217913447776E-8, 4.0313312465563917E-7, 2.46193531180267E-8, 3.8601436787812885E-9, 2.1458584651612448E-9, 4.080325261322067E-11, 1.0267234708689861E-7, 8.326101460512185E-9, 1.6159169578389833E-7, 4.222110231954131E-7, 1.6361995821551668E-8, 3.098373985895248E-7, 5.697175096895286E-7, -6.1966101942897E-10, 6.339510031953289E-7, 3.9969140239629125E-6, 2.487579774650085E-7, 3.975053577790121E-8, 1.626233316245009E-6, 1.193741216954648E-7, 4.6150503630172076E-8, 4.261438045495637E-7, 3.428452083571422E-6, 1.5333572989035806E-7, 1.131398365057514E-8, 6.52527048569712E-8, 3.9467620146516563E-7, 3.2498926227406944E-7, 1.6901604031782555E-6, 1.4184773312606044E-6, 5.1452820753850146E-6, 1.3394069217988101E-6, 2.2249644614344115E-6, 2.4782824548425185E-10, 1.7736439875578342E-5, 2.327972566406027E-9, 5.53560189460543E-7, 1.2429211643186392E-5, 5.6302768121140955E-8, 9.662671215133032E-6, 5.085856961038348E-6, 1.1332937753709187E-5, 2.6332462428742485E-7, 1.1558472397890406E-6, 1.6443282277636177E-5, 4.450585111329071E-6, 2.521216480729057E-5, 5.011072758252233E-5, 7.115305949562681E-5, 6.588697465090285E-6, 4.170832007995118E-6, 4.06711670593162E-5, 1.291529965185507E-5, 2.1029863630827695E-5, 1.541667183548314E-5
1.0000000005644383, 0.999999998834217, 0.9999999967372852, 1.000000001490935, 0.9999999964102294, 0.9999999884801529, 0.9999999994138626, 0.9999999962573335, 0.9999999965526972, 0.9999999901705039, 0.9999999889708435, 0.9999999988404471, 0.9999999974891323, 0.999999994553501, 0.9999999997619591, 0.9999999978936003, 0.999999987312217, 0.9999999813043403, 1.0000000007275631, 0.9999999977657947, 0.9999999907524033, 0.9999999784409712, 0.9999999990769088, 0.9999999919744008, 0.9999998926655367, 1.0000000001320961, 0.9999999406100883, 1.0000000002865983, 0.9999999894263498, 0.9999999918544316, 0.9999999690438672, 0.9999999948607737, 0.9999999501448678, 0.9999999956833705, 0.9999999875339415, 0.9999999764337378, 0.9999999572375576, 0.9999999440254728, 0.9999999927601806, 0.9999996853394968, 0.9999998713314693, 0.9999999861770708, 0.9999999605141383, 0.9999997985490956, 0.999999885673178, 0.999999948257839, 0.9999999128833252, 0.9999995987516537, 0.9999999729093492, 0.9999999968946307, 0.9999999999136616, 0.999999997464538, 0.999999900355891, 0.999999991869785, 0.9999998348993078, 0.9999995772010914, 0.9999999836541228, 0.9999996913944049, 0.9999994302693467, 1.00000000061966, 0.999999368499453, 0.9999959982954234, 0.9999997547583083, 0.9999999604123748, 0.9999983683943, 0.9999998787107056, 0.9999999501973097, 0.9999995738561975, 0.9999965726235159, 0.9999998461143451, 0.9999999893688986, 0.9999999325258335, 0.9999996046016266, 0.9999996735463481, 0.9999983083424124, 0.9999985799239017, 0.9999948528680138, 0.9999986620413504, 0.999997777067895, 0.9999999974942764, 0.9999822588501805, 0.9999999976720191, 0.9999994452006016, 0.9999875707671948, 0.9999999461939616, 0.9999903357686982, 0.9999949161675585, 0.9999886690951723, 0.9999997389695694, 0.9999988433809366, 0.9999835565648177, 0.9999955461960219, 0.999974792843501, 0.9999498921129151, 0.9999288480567923, 0.9999934161992766, 0.9999958289892155, 0.9999593275686878, 0.999987082139439, 0.9999789699181435, 0.9999845833281735