1.0, 1.0471285480508996, 1.096478196143185, 1.1481536214968828, 1.202264434617413, 1.2589254117941673, 1.3182567385564072, 1.3803842646028848, 1.4454397707459274, 1.5135612484362082, 1.5848931924611134, 1.6595869074375604, 1.7378008287493754, 1.8197008586099832, 1.905460717963247, 1.9952623149688795, 2.0892961308540396, 2.1877616239495525, 2.290867652767773, 2.398832919019491, 2.5118864315095806, 2.6302679918953826, 2.754228703338167, 2.884031503126607, 3.0199517204020174, 3.16227766016838, 3.311311214825912, 3.4673685045253175, 3.630780547701015, 3.8018939632056137, 3.9810717055349745, 4.168693834703356, 4.365158322401662, 4.5708818961487525, 4.786300923226387, 5.011872336272726, 5.24807460249773, 5.495408738576249, 5.754399373371574, 6.025595860743582, 6.309573444801938, 6.606934480075966, 6.918309709189371, 7.244359600749908, 7.5857757502918455, 7.943282347242824, 8.31763771102672, 8.709635899560816, 9.120108393559109, 9.54992586021437, 10.0, 10.964781961431852, 12.02264434617413, 13.182567385564074, 14.45439770745928, 15.848931924611142, 17.378008287493763, 19.054607179632484, 20.892961308540407, 22.90867652767775, 25.11886431509582, 27.54228703338169, 30.199517204020193, 33.11311214825915, 36.30780547701018, 39.81071705534978, 43.651583224016655, 47.8630092322639, 52.480746024977336, 57.54399373371578, 63.09573444801943, 69.18309709189377, 75.85775750291852, 83.17637711026725, 91.20108393559116, 100.0000000000002, 109.64781961431873, 120.22644346174155, 131.825673855641, 144.5439770745931, 158.48931924611173, 173.780082874938, 190.5460717963252, 208.92961308540453, 229.08676527677795, 251.18864315095874, 275.42287033381746, 301.99517204020253, 331.1311214825921, 363.0780547701025, 398.1071705534986, 436.5158322401674, 478.63009232264, 524.8074602497744, 575.439937337159, 630.9573444801956, 691.8309709189391, 758.5775750291867, 831.7637711026742, 912.0108393559134, 1000.0
0.20631433623682638, 0.22382078971559696, 0.242214129505397, 0.2608183156134601, 0.2811425151732957, 0.30685712623586897, 0.33007689842455756, 0.35617959680490174, 0.38128279456040237, 0.41296594155810407, 0.44499581485546336, 0.47471548722060974, 0.508691087486353, 0.5438988379289282, 0.5824365188876316, 0.6106796245521756, 0.6563720253155286, 0.7044615049465858, 0.7365205602525025, 0.7763411824498817, 0.8012963868757493, 0.851067400743333, 0.8795761209932653, 0.9047625374369881, 0.9359795890166568, 0.9519567633214473, 0.9540612464548749, 0.9930458399618345, 0.9998442731019257, 0.996004572749029, 0.9870290025692033, 0.9971703708809273, 0.9694105612810404, 0.9365056437700137, 0.8707575460798289, 0.8951685309015275, 0.929396946009986, 0.8932671201858692, 0.9450043734157857, 0.91338440268097, 0.9247259405688003, 0.8842842015276664, 0.9489553669837505, 0.9536396190965837, 0.9853011385614007, 0.9959633521045023, 0.9969571182212575, 0.9962474601272401, 0.9633547669242674, 0.8987629839058361, 0.9656824283616623, 0.9440265377497603, 0.9984840264265742, 0.9950961380235661, 0.9732496698362162, 0.9854798494828906, 0.9845259694820999, 0.9427050950243948, 0.9281560078245699, 0.9854370167755804, 0.9199674390166285, 0.9906402800084095, 0.9286989774171821, 0.987018649286439, 0.905634577697062, 0.9746644549674007, 0.9519201303871517, 0.9992107193852563, 0.9177374821478589, 0.9047299917675933, 0.7768369370087422, 0.9863073909742575, 0.7531562151074108, 0.9623233978804131, 0.7182789361051942, 0.9851438106231548, 0.8259480595838691, 0.9785030672001819, 0.9896007430082177, 0.8851474808372262, 0.9854229131464708, 0.7518493612468459, 0.6293191917431186, 0.6501771277582844, 0.699974332043841, 0.7341279777862848, 0.7536080455336599, 0.6790807606218332, 0.8483847340745362, 0.8029359152846725, 0.686154013477833, 0.9011634552768678, 0.3814301301703138, 0.7563873429307872, 0.9831042538364575, 0.932207874624167, 0.6991971781430455, 0.9006801657037404, 0.8176699163269587, 0.7449242295125286, 0.6196484011967139
0.7936856637571975, 0.7761792102845306, 0.7577858704944013, 0.7391816843984561, 0.7188574848266549, 0.6931428737523659, 0.6699231015620329, 0.6438204031893048, 0.618717205396648, 0.5870340584161933, 0.5550041851911283, 0.5252845127598509, 0.49130891247506503, 0.4561011621505787, 0.4175634812446619, 0.38932037534838776, 0.34362797460870914, 0.29553849496789464, 0.26347943977314137, 0.22365881773602753, 0.19870361300963213, 0.14893259925943744, 0.12042387892175324, 0.09523746256498625, 0.06402041100843167, 0.04804323680929892, 0.04593875346094335, 0.00695416005628499, 1.5572709615180053E-4, 0.003995427385550575, 0.012970997394438412, 0.002829629210251189, 0.03058943854745782, 0.06349435640332113, 0.12924245396521947, 0.10483146921863816, 0.07060305397141202, 0.10673287993961866, 0.054995626572756744, 0.08661559731562479, 0.07527405933296151, 0.11571579864123284, 0.05104463312940248, 0.04636038074282398, 0.014698861566715953, 0.004036647676171833, 0.0030428817163260184, 0.003752539915600965, 0.03664523291950309, 0.10123701589673688, 0.034317571587380274, 0.055973462302952776, 0.0015159734775650213, 0.004903861984070151, 0.02675033016550947, 0.014520150406552398, 0.015474030412801092, 0.057294904804735876, 0.0718439921648719, 0.014562983314730651, 0.08003256077385511, 0.009359720170443687, 0.07130102276997577, 0.012981350550598809, 0.09436542208121283, 0.025335544932719906, 0.0480798696550829, 7.892805781961033E-4, 0.08226251798578842, 0.09527000845433586, 0.2231630631080404, 0.013692608991116685, 0.24684378487773542, 0.0376766021045531, 0.2817210638785622, 0.014856189188964775, 0.1740519403511625, 0.021496932592943354, 0.010399256937765762, 0.11485251919297187, 0.014577086721156145, 0.2481506387024404, 0.37068080830498473, 0.3498228723411007, 0.30002566807553843, 0.26587202232275947, 0.2463919544981225, 0.32091923929405414, 0.15161526591657815, 0.19706408471887418, 0.31384598636392014, 0.09883654471032542, 0.618569869695145, 0.2436126570662761, 0.01689574631210126, 0.06779212532036868, 0.30080282181460066, 0.09931983429668206, 0.1823300836696296, 0.2550757706438152, 0.38035159900849025
0.2067560600042693, 0.22268427895374066, 0.24218683614768205, 0.2605083154705619, 0.281348486354608, 0.3056268214836753, 0.3294122717935673, 0.35033259741953154, 0.383096899489221, 0.4108474478909409, 0.44211164667058245, 0.4784233843226944, 0.5101128865349853, 0.5441920815002624, 0.5776730323587834, 0.6175989531141856, 0.6620129881699655, 0.6968422675957215, 0.7290879320278078, 0.7724649061426664, 0.8093147276582512, 0.8433008463834559, 0.8760469874484536, 0.9019443831652844, 0.9473877623702132, 0.9569322192752209, 0.9619489956628193, 0.9743465725287282, 0.9964351114108989, 0.9906985983468416, 0.994029124940734, 0.970966905189917, 0.9581381115203922, 0.9215890808716618, 0.9743887127105106, 0.9145419419630184, 0.8746810154426023, 0.8637851866977452, 0.9469031732961698, 0.8652788192508117, 0.9217146198044236, 0.8998324117217212, 0.9412209592246429, 0.9683663212013603, 0.9519342824842865, 0.9739685721043245, 0.9983678177377217, 0.9933505557746221, 0.9443594716184545, 0.9271965754253932, 0.9721821309089334, 0.9194047813778125, 0.9987019566908546, 0.989419688652059, 0.9629521182659689, 0.9904010562077583, 0.9067343928873269, 0.8605873576623352, 0.9530640741984518, 0.9856071273052461, 0.9862794016792712, 0.9187481653390834, 0.9690843621532335, 0.8088328439127875, 0.9871585961985376, 0.8418070018138494, 0.9927370351265541, 0.9930504878826241, 0.976014677542456, 0.9427904571945072, 0.9841347359612596, 0.827615011913913, 0.8371095090685091, 0.8788110022499518, 0.9891872928171529, 0.9589012371592248, 0.9474419845960553, 0.7849794636243805, 0.9835235651770917, 0.9372742785061938, 0.26265298270704807, 0.7687645458953436, 0.8121941516963457, 0.49675567706120294, 0.8764093731544548, 0.610765230676536, 0.9513263448394287, 0.8390216653164879, 0.9503852723515936, 0.19185589416812296, 0.8214211327168348, 0.5761376484366798, 0.4190718380749957, 0.5825360445398825, 0.4613449217126264, 0.7945688969231032, 0.5748735313290282, 0.5696923900539818, 0.896398991940329, 0.7740879643847223, 0.12574924521886485
0.7932439399965625, 0.7773157210463145, 0.7578131638527467, 0.7394916845361905, 0.7186515136334002, 0.6943731785199531, 0.6705877281810124, 0.6496674025807972, 0.6169031005219149, 0.5891525519494352, 0.5578883533731082, 0.5215766156482835, 0.48988711347563996, 0.45580791849954017, 0.422326967615682, 0.38240104672062786, 0.3379870118432161, 0.30315773220644093, 0.2709120679906744, 0.22753509398146435, 0.19068527231352364, 0.156699153639663, 0.12395301257738672, 0.098055616822982, 0.05261223761369553, 0.04306778070719509, 0.03805100435126544, 0.025653427458694367, 0.0035648886060361228, 0.00930140171725435, 0.00597087511547238, 0.029033094622359562, 0.0418618886762384, 0.07841091917752069, 0.025611287307664116, 0.08545805819361578, 0.12531898456538815, 0.1362148132546311, 0.05309682670497617, 0.13472118069872369, 0.0782853801869994, 0.10016758829584281, 0.05877904079285445, 0.03163367873531175, 0.04806571768092427, 0.026031427882872667, 0.00163218208824418, 0.0066494442168688415, 0.05564052830559508, 0.07280342468755889, 0.02781786909842033, 0.08059521884060393, 0.0012980433065488829, 0.010580311357737569, 0.037047881646895875, 0.00959894367150716, 0.09326560727707775, 0.13941264228394912, 0.04693592571333517, 0.014392872766606935, 0.01372059813270293, 0.08125183459568897, 0.03091563797099075, 0.19116715590418554, 0.012841403998101662, 0.15819299816757615, 0.007262964911693719, 0.006949512155186682, 0.023985322483038685, 0.0572095428916916, 0.01586526417203646, 0.17238498804445926, 0.16289049091018482, 0.12118899775940258, 0.010812707180919569, 0.04109876278968787, 0.05255801542809493, 0.21502053643835956, 0.016476434996746066, 0.0627257215514919, 0.7373470174710105, 0.23123545411364912, 0.18780584830259428, 0.5032443229831536, 0.12359062700536584, 0.38923476925920986, 0.04867365503480298, 0.16097833490311478, 0.049614727670781136, 0.8081441058401919, 0.17857886744600604, 0.4238623514985523, 0.5809281621410534, 0.41746395547941, 0.5386550782004117, 0.2054311029195895, 0.4251264686931448, 0.43030760992177336, 0.10360100798868213, 0.22591203572141952, 0.8742507546168695
0.20599344421463325, 0.22153015266880977, 0.24255374706975022, 0.26234895174004524, 0.2832605210309387, 0.30623771393652643, 0.33304918095177544, 0.3564268311244463, 0.3857695035369826, 0.4118247719229568, 0.44645258975184143, 0.47847225553699707, 0.5153649894135794, 0.5471611678927091, 0.5823101358481612, 0.6197158294766587, 0.6574580624704651, 0.6948516729149625, 0.7316766384530722, 0.7797375763336505, 0.8082902379796244, 0.8461990254820185, 0.8716127613117564, 0.9094342193011057, 0.9390916719103012, 0.9649084244674714, 0.9764946697848239, 0.9868188154935674, 0.9888885304275951, 0.9943243772795477, 0.994656701110846, 0.9878581516902962, 0.9746402136947265, 0.9538114788963581, 0.9111773110608534, 0.9461692896933553, 0.9093935457271146, 0.8486220177272474, 0.8880888537427721, 0.8592249704461997, 0.8740982125824187, 0.8405544226224325, 0.9703617643933431, 0.9387641811251753, 0.9771876727883517, 0.9696937936966747, 0.988163681530287, 0.9933943353739177, 0.985727500990671, 0.9565997571361398, 0.9695394611992314, 0.9936278815657035, 0.9709164391617051, 0.9877126418147676, 0.9976506976893148, 0.955470608151851, 0.9934898375015468, 0.9883504676752427, 0.9944373742801359, 0.9963228789425006, 0.8841585744318123, 0.9827382509779995, 0.8209136335322048, 0.9421676205522194, 0.9544640833660294, 0.9675188965155437, 0.9037049956224714, 0.8888992533134719, 0.7646403659198586, 0.8205064492028237, 0.8475466418791178, 0.7477281711453972, 0.8611055144905004, 0.7128140869754296, 0.9653808485859013, 0.7864052869565582, 0.8706464881739621, 0.9615817839095377, 0.9951757211873715, 0.7662688695372902, 0.21621956052957897, 0.9324194756802351, 0.8570774580012142, 0.8192049159524668, 0.8993945762431207, 0.5284248054387256, 0.9809822760257377, 0.7830561470883333, 0.8644195023701242, 0.9342246595135509, 0.36278066840980105, 0.9446041423734902, 0.877320779839226, 0.9367184062739996, 0.9515423622193757, 0.8272115238311954, 0.9304292612453958, 0.39877737368696187, 0.7197309944436563, 0.9034438852538307, 0.07449525454450825
0.7940065557803998, 0.7784698473309835, 0.7574462529285924, 0.737651048265589, 0.7167394789642059, 0.6937622860628249, 0.6669508190266107, 0.643573168870366, 0.6142304965691687, 0.5881752280355769, 0.553547410250637, 0.5215277444347294, 0.4846350104603552, 0.4528388319882127, 0.41768986426656, 0.38028417046345453, 0.34254193744263806, 0.3051483272262657, 0.2683233617426007, 0.2202624235791632, 0.19170976214215105, 0.15380097454598132, 0.12838723886085177, 0.09056578071271312, 0.06090832808181283, 0.03509157550678127, 0.023505330274535944, 0.013181184557979727, 0.011111469789614484, 0.00567562277793645, 0.005343298985960585, 0.012141848282570747, 0.025359786492014216, 0.04618852090104733, 0.08882268884940964, 0.05383071030561859, 0.09060645427988306, 0.1513779822758042, 0.11191114619369567, 0.1407750295498264, 0.12590178740862082, 0.1594455773256168, 0.02963823561166067, 0.06123581885764568, 0.022812327190286377, 0.03030620624038324, 0.011836318450793039, 0.00660566462265702, 0.014272499145199541, 0.043400242949629506, 0.030460538963588957, 0.006372118424896717, 0.02908356105051444, 0.01228735815551473, 0.002349302223325918, 0.04452939174821951, 0.006510162479614428, 0.011649532528988999, 0.005562625801569987, 0.0036771210636381427, 0.11584142541201227, 0.017261749018969243, 0.17908636637687605, 0.057832379506828464, 0.04553591660560367, 0.03248110368223472, 0.09629500437381538, 0.11110074666219855, 0.23535963407194185, 0.17949355058445696, 0.15245335800826026, 0.2522718287164439, 0.13889448534356255, 0.2871859130011149, 0.03461915143425147, 0.21359471302540772, 0.12935351180968857, 0.03841821625930522, 0.004824278600297587, 0.23373113063222536, 0.7837804396533687, 0.06758052439724124, 0.14292254191438294, 0.1807950841014154, 0.10060542380837093, 0.4715751945562797, 0.019017724088385788, 0.21694385276148884, 0.135580497656994, 0.06577534042142694, 0.637219331522737, 0.05539585777929626, 0.1226792200330748, 0.06328159388260658, 0.04845763794136854, 0.1727884763835905, 0.06957073868208327, 0.6012226261885617, 0.28026900562186635, 0.09655611476876695, 0.9255047456566309
0.20493690451857288, 0.2239607882948661, 0.2417795357990291, 0.26009847169073264, 0.28245098253436585, 0.3049046879204044, 0.3310817619006236, 0.3579046620083874, 0.38546202780864197, 0.4123820452485297, 0.4449248333516519, 0.47786775932056813, 0.49725392591674417, 0.5495562388845836, 0.5821247242781047, 0.6204143254778732, 0.6608652724983562, 0.6988577463932557, 0.7369159602391826, 0.7704854865443215, 0.8086332953310567, 0.8381943605789884, 0.8765130358127401, 0.9074735740034149, 0.9334807593163115, 0.9121551895576924, 0.9775770687854283, 0.990483185786823, 0.988283238492815, 0.9962854745694665, 0.9976425458096115, 0.9925693219949127, 0.9807393752996116, 0.9688546682152588, 0.955482661742473, 0.9010971721311275, 0.9022987087090097, 0.8847545782519072, 0.9374810975908435, 0.8832868143100225, 0.9030947971458216, 0.8673544091689578, 0.9412793698400941, 0.9899217068274733, 0.9946646515919217, 0.9624945750993155, 0.9991224898849396, 0.9952236207507759, 0.9716767626073782, 0.969286562107641, 0.948013692120036, 0.9849684375495971, 0.9815859695219269, 0.9923432357469205, 0.9148478460656799, 0.9792847651258516, 0.9905680920833307, 0.968421535846035, 0.9951235918857858, 0.9813896976188675, 0.9923132828911214, 0.995603982806093, 0.9900295556251743, 0.9249570602277082, 0.9060311519860362, 0.9490360708054417, 0.9128755524454504, 0.9957103676819155, 0.9044960195251059, 0.9051071130286498, 0.8715793506233234, 0.796189145495154, 0.7689700422600391, 0.8353906084682342, 0.7523901327522026, 0.9708333608322594, 0.7697777326544116, 0.5807954059657877, 0.8531438111562469, 0.8898857268043086, 0.5661405599051386, 0.4359318437840628, 0.9316822212200142, 0.8422882006449234, 0.6295195423697952, 0.9673487014611476, 0.6809960389988432, 0.3669273408036077, 0.6599586303717633, 0.7591886363135211, 0.8112448132980566, 0.5807355946922761, 0.718347201294102, 0.3644049025807323, 0.0820432877523942, 0.8715488927673052, 0.16803962156151608, 0.2524519956145954, 0.715720226685085, 0.943901237335769, 0.6766222279558818
0.7950630954784682, 0.7760392117083063, 0.7582204641952359, 0.7399015282948473, 0.7175490174750151, 0.6950953120792319, 0.668918238102629, 0.6420953379957784, 0.6145379721961658, 0.5876179547354745, 0.555075166643567, 0.5221322406578135, 0.5027460742225591, 0.45044376113445467, 0.41787527563373494, 0.37958567459989995, 0.3391347273862749, 0.3011422536976553, 0.26308403994434354, 0.2295145134693288, 0.19136670462331792, 0.16180563940095916, 0.12348696417794522, 0.09252642604522887, 0.06651924067532372, 0.08784481050594875, 0.022422931252543434, 0.00951681429205931, 0.011716761618709277, 0.0037145252934416033, 0.0023574541862197043, 0.007430678118741058, 0.01926062453509899, 0.0311453315783307, 0.04451733835820906, 0.09890282807530412, 0.09770129125605613, 0.11524542170247251, 0.06251890239299304, 0.11671318575072995, 0.09690520281572662, 0.1326455908798281, 0.05872063015700873, 0.010078293311131942, 0.005335348328223753, 0.03750542478964753, 8.775101367310596E-4, 0.004776379056478359, 0.028323237371141265, 0.03071343775754816, 0.05198630794274509, 0.015031562504913379, 0.018414030484859557, 0.007656764220154832, 0.08515215405431292, 0.020715234847057087, 0.009431908135679328, 0.03157846416740058, 0.004876408103635387, 0.01861030232836172, 0.00768671704767762, 0.004396017221932203, 0.00997044444893289, 0.0750429397620514, 0.09396884793515758, 0.050963929305521474, 0.08712444760902473, 0.004289632330737425, 0.09550398052968172, 0.09489288697928504, 0.12842064918253315, 0.20381085469413165, 0.23102995794354497, 0.16460939158452273, 0.24760986721302045, 0.029166639129985975, 0.23022226732990647, 0.41920459392268333, 0.1468561888875093, 0.11011427316078473, 0.4338594399212137, 0.5640681562074659, 0.06831777877246381, 0.15771179940411878, 0.37048045764551746, 0.03265129849933605, 0.3190039610575932, 0.6330726591949284, 0.34004136963068365, 0.240811363678407, 0.18875518651686443, 0.41926440538768506, 0.28165279880201005, 0.6355950975577573, 0.9179567124553034, 0.12845110733479415, 0.8319603784368703, 0.7475480043309282, 0.28427977332208776, 0.05609876257551251, 0.32337777218993874
0.2054088187006908, 0.22295343525356864, 0.24253040270344878, 0.2617467104787999, 0.2838779932138856, 0.3047499149673564, 0.3287147177150097, 0.35662184754265924, 0.38506013268764133, 0.40923021814581245, 0.4410585345599498, 0.4762181499508785, 0.5074206340634217, 0.5454142152424792, 0.5838577964317846, 0.616302194672833, 0.6633858789715088, 0.6999830161463811, 0.7338969852892048, 0.7658830654155879, 0.807843528684484, 0.8345694897479752, 0.8793915153952011, 0.9215880052999701, 0.9355728206985181, 0.9624764921863923, 0.9616158786427289, 0.9769938665512616, 0.9945424711693983, 0.9992449392984325, 0.9894579910947058, 0.9673718449681273, 0.9719591902622624, 0.9309098651802601, 0.9479901296356443, 0.9162480964757078, 0.9023218072032629, 0.8995377312395973, 0.9581684879371356, 0.8576263993251371, 0.9078803883392715, 0.9524379125706945, 0.9591083083581834, 0.9324883592076202, 0.9931307275291663, 0.996248465699518, 0.9997734190771301, 0.9934692699588967, 0.9003793999656432, 0.9721552163194797, 0.9998036275909499, 0.9997454150908225, 0.9861809172658572, 0.996342725958698, 0.9526720219517526, 0.9424783197638055, 0.9642504833867489, 0.9896273346422901, 0.9986774233202046, 0.9693711289386866, 0.982399759730948, 0.968820310265161, 0.9696260351997273, 0.9627296214702299, 0.9885901405916802, 0.9985412167199273, 0.9736323908315426, 0.924040711870908, 0.713346266089954, 0.8664774367367318, 0.9611075436294139, 0.9905705792470809, 0.9718836711083402, 0.6802571534365469, 0.7608497462639416, 0.9131492582739061, 0.851624220273849, 0.7301706195433405, 0.7494885771603625, 0.8169058134886701, 0.9913779334794783, 0.8203402115105717, 0.8755226095251173, 0.8786402392956901, 0.6761472653441842, 0.8058183511400311, 0.8663414329013509, 0.7338827864420822, 0.12027810123885764, 0.7333103580803203, 0.6463969939239217, 0.4006435031142509, 0.3965269660378681, 0.0876648570036362, 0.3688221746081122, 0.21687203974369737, 0.5172816446648614, 0.48614171886372165, 0.45389725935737363, 0.7270557915850676, 0.13260082301140225
0.7945911813024933, 0.7770465647467317, 0.7574695972924536, 0.7382532895097385, 0.7161220067820195, 0.6952500850137803, 0.671285282269389, 0.643378152483607, 0.6149398672829723, 0.5907697818378459, 0.5589414652626362, 0.5237818501054782, 0.4925793659242632, 0.4545857848036425, 0.4161422035434853, 0.3836978052217082, 0.33661412105865063, 0.30001698399272153, 0.2661030147304948, 0.23411693440307932, 0.1921564712733605, 0.1654305102555981, 0.12060848460734463, 0.07841199474524023, 0.06442717930036486, 0.03752350783545501, 0.03838412138760575, 0.023006133439961905, 0.0054575286631653, 7.550605025290541E-4, 0.010542008777523218, 0.03262815511654017, 0.02804080983619523, 0.06909013461806655, 0.05200987044239506, 0.08375190353284327, 0.09767819281746884, 0.10046226875444868, 0.041831512057946954, 0.1423736005724543, 0.09211961161533493, 0.04756208729373618, 0.040891691720461414, 0.06751164089750021, 0.006869272315709883, 0.00375153436242516, 2.2658084778901487E-4, 0.006530729983729159, 0.0996205998287734, 0.02784478360048451, 1.9637229726934304E-4, 2.5458488686707996E-4, 0.013819082751982539, 0.0036572740123512696, 0.0473279780513346, 0.05752168028129523, 0.03574951647591752, 0.010372665523726149, 0.0013225768213974733, 0.030628871072949794, 0.017600240249680627, 0.031179689714907498, 0.03037396491140424, 0.03727037838532184, 0.011409859580972345, 0.0014587832065975485, 0.026367609187488227, 0.07595928815030034, 0.28665373397930255, 0.1335225633587037, 0.038892456469378736, 0.009429420925273999, 0.028116329060230632, 0.3197428466024818, 0.23915025372487386, 0.08685074187676481, 0.14837577972461696, 0.26982938024269926, 0.2505114229525904, 0.18309418661148938, 0.008622066669658566, 0.17965978847129338, 0.12447739040730857, 0.12135976068708122, 0.3238527345035076, 0.19418164876472166, 0.13365856715152674, 0.26611721339103744, 0.8797218987658298, 0.2666896419569417, 0.3536030062733754, 0.5993564969338009, 0.6034730340047095, 0.9123351430454455, 0.6311778253681767, 0.7831279601777982, 0.48271835545149644, 0.5138582811454001, 0.5461027406365925, 0.2729442085270552, 0.8673991767679433
0.20637306234464325, 0.222948168922339, 0.2434927118582298, 0.26270444204498045, 0.2853483531561402, 0.3057462813465188, 0.32970568928892524, 0.3556653320020828, 0.38635089589131, 0.41393602150199843, 0.44606377063290803, 0.4752498187252077, 0.5098002127238646, 0.5508961426042176, 0.5855310652110123, 0.6231319774447249, 0.655630562414473, 0.6993644334251685, 0.7398208842605635, 0.7829100930668489, 0.8128725991507446, 0.8433094045113476, 0.8851417695247346, 0.9155061531966122, 0.9290607495868265, 0.959101983216072, 0.9737763217333574, 0.9688252926877793, 0.9942594338374114, 0.9985466225286272, 0.9950172296085825, 0.9839686194956243, 0.9822935289604091, 0.9661861672067393, 0.9244157695388383, 0.8887257842327653, 0.8975577328965769, 0.9637861097690333, 0.8700148455822391, 0.9218784800250265, 0.9316846877289392, 0.8217408654244851, 0.9571346669283788, 0.9748702483895868, 0.9938525293447622, 0.9854260710945035, 0.9953542171007372, 0.9751501810155537, 0.995128543895554, 0.9796014828490468, 0.9367014364463208, 0.9662417343327719, 0.9999756488991866, 0.9684581633785798, 0.9627131209641528, 0.9843565015189419, 0.9783706598696323, 0.9325656023057776, 0.9066473971446111, 0.9999493036450458, 0.9273326399615477, 0.9646009604224638, 0.9985504928909702, 0.9642956583733289, 0.94086758460029, 0.9934350126212715, 0.9311524962306043, 0.9458601101412398, 0.9335974078926349, 0.922357948383548, 0.8561079003832818, 0.9635855145792018, 0.9667941100452214, 0.9355620547788951, 0.8123446532498916, 0.79052730396402, 0.9438594609248073, 0.9944498795112707, 0.8272529329566823, 0.9748143012377039, 0.5642067897631302, 0.8707932294165452, 0.4787020575550919, 0.9323192483599264, 0.8910669657874833, 0.6508036149391976, 0.9865387488060053, 0.6805251782590996, 0.7260093154288628, 0.9493751973834655, 0.8223170153038796, 0.9999756692476213, 0.3442703974568049, 0.49103244142904506, 0.518864490476048, 0.7499804081189615, 0.7543400659316306, 0.8920427773525975, 0.523673849288615, 0.9186774406329796, 0.08271295929174155
0.7936269376484446, 0.7770518310771456, 0.7565072881332267, 0.737295557957909, 0.7146516468405207, 0.6942537186383624, 0.6702943107425159, 0.6443346679707996, 0.6136491041522283, 0.5860639784928467, 0.5539362293993287, 0.5247501813264048, 0.4901997873026328, 0.44910385748708403, 0.4144689348159037, 0.3768680224251282, 0.3443694377245688, 0.3006355666253272, 0.26017911561710083, 0.2170899069532471, 0.187127400913717, 0.1566905955664331, 0.11485823048674071, 0.08449384681093922, 0.07093925040723263, 0.04089801671878392, 0.026223678359130493, 0.031174707360752698, 0.005740566183234839, 0.00145337761870488, 0.004982770443424698, 0.016031380729336846, 0.017706470952182377, 0.033813832750199356, 0.07558423064420319, 0.11127421599599938, 0.10244226710173135, 0.03621389000686207, 0.12998515443073777, 0.07812151992880753, 0.06831531223821115, 0.17825913452116846, 0.042865333149617685, 0.02512975171071674, 0.006147470557974459, 0.014573928852106023, 0.004645782755243407, 0.02484981913047526, 0.004871456180896312, 0.020398517192826038, 0.06329856367792827, 0.03375826569168349, 2.4351033850598686E-5, 0.03154183662210576, 0.037286878898865936, 0.015643498516305573, 0.02162934007077958, 0.0674343977093, 0.09335260286325882, 5.069630957532027E-5, 0.07266736000715376, 0.0353990395473318, 0.0014495070397771126, 0.03570434145788205, 0.05913241531637714, 0.00656498756082147, 0.06884750374199133, 0.05413988987779267, 0.06640259216142808, 0.07764205139333631, 0.1438920995527789, 0.036414485388222395, 0.03320588998697106, 0.06443794524682231, 0.18765534670992276, 0.20947269601123542, 0.056140539080008385, 0.00555012037385804, 0.1727470671294789, 0.025185698851345452, 0.43579321044516844, 0.12920677062170347, 0.5212979424421551, 0.06768075159075781, 0.10893303428189183, 0.349196385087468, 0.013461251362322933, 0.3194748217314739, 0.2739906845457205, 0.0506248026027109, 0.17768298464229934, 2.4330818336209484E-5, 0.6557296024276111, 0.5089675583841501, 0.4811355096249491, 0.25001959206372254, 0.24565993405793993, 0.10795722263483079, 0.47632615066751727, 0.08132255928414366, 0.9172870408423163
0.20564600091228882, 0.22355494561347927, 0.24205030250371673, 0.2610085465266246, 0.28339382436804395, 0.3065783890265029, 0.32948267042239165, 0.35981423726339967, 0.3849500841185821, 0.41652098915945157, 0.4423636067410757, 0.47863390020620117, 0.5127254344675556, 0.545914551254302, 0.5878954702977442, 0.6265931991895018, 0.6515976976211284, 0.68534113144218, 0.7383868470971136, 0.775536795762886, 0.8105494861769197, 0.8441188687669386, 0.8759683981890427, 0.9080100163064244, 0.9423594094272036, 0.9587318515161385, 0.979502392894948, 0.992582739190293, 0.9994601123699219, 0.997534655377944, 0.9934497516910712, 0.9777276457427224, 0.9655776101167538, 0.9470734095344702, 0.9030724662310865, 0.8582591560196328, 0.8538669124131881, 0.8082173958052301, 0.8681993134394589, 0.9140803650992037, 0.9730827588142992, 0.9417917565983858, 0.9093227025782664, 0.8430158900939024, 0.9568068163818197, 0.9729669800980943, 0.991184590818611, 0.9805581432884044, 0.9716218394804462, 0.9414954675965325, 0.8880948440721471, 0.9760572576153462, 0.9795051712426258, 0.9945664675916257, 0.9617541438850634, 0.9628572433787373, 0.9976713165527697, 0.9384441039766723, 0.9686432453255308, 0.9769742670551014, 0.9504189761568611, 0.9512019234203181, 0.9469924722017946, 0.9779046450759428, 0.9807490884647282, 0.9908569830253325, 0.8405901548989966, 0.9145455414849574, 0.9280607906224647, 0.9459140423583666, 0.9283943868779689, 0.9409201363778897, 0.9559875475562, 0.9542635481266952, 0.6561732624033175, 0.8158713245153346, 0.961511983649292, 0.6831074031319659, 0.7955088307327887, 0.9995313871616851, 0.9758983824681734, 0.8046792869459543, 0.81677672571132, 0.9501121370846605, 0.8780169546445863, 0.5565437447274199, 0.8593945107359101, 0.7876076591291432, 0.7223301046574603, 0.9322506140038214, 0.7648376344627308, 0.7260063577588208, 0.6077237908639029, 0.25860237718655027, 0.7425778539385639, 0.5374966759889144, 0.7375416467160657, 0.1461103072091484, 0.9819618293764804, 0.27782115690185155, 0.7218423305735111
0.7943539990875934, 0.7764450543860542, 0.7579496974963792, 0.738991453477632, 0.7166061756174233, 0.6934216109734622, 0.6705173295713153, 0.6401857627551164, 0.6150499159128452, 0.5834790108191649, 0.5576363932208243, 0.521366099771239, 0.4872745655056807, 0.4540854488173005, 0.4121045296471186, 0.3734068009070919, 0.34840230224633506, 0.31465886871920395, 0.26161315293674964, 0.22446320405641745, 0.18945051393098897, 0.1558811312099366, 0.12403160177793038, 0.0919899836372415, 0.05764059059387232, 0.04126814848431183, 0.020497607083788123, 0.007417260834836848, 5.398877740000544E-4, 0.002465344647589761, 0.006550248347687114, 0.022272354323925048, 0.03442238971317798, 0.05292659057008039, 0.09692753392317964, 0.1417408438680933, 0.14613308758336638, 0.19178260420784968, 0.1318006865649627, 0.08591963494238095, 0.02691724114933661, 0.05820824338329374, 0.09067729754138358, 0.15698410998815857, 0.04319318343273132, 0.027033019789567864, 0.008815408975226622, 0.019441856589884864, 0.028378160341332698, 0.058504532539907284, 0.11190515615454928, 0.02394274238687915, 0.020494828732425564, 0.005433532377356914, 0.03824585633665372, 0.037142756724214646, 0.0023286835662625362, 0.061555896049829625, 0.03135675467092533, 0.023025732969109345, 0.04958102381876326, 0.04879807676737109, 0.05300752794118799, 0.022095355047708008, 0.019250911672567157, 0.009143017165289195, 0.1594098450784274, 0.08545445853028207, 0.07193920930328447, 0.05408595776005847, 0.07160561304474418, 0.059079863414079184, 0.044012452331217033, 0.04573645190282241, 0.34382673758406274, 0.184128675386062, 0.0384880162382153, 0.3168925970719274, 0.2044911691114022, 4.6861301437189917E-4, 0.02410161738375837, 0.19532071307007062, 0.18322327439451574, 0.049887862877983524, 0.12198304554219597, 0.4434562551017656, 0.14060548933752864, 0.2123923406492691, 0.27766989533053327, 0.06774938597913881, 0.23516236574636223, 0.273993642233701, 0.39227620921064543, 0.741397622655668, 0.2574221462515358, 0.4625033239107882, 0.2624583532775599, 0.853889692785579, 0.01803817064961087, 0.7221788431544387, 0.27815766926182117
0.20586586671785068, 0.22367122712346488, 0.24039213582161534, 0.26139395384717307, 0.2804884646946199, 0.3059822685223008, 0.32878897393088563, 0.3562796429977123, 0.3842389210956672, 0.4147429850445813, 0.44399825514894714, 0.47791319763943774, 0.5096762837601216, 0.5462672310761468, 0.582298508665671, 0.6207258873585094, 0.6551956761481464, 0.6855388927115784, 0.7248583125384046, 0.7650069752766733, 0.8101606292137945, 0.8414680568738718, 0.8767501957379422, 0.9108370360501225, 0.9250849190387213, 0.960729421960778, 0.9625480225952057, 0.9785355242097178, 0.9984881181349595, 0.9936057176941795, 0.996467982223713, 0.9823068573918202, 0.9313047240354861, 0.954265868810468, 0.910471467272336, 0.9114939960879954, 0.92432867173168, 0.9488251362542579, 0.8903498762365529, 0.8301903383922453, 0.89216396405779, 0.972026443965045, 0.8617677637869324, 0.9361220439017846, 0.9343318506848909, 0.9937516915589766, 0.9932690963502597, 0.9554857119243015, 0.960191567483966, 0.9846818266547156, 0.9214419894069626, 0.9738055857644056, 0.956625903265187, 0.9966139268633457, 0.9628075053157533, 0.9846659911464758, 0.9902679942730445, 0.994110618373556, 0.9993591237271415, 0.9954295429675983, 0.8976111080710177, 0.993535843873753, 0.9773594910289577, 0.932157642125377, 0.9820837834553354, 0.8147576822950124, 0.8253606312541478, 0.991473548078044, 0.9177599499643541, 0.8795988052983126, 0.9533908021960434, 0.9485532863774163, 0.9467410689418314, 0.9901631509780875, 0.9740121791945217, 0.868117345655042, 0.9326756036918772, 0.9629609125654566, 0.5624746609379617, 0.9541933626250784, 0.20402799526657858, 0.9320705611503032, 0.7383661104365127, 0.9092106381704534, 0.9231444271830488, 0.966614454138909, 0.6765789739146628, 0.8525716716583873, 0.7625940940168301, 0.284024357959089, 0.989112291881162, 0.7684727533939392, 0.6452824333397073, 0.698429807221155, 0.35929621633900116, 0.6890663063051609, 0.22962825439498785, 0.5555701410565193, 0.6559469285330537, 0.3911406564306425, 0.4848638689998789
0.794134133284557, 0.7763287728767649, 0.7596078641843813, 0.7386060461682238, 0.719511535305102, 0.6940177315027898, 0.6712110260575244, 0.643720356865677, 0.6157610789106247, 0.5852570149629223, 0.5560017448542264, 0.522086802399752, 0.49032371627585414, 0.4537327689212636, 0.41770149129972567, 0.3792741126354544, 0.344804323763283, 0.31446110723282505, 0.27514168732499106, 0.23499302455782012, 0.1898393707482196, 0.1585319431602062, 0.12324980427166053, 0.08916296394733107, 0.07491508096467467, 0.03927057801375089, 0.03745197741580744, 0.02146447578898532, 0.0015118820633674601, 0.0063942824466402155, 0.003532017668022576, 0.017693142602440346, 0.06869527615777794, 0.045734131400940674, 0.08952853284247199, 0.08850600409910267, 0.07567132829108508, 0.0511748637478372, 0.10965012378906404, 0.16980966163339797, 0.1078360358871218, 0.027973555988935014, 0.1382322361270721, 0.06387795624954538, 0.06566814949085296, 0.006248308475717519, 0.006730903730742719, 0.04451428798983294, 0.03980843268519979, 0.015318173519690718, 0.07855801072085, 0.02619441421130056, 0.043374096701786595, 0.0033860731260340364, 0.0371924946476839, 0.015334008928456797, 0.009732005625994005, 0.0058893814635100185, 6.408761855704439E-4, 0.004570457022485869, 0.1023888918921563, 0.006464156145438808, 0.02264050888427071, 0.0678423580532563, 0.017916216530311224, 0.18524231764738847, 0.17463936876149536, 0.008526451949460306, 0.08224005015158753, 0.12040119469809447, 0.046609197873018926, 0.051446713563260374, 0.053258931187831954, 0.009836849013894831, 0.025987820840818958, 0.13188265447949019, 0.06732439639563781, 0.037039087212833194, 0.4375253389600845, 0.04580663744046022, 0.7959720045435972, 0.06792943878296415, 0.2616338894871857, 0.0907893618564061, 0.07685557276896401, 0.03338554588938978, 0.3234210261935035, 0.14742832827896069, 0.23740590607458487, 0.7159756420556672, 0.01088770792767332, 0.23152724665174115, 0.354717566533422, 0.3015701927792708, 0.6407037836281291, 0.3109336937833714, 0.7703717456070388, 0.4444298589325092, 0.3440530714630681, 0.6088593434571313, 0.5151361310010777
0.2066490397402469, 0.2217149379304883, 0.2420753773311111, 0.26230641546969374, 0.28312501616917746, 0.30681701067258754, 0.32657089081581475, 0.3587816235335444, 0.38336344471366995, 0.41062325593090687, 0.4456759756570288, 0.477416998422901, 0.5074374950015419, 0.5423171275541829, 0.5853634687695326, 0.6246516772545143, 0.6592175697849213, 0.6983285189943048, 0.7430604266744348, 0.7771032495625614, 0.8091823532062178, 0.8410553796806669, 0.8840235447080146, 0.914858025067046, 0.9254763990040763, 0.962319728888663, 0.9474790498277791, 0.99464575379988, 0.9980250262823832, 0.9991256600120298, 0.9944273836690435, 0.9723852265654395, 0.9782757878055692, 0.9653247339981098, 0.9480877281337249, 0.9493952450633794, 0.9017574967217863, 0.915793142857198, 0.904183944954375, 0.9239061835459864, 0.9298666161987934, 0.8785518219040507, 0.930719533992868, 0.966374391243316, 0.9958736834156479, 0.9907288467179889, 0.9762940464069868, 0.9927884537120228, 0.9588509459082233, 0.9393835670058776, 0.9485562419265632, 0.9120864715393131, 0.988104544290855, 0.991784376275045, 0.9358139657811906, 0.979018998705065, 0.9947309017677424, 0.9921879296389133, 0.9999636594890627, 0.9999426912086103, 0.9337484869903332, 0.9969619824528101, 0.9532270070317386, 0.983045175877477, 0.9724033833646197, 0.9609118470534845, 0.853398649398669, 0.9673292004706733, 0.9461125455590456, 0.9963612289326423, 0.9047499876010185, 0.8258454334909878, 0.8749304530142772, 0.9697885732414219, 0.8926515796193066, 0.3187198062091923, 0.9794711004763147, 0.9797378174797452, 0.9285463821258446, 0.7245422695239637, 0.7443320527971998, 0.7197919366527147, 0.6419843952510735, 0.9342871676374999, 0.8780270691639865, 0.7123940971139755, 0.9022208732547098, 0.6821532188303969, 0.8116401394491171, 0.2385024564845109, 0.4565613719004188, 0.8786409096233723, 0.6740152326821378, 0.9685299935461785, 0.6348544750381525, 0.5300827590785966, 0.6037424009530313, 0.5122935077461561, 0.6919084852323241, 0.27801197724894805, 0.08959553152637137
0.7933509602513852, 0.7782850620693424, 0.7579246226694216, 0.7376935845175528, 0.7168749838194387, 0.6931829893231312, 0.6734291091343574, 0.6412183764587706, 0.6166365552914689, 0.5893767440925569, 0.5543240243213432, 0.522583001552332, 0.49256250498694115, 0.45768287249316075, 0.41463653131107114, 0.37534832279695446, 0.3407824303322791, 0.3016714810225654, 0.25693957324803396, 0.22289675062042807, 0.1908176470125932, 0.1589446203250835, 0.11597645522399283, 0.08514197493773577, 0.07452360103753801, 0.03768027107923283, 0.05252095009538833, 0.005354246131680477, 0.0019749737473805386, 8.743401434634121E-4, 0.005572616183157766, 0.027614773460915048, 0.021724212259560782, 0.0346752658586388, 0.05191227169077388, 0.050604754744986026, 0.09824250331433534, 0.08420685714291705, 0.09581605511629782, 0.07609381638520958, 0.07013338392473638, 0.12144817815375622, 0.06928046597660882, 0.03362560875248373, 0.004126316391993309, 0.009271153313480319, 0.023705953664833405, 0.0072115462416482545, 0.04114905425646385, 0.060616432796770175, 0.05144375785048528, 0.08791352844288831, 0.011895455704598035, 0.008215623709631251, 0.06418603410469749, 0.020981001179761725, 0.005269098172307897, 0.007812070552161652, 3.634050477690012E-5, 5.7308800362429815E-5, 0.06625151305464226, 0.0030380173400293285, 0.04677299291462422, 0.01695482389687914, 0.027596616651306513, 0.039088153112564875, 0.1466013506139282, 0.032670799412659414, 0.05388745442341159, 0.0036387709319156236, 0.09525001234896631, 0.17415456669495757, 0.1250695469801977, 0.030211426851976204, 0.10734842035057224, 0.6812801937874589, 0.020528899535582554, 0.02026218230319096, 0.07145361805388815, 0.27545773027577236, 0.25566794698154616, 0.28020806334534587, 0.358015604698846, 0.06571283231687088, 0.1219729310554337, 0.28760590273445086, 0.0977791266452594, 0.317846781265429, 0.18835986063135277, 0.7614975435108614, 0.5434386279449045, 0.12135909032481118, 0.32598476712287267, 0.031470006318589455, 0.36514552484097984, 0.46991724113123007, 0.39625759909644453, 0.4877064923215221, 0.30809151456059936, 0.7219880227463517, 0.9104044685209529
0.20603084334999774, 0.2201157719514195, 0.24140160992411736, 0.2610843249454504, 0.2833308399529833, 0.30485581229621395, 0.3276316015638644, 0.3568990504069207, 0.3828034412746782, 0.41251836634271927, 0.44422750162382035, 0.47120864718056577, 0.509353878919622, 0.537924947171286, 0.5819607577635076, 0.6179216307872628, 0.6525412601103533, 0.697300994879107, 0.7274500685545049, 0.772278077774256, 0.8073068389533794, 0.8440980152451644, 0.8835706170600912, 0.9044625516743906, 0.9380070787278981, 0.9539501277280522, 0.9700722518397973, 0.9944156766412356, 0.9959002525115112, 0.981843472719386, 0.9956138425412686, 0.9895885157837139, 0.9646645866861744, 0.9647996956037971, 0.9180429464286162, 0.8946502786826454, 0.8762021358429644, 0.9148638318811952, 0.8918758067141287, 0.8525932118417651, 0.8869680708039178, 0.9542027133110605, 0.9032729721686815, 0.9755327975826054, 0.9985601001859956, 0.9808292054068042, 0.9901659506369547, 0.996806387276961, 0.9386363420666479, 0.9942544926740624, 0.8662627103950268, 0.9719436940669122, 0.9699300998981288, 0.990028061420224, 0.87064608358956, 0.9844513208356451, 0.9863385972382749, 0.9989876939021576, 0.8983928639330342, 0.8977629442298992, 0.9939438843821055, 0.9835295230777872, 0.9502893121198357, 0.9623578576423516, 0.9779380521847939, 0.9922078273340531, 0.93293348445551, 0.9927881445915385, 0.9779226300077515, 0.9552552357099948, 0.9968714510422503, 0.8075599448458717, 0.9771343035724924, 0.7792611143839463, 0.7370921838350727, 0.8188668172022603, 0.8059065886304432, 0.9208317075086905, 0.9884506375127176, 0.9671967062021601, 0.9384376312751549, 0.6771400295165528, 0.45476339136882066, 0.7099161475360174, 0.9450030636699123, 0.8572636987330657, 0.29225022256580746, 0.5764806964981347, 0.9401873704629686, 0.9063043939993852, 0.7225767699693838, 0.48672289354968606, 0.20503131036952896, 0.974633615478129, 0.9159756831022302, 0.901402444429741, 0.8694167918690199, 0.8503096532419085, 0.8195543943632909, 0.5196961145443031, 0.9201027590024713
0.7939691566532088, 0.7798842280496447, 0.7585983900767617, 0.7389156750477638, 0.7166691600512598, 0.695144187681004, 0.6723683984369028, 0.643100949589601, 0.6171965586059488, 0.58748163367476, 0.5557724983592538, 0.5287913528481587, 0.49064612118859413, 0.46207505286531764, 0.41803924215227484, 0.382078369299938, 0.347458739762602, 0.30269900492547624, 0.2725499315541563, 0.22772192227773883, 0.1926931612669573, 0.1559019847953241, 0.1164293829352814, 0.0955374483349625, 0.0619929212258008, 0.04604987223539902, 0.029927748091412916, 0.005584323388059416, 0.0040997476544123255, 0.0181565274290107, 0.004386157689586804, 0.010411483987237484, 0.03533541314604115, 0.035200304278703624, 0.08195705353721056, 0.10534972129284416, 0.12379786424942398, 0.08513616809829323, 0.1081241932977595, 0.14740678821640665, 0.1130319291989786, 0.045797286744072754, 0.09672702777348807, 0.02446720244522018, 0.0014398997008716857, 0.019170794586963955, 0.009834049151562874, 0.0031936128431683457, 0.06136365796226145, 0.005745507157131021, 0.1337372895399108, 0.028056305876773317, 0.030069900081763978, 0.00997193859961341, 0.12935391633731988, 0.015548679191703954, 0.013661402902787488, 0.0010123058893541403, 0.10160713608614826, 0.10223705581278184, 0.0060561156210940225, 0.016470476901890213, 0.04971068808829781, 0.03764214257593365, 0.022061947942188485, 0.007792172505727189, 0.06706651553960795, 0.007211855433010965, 0.02207737003070482, 0.04474476422962485, 0.003128548748486317, 0.19244005502946646, 0.022865696289444407, 0.22073888560363467, 0.2629078160529479, 0.18113318275033632, 0.19409341136525157, 0.07916829235180636, 0.01154936255404755, 0.03280329381298891, 0.06156236871576877, 0.3228599704747675, 0.545236608650435, 0.2900838524241508, 0.05499693647353686, 0.14273630122586134, 0.7077497772194941, 0.42351930365978735, 0.059812629586324564, 0.09369560604826227, 0.27742323003277786, 0.5132771064927035, 0.794968689741005, 0.025366384523230767, 0.08402431707485059, 0.09859755545517872, 0.13058320819104513, 0.14969034674161572, 0.18044560563890838, 0.4803038855910794, 0.07989724112383284
0.20566676163055897, 0.22371670361091822, 0.24141984276434164, 0.2616618814718259, 0.2843681919863812, 0.30527642520823717, 0.3310564226770802, 0.35398395802687543, 0.3827696414129099, 0.4132159812229498, 0.443361931698647, 0.47675121182708835, 0.5077331591889199, 0.5462756302817893, 0.584090862781802, 0.6238836072820253, 0.6599694670646733, 0.6977221754230677, 0.7339332870873921, 0.7667391430512144, 0.8152105755997371, 0.8467322095283201, 0.8921489758921427, 0.9058660284407475, 0.9347635894810472, 0.9577254872800326, 0.970297536066648, 0.9794178833691163, 0.9954722184574284, 0.9957385838244439, 0.9762675978321506, 0.9933680955753261, 0.9420302905051099, 0.9643083627498557, 0.9495710404676174, 0.9414568805374808, 0.8799296282749516, 0.9178417590387489, 0.9370286279045601, 0.8671375051540982, 0.8119483176092821, 0.8976646377236629, 0.9541043003310776, 0.9859547325795841, 0.9923823848759679, 0.9827137298821217, 0.952547630437955, 0.9979392258262524, 0.9843642806191089, 0.9647468763286752, 0.9905559551639188, 0.9982110394607884, 0.9526433699768018, 0.9578083002415486, 0.8713695549194599, 0.9942954363552338, 0.9737447626015503, 0.9361707899485229, 0.906274903411701, 0.9761347688915044, 0.9671637622339115, 0.9104350133834709, 0.9929275236941428, 0.9409095246352674, 0.9260746901456048, 0.9713080793537053, 0.9885627665190951, 0.9024389448732194, 0.9095845155577259, 0.9662998775381048, 0.9252685387234135, 0.9076263672971955, 0.7754306403365984, 0.9473223010798612, 0.9887996092071479, 0.836302561347785, 0.8813667588666196, 0.8529519428037905, 0.7948969530533452, 0.9447446477689868, 0.8545549793013355, 0.9896204441042954, 0.9825173812476151, 0.844758087454889, 0.9539026421900411, 0.885767932706742, 0.9738611618989468, 0.4058895237609172, 0.8422675928256053, 0.4620142713622434, 0.2787410958170253, 0.9719950606934512, 0.5105973784927673, 0.18895431427049425, 0.8304541474000208, 0.6950586172779843, 0.6348091096412917, 0.37751414968221214, 0.4436086788839873, 0.11747514076983176, 0.2704343828124125
0.7943332383617367, 0.776283296388811, 0.7585801572341832, 0.7383381185247218, 0.7156318080152729, 0.6947235748070391, 0.6689435773171578, 0.6460160420370673, 0.6172303586271962, 0.586784018752943, 0.5566380683208882, 0.5232487882467737, 0.49226684081035527, 0.4537243697828439, 0.41590913711350413, 0.3761163925612685, 0.3400305327897231, 0.3022778245611562, 0.2660667126962061, 0.23326085715990771, 0.18478942440661328, 0.15326779052758444, 0.10785102409096334, 0.09413397158657272, 0.06523641056802114, 0.042274512700072805, 0.02970246392639623, 0.020582116595137243, 0.004527781611915981, 0.004261416404176166, 0.023732402309191335, 0.006631904379046807, 0.05796970967208279, 0.035691637278045196, 0.05042895930403171, 0.058543119517468045, 0.12007037169506062, 0.08215824100733461, 0.06297137208740071, 0.13286249493799263, 0.18805168240279146, 0.1023353622471479, 0.045895699625970954, 0.014045267362121767, 0.007617615169052571, 0.017286269983638487, 0.04745236977098653, 0.0020607741028290313, 0.015635719268804006, 0.035253123896940644, 0.009444044850526148, 0.0017889605033455068, 0.04735663003398208, 0.042191699757402515, 0.12863044526137427, 0.005704563455576606, 0.026255237251877696, 0.06382921008382626, 0.09372509649313447, 0.023865231128780442, 0.032836237657261305, 0.08956498668903942, 0.007072476270125617, 0.05909047545985245, 0.07392530988179846, 0.028691920618978285, 0.011437233468929033, 0.09756105509402158, 0.09041548438807241, 0.03370012266782856, 0.07473146112291923, 0.0923736328557953, 0.22456935972546896, 0.052677698932307254, 0.01120039077949961, 0.16369743863304034, 0.11863324109496358, 0.1470480571843868, 0.20510304688205425, 0.05525535222352786, 0.14544502083591224, 0.010379555911404725, 0.01748261873464425, 0.15524191252279557, 0.04609735772549206, 0.11423206713535025, 0.026138838191513615, 0.5941104763679562, 0.15773240716871392, 0.5379857286291437, 0.7212589043105181, 0.028004939355966353, 0.48940262151608543, 0.8110456859381288, 0.16954585248693002, 0.3049413827150044, 0.36519089039108826, 0.6224858502808032, 0.5563913211116361, 0.8825248590200444, 0.7295656172522907
0.20555693718876586, 0.22387245796515629, 0.2419631221192407, 0.26093481845693595, 0.284105434364308, 0.30631587070438165, 0.3315609280570242, 0.35759229328972564, 0.3807380679070912, 0.41251205521801987, 0.4417610961092073, 0.4727559717371782, 0.5113802245276795, 0.5406538001754154, 0.5817398308438816, 0.6243953870573594, 0.6556210016717948, 0.6996682422389525, 0.7285051948877458, 0.7680520917165231, 0.8064664619635081, 0.8492224557493862, 0.8761964420980575, 0.9019834055915332, 0.9394547260969479, 0.9552565689278827, 0.9788505580491851, 0.9858077363624274, 0.9917559519700324, 0.9846716517933837, 0.9964212772622231, 0.9791433019582451, 0.972732620737346, 0.9554749997527927, 0.9200471477872085, 0.9292499726886824, 0.9105757181913012, 0.9390323200071605, 0.8153547419105559, 0.8508196862298114, 0.8716918439344897, 0.9683624303995332, 0.9235284894280898, 0.8530274597253458, 0.9973168101010291, 0.9975197158930582, 0.9755816252132579, 0.9848574391564797, 0.9844952330187067, 0.9516634017301896, 0.9981903977900359, 0.9679637688429046, 0.9976695655296739, 0.9517516721465382, 0.9874370729341344, 0.9976787034530917, 0.9372929431869441, 0.9730794043287992, 0.9576568727606708, 0.9665208733799306, 0.9346747019782766, 0.9215768067179968, 0.8705082787433307, 0.9686800349611101, 0.8912470189278177, 0.8784076234638253, 0.9886401430733615, 0.9647348947671891, 0.9575194727859099, 0.9064817755293264, 0.9563785459849578, 0.7360795750403768, 0.9434042873198164, 0.9311371688130804, 0.9434029922860404, 0.9869213798104638, 0.9524527406378017, 0.6545529465718324, 0.4019395251414701, 0.6304467303926671, 0.8998158898742455, 0.9409726567273632, 0.636657117841601, 0.8727975632210718, 0.28034444856457424, 0.8050688479627912, 0.2484489859817981, 0.25888793146816946, 0.7070121835126786, 0.22948380603091684, 0.7405939726577573, 0.3496950637735496, 0.7545213538073642, 0.4744818657792691, 0.19838543632803277, 0.6266448553451319, 0.3241614141797335, 0.6971032637073572, 0.1727992916314188, 0.35510400186795, 0.7628491655033217
0.7944430628129999, 0.7761275420351177, 0.7580368778889236, 0.7390651815631563, 0.7158945656445429, 0.693684129302393, 0.6684390719273348, 0.6424077066776586, 0.61926193208625, 0.587487944818831, 0.5582389039024611, 0.5272440282303544, 0.4886197754736348, 0.45934619990938336, 0.41826016906551067, 0.3756046130714171, 0.34437899835793284, 0.30033175793075995, 0.27149480522297975, 0.23194790837355692, 0.19353353801197642, 0.1507775442538964, 0.1238035579305966, 0.09801659446297036, 0.060545273926082346, 0.04474343107593781, 0.021149441942755642, 0.01419226369068104, 0.00824404813940585, 0.015328348171866889, 0.0035787227107182506, 0.02085669791625588, 0.027267379058754218, 0.04452500022242943, 0.07995285229934154, 0.07075002712460757, 0.0894242818672086, 0.0609676800200315, 0.18464525808971838, 0.14918031377924051, 0.1283081560521992, 0.03163756943747794, 0.07647151055313452, 0.14697254035417442, 0.002683189768509227, 0.002480284266582504, 0.024418375011390128, 0.015142561048972951, 0.015504767163825987, 0.04833659841432014, 0.0018096024194569082, 0.032036231132409436, 0.0023304344701937617, 0.04824832784541994, 0.012562926847007484, 0.002321296534045396, 0.06270705678277869, 0.02692059577836341, 0.04234312721682635, 0.033479126570103546, 0.06532529812684364, 0.07842319316226096, 0.12949172143342685, 0.03131996526271047, 0.10875298114744715, 0.12159237634921292, 0.011359856915937003, 0.03526510524269738, 0.04248052713475319, 0.09351822438076611, 0.043621454203258136, 0.26392042508546154, 0.05659571274212546, 0.06886283117735878, 0.056597007678612914, 0.013078620129125987, 0.047547259349523856, 0.34544705345467996, 0.598060475010638, 0.369553269799033, 0.1001841099153425, 0.05902734330909987, 0.36334288208974724, 0.12720243676943788, 0.7196555512500906, 0.1949311522027752, 0.7515510141240894, 0.7411120683519941, 0.2929878164931239, 0.7705161939719357, 0.25940602735948276, 0.6503049361869752, 0.24547864634674105, 0.525518134289845, 0.8016145634707015, 0.373355144735167, 0.6758385858082524, 0.30289673630729236, 0.8272007083203103, 0.6448959981003222, 0.23715083437945816
0.20578589110103263, 0.2236433593399534, 0.24274565609527632, 0.2613084760792625, 0.2813296907567149, 0.30673692776833833, 0.3299562877697894, 0.35576416729309107, 0.3840401799764734, 0.41581252955999093, 0.4467125115887743, 0.4738518224145241, 0.5124035204051207, 0.5463983589412992, 0.5806127177112183, 0.6179722591728712, 0.6564084148305606, 0.6944689711724868, 0.7349783871293596, 0.7759642741187022, 0.8129873305905045, 0.8516642056325671, 0.8767068280180316, 0.9081667010538216, 0.928619796214982, 0.9544973233692753, 0.9832105174989891, 0.9917270986421637, 0.9892508721772871, 0.9857217245653656, 0.9961996645562313, 0.9920575784290805, 0.9553272717659076, 0.9658965050128044, 0.9609367659477276, 0.8762473546593481, 0.955343417645891, 0.8411682062400655, 0.8589896268946762, 0.8523971614818964, 0.9547746679581407, 0.9263531605482451, 0.9029504582668155, 0.9290725174136313, 0.9786433930072522, 0.9221402430231089, 0.9793905943033064, 0.9934845643971667, 0.9899092929935177, 0.8330346847186472, 0.9321913067313273, 0.9982458772563122, 0.9651572874880231, 0.9907346339970728, 0.9863016584923379, 0.9910680006871235, 0.986608205151336, 0.9687236977569428, 0.945464000635645, 0.9978931100831435, 0.9422228961184328, 0.973915813574066, 0.9140148879615869, 0.9578548182795069, 0.7691270283477141, 0.9751808649521312, 0.989429367951879, 0.9937809726939175, 0.9711175209761299, 0.9309562406945997, 0.8680346171873574, 0.9706887161156091, 0.9280578013328615, 0.9032143501434576, 0.8271621808821211, 0.9853558375893368, 0.6384320313178855, 0.9882019370262558, 0.7383594742157863, 0.5795679358399707, 0.8509738304182561, 0.8932769043072794, 0.8963359139989681, 0.48333085115782104, 0.8456345983083455, 0.8997094885529202, 0.5342624096907652, 0.4902203933375169, 0.413055794626365, 0.5338501741093878, 0.9642898408260304, 0.632890121314533, 0.5255172729460581, 0.6233495490459909, 0.531842121945874, 0.8105718530213836, 0.7018754142986012, 0.07278885017055657, 0.6292466227358814, 0.9402054020139682, 0.4721085876179683
0.7942141088969527, 0.776356640660038, 0.7572543439046924, 0.7386915239052488, 0.7186703092466754, 0.6932630722151804, 0.6700437122307835, 0.6442358327685764, 0.6159598200366201, 0.5841874704490733, 0.5532874884279306, 0.5261481775297975, 0.4875964795355716, 0.45360164103953965, 0.4193872821364072, 0.38202774086288405, 0.34359158522647953, 0.3055310290499426, 0.2650216130772757, 0.22403572585237452, 0.1870126694816384, 0.14833579438421565, 0.12329317197859985, 0.09183329895195036, 0.0713802038071726, 0.0455026765983923, 0.016789482544898895, 0.008272901547732107, 0.01074912782346918, 0.01427827532797598, 0.003800335328127522, 0.007942421461824669, 0.044672728414964835, 0.0341034950333016, 0.03906323402190141, 0.12375264550346285, 0.04465658237856496, 0.15883179375802925, 0.14101037310825987, 0.14760283854843134, 0.04522533214307948, 0.07364683943278615, 0.0970495417459647, 0.07092748247689469, 0.021356606967142325, 0.07785975679590289, 0.02060940574021656, 0.006515435485880579, 0.010090706922090983, 0.1669653151029755, 0.06780869343360996, 0.0017541227480265638, 0.034842712538789726, 0.009265365923273143, 0.013698341420461073, 0.008931999091693777, 0.013391794717973006, 0.03127630205075191, 0.05453599939728336, 0.0021068899171617305, 0.057777103844365116, 0.02608418643322312, 0.08598511199154739, 0.04214518155209549, 0.230872971721321, 0.024819135109475067, 0.010570632064768692, 0.006219027306751389, 0.02888247910839323, 0.06904375923483427, 0.13196538283625375, 0.02931128385561385, 0.0719421984705545, 0.09678564985939118, 0.17283781913769622, 0.014644162392263353, 0.3615679687363413, 0.011798062810016798, 0.26164052571033825, 0.42043206414750134, 0.14902616978540273, 0.10672309570619046, 0.10366408611687257, 0.5166691488553512, 0.15436540183930542, 0.10029051125438748, 0.4657375901243808, 0.509779606811962, 0.5869442054098883, 0.46614982588690845, 0.03571015898860772, 0.3671098788788345, 0.4744827271382671, 0.3766504510651303, 0.46815787815511406, 0.18942814688018986, 0.2981245857064908, 0.9272111498256725, 0.3707533773528648, 0.05979459815953382, 0.5278914125893565
0.20601655635373173, 0.2230383692066748, 0.24197599285070162, 0.26373567331644926, 0.28168457096383676, 0.3079385795818064, 0.3328708439240917, 0.35634195022108683, 0.38361033297580027, 0.414207116982409, 0.4416965905966019, 0.4735997417837403, 0.5124494230877739, 0.5487036622385048, 0.5794992825147097, 0.6240273169589058, 0.6555717806340826, 0.6932892442160611, 0.7278296040303064, 0.7711356472537896, 0.8064147108206855, 0.8423013038371625, 0.875321944544677, 0.9052392867282645, 0.9272102153225132, 0.9601257818538563, 0.9731438517187743, 0.9877203739895728, 0.9996998326778338, 0.955296277404827, 0.9939432536706396, 0.9846681826453928, 0.9553499482373929, 0.9650186530809616, 0.9168819831288241, 0.884589390222478, 0.9210410929955645, 0.8744984871875456, 0.9010322409631775, 0.9833450732825975, 0.9294747847574577, 0.9016371138643413, 0.9605674367760253, 0.9546781818837786, 0.9956049320990502, 0.9845705469104266, 0.987244241150373, 0.9891914821307043, 0.9767056531062537, 0.9508646570900258, 0.9439850643033966, 0.9583035308854738, 0.9946414855629698, 0.9091626760464037, 0.981944481990163, 0.9830664119041246, 0.9671756530053993, 0.8946488499372014, 0.9860666182403918, 0.9964573072942605, 0.9277646142520007, 0.9791666228994348, 0.9684776983863794, 0.9287220205189693, 0.9899705211872132, 0.8308438282808738, 0.9601807120742095, 0.8449247496013168, 0.9212865250445208, 0.9843624951986568, 0.9533005940342896, 0.8616915356794007, 0.9944827511584255, 0.8382100345165369, 0.8107835895237627, 0.8673647018441345, 0.9355187008667524, 0.8757523061509329, 0.9527899477715415, 0.9286384012930868, 0.8288918488294369, 0.14145911715755294, 0.5039602163703374, 0.5486759905832781, 0.9809039548041383, 0.6741186587924977, 0.6636629469337751, 0.8788211132456183, 0.9011193898416795, 0.5863438289518925, 0.7159260400745553, 0.8256685085278375, 0.2478378672198291, 0.4109647673386042, 0.8579516746789546, 0.48399636912999117, 0.20556722431370794, 0.6698237813710652, 0.14626677549548844, 0.9593826193737506, 0.7897745091051067
0.793983443656411, 0.7769616307914334, 0.7580240071467508, 0.7362643266660872, 0.718315429025769, 0.6920614204176432, 0.6671291561143955, 0.643658049807173, 0.6163896670013586, 0.5857928830016278, 0.5583034094122142, 0.5264002580164869, 0.48755057691507536, 0.4512963377760159, 0.4205007174856088, 0.37597268294475544, 0.34442821933661416, 0.30671075589176006, 0.27217039592397185, 0.22886435270541783, 0.1935852892658477, 0.1576986960546829, 0.12467805543856957, 0.09476071327434504, 0.07278978462683247, 0.0398742181252839, 0.026856148249617948, 0.01227962605682368, 3.001674180850009E-4, 0.04470372238879046, 0.006056746232596927, 0.01533181751035055, 0.044650051932516754, 0.034981346875462976, 0.08311801685725176, 0.11541060980381448, 0.07895890705091567, 0.12550151279574928, 0.09896775911270554, 0.016654926707915726, 0.07052521529007637, 0.098362886090156, 0.03943256319030314, 0.04532181804773026, 0.004395067839130417, 0.015429452953199592, 0.012755758831642192, 0.010808518002181796, 0.02329434689951268, 0.049135342967617845, 0.056014935579870376, 0.041696469094393625, 0.005358514435892492, 0.09083732417017512, 0.018055517785990752, 0.016933588021919223, 0.03282434716278364, 0.10535114991071406, 0.013933381799513266, 0.0035426927747459914, 0.07223538574812405, 0.020833377070826716, 0.031522301607825605, 0.07127797968958756, 0.010029478611597569, 0.1691561716097868, 0.0398192878089275, 0.15507525040263528, 0.07871347489361699, 0.01563750465243486, 0.04669940586256418, 0.13830846423798004, 0.0055172486904004475, 0.16178996546954205, 0.18921641041183315, 0.1326352981214052, 0.06448129917668285, 0.12424769407527886, 0.047210052179866374, 0.07136159856076735, 0.1711081511901479, 0.8585408828404191, 0.4960397836122848, 0.45132400946421564, 0.019096045135229674, 0.3258813414282321, 0.3363370531679909, 0.12117888695958508, 0.09888061017089186, 0.4136561710395384, 0.28407396010291003, 0.1743314913430687, 0.7521621327535617, 0.5890352324944493, 0.1420483253960046, 0.5160036310556452, 0.7944327757092279, 0.3301762186158829, 0.8537332246017866, 0.040617380492850255, 0.21022549086336742
0.20633467517517218, 0.22429461537937456, 0.24114050669712753, 0.2603837887933178, 0.28270700618418115, 0.30296527264164197, 0.33017556053872255, 0.3572207116588922, 0.38554506698047575, 0.41193241298241545, 0.44170292392805993, 0.47893063724456436, 0.5077271898572029, 0.5447138774404351, 0.5852931420910678, 0.6206102422384083, 0.6509630794907969, 0.6954096914100191, 0.7322920094340876, 0.7716549681972685, 0.8093775678552132, 0.8376829347386916, 0.8817537336967981, 0.9131947385385585, 0.9329476766870798, 0.9574830613340153, 0.9599649787852843, 0.9883664515891829, 0.9979487215794505, 0.9994836356761746, 0.9895792929927426, 0.9709653504641759, 0.956900389677195, 0.8912489711534726, 0.9376304383888822, 0.9108867979195593, 0.8688867999360347, 0.936318193182454, 0.882096931329937, 0.9575035852237218, 0.9502887207917582, 0.9740325903260151, 0.9532554884876804, 0.9831361163166227, 0.9868190131579572, 0.9996538467367245, 0.9778368975852647, 0.9997280147822464, 0.9824305752663594, 0.9675795814976448, 0.8809749722823236, 0.9513167545047211, 0.9975590613282188, 0.9306908147870728, 0.9674428903439032, 0.9532585876759357, 0.9296716769520472, 0.9957294139145934, 0.9752229645222041, 0.9901890857813529, 0.9721037504766397, 0.9893333114488685, 0.9794387707061886, 0.9980448541601589, 0.9909715745950344, 0.8808210180712966, 0.984591307594128, 0.9645080823555301, 0.8884581658830707, 0.9769592408334241, 0.8915748555898649, 0.9812162564762547, 0.8927321890519211, 0.9516399861797047, 0.9187642470953177, 0.6442521572245936, 0.9451328506494142, 0.8894718156317453, 0.9843665636049769, 0.9532120808942931, 0.848672149624935, 0.8123424312703204, 0.9618709662398093, 0.9683742849997676, 0.5171678753969866, 0.8068255303583662, 0.48883548788618125, 0.7504817193118042, 0.44463742817198115, 0.6065991185503631, 0.9402909982768269, 0.6976812715957115, 0.5270636777843225, 0.5877641787836474, 0.2964664645412378, 0.6907764948376109, 0.1946296172328315, 0.6577029388626353, 0.7568930723743632, 0.7508428961557259, 0.3151414581574956
0.7936653248223503, 0.7757053846199112, 0.7588594933055968, 0.7396162112123663, 0.7172929938051462, 0.6970347273655549, 0.6698244394629251, 0.6427792883261425, 0.614454932979386, 0.5880675870130362, 0.5582970760707583, 0.5210693627306037, 0.4922728101813116, 0.4552861224393998, 0.4147068578020354, 0.3793897576010732, 0.3490369204962255, 0.3045903087646704, 0.2677079903975633, 0.22834503200017708, 0.19062243210080967, 0.16231706527384945, 0.11824626633761176, 0.0868052614331194, 0.06705232326743371, 0.042516938647423744, 0.04003502118754479, 0.011633548388341903, 0.0020512784948647344, 5.163641576768413E-4, 0.010420707230426584, 0.029034649535340205, 0.04309961015462688, 0.10875102899142412, 0.062369561620142344, 0.08911320206779758, 0.1311131999418742, 0.06368180686153802, 0.1179030686247837, 0.042496414827316045, 0.049711279285325115, 0.02596740956185454, 0.046744511532013984, 0.016863883646446098, 0.013180986727803403, 3.461532204960605E-4, 0.02216310237928346, 2.719852865425876E-4, 0.01756942488379152, 0.03242041842505665, 0.11902502757845285, 0.0486832454812756, 0.0024409386540228586, 0.06930918534989458, 0.032557109577199185, 0.04674141255266761, 0.07032832315101474, 0.004270586266301026, 0.02477703551015495, 0.00981091420892817, 0.027896249369946426, 0.010666688546896796, 0.020561229105120725, 0.001955145972719041, 0.009028425365998752, 0.11917898206348254, 0.015408692388907366, 0.03549191765925639, 0.11154183430624195, 0.023040759256690434, 0.10842514454264003, 0.018783743577285197, 0.107267811027424, 0.048360013813046346, 0.08123575290932344, 0.35574784297441486, 0.05486714939191698, 0.11052818451684253, 0.015633436344242718, 0.04678791902592965, 0.15132785049118308, 0.18765756872816605, 0.03812903374799207, 0.03162571477273872, 0.4828321245811737, 0.19317446964510418, 0.5111645120563524, 0.24951828058939912, 0.5553625717527381, 0.3934008814288733, 0.05970900186299738, 0.30231872855679154, 0.4729363221201717, 0.4122358214140872, 0.7035335355141873, 0.30922350533422877, 0.8053703827876875, 0.34229706116844244, 0.24310692772860143, 0.24915710376990916, 0.6848585420231071
0.20643528255132587, 0.2239206136134208, 0.23965622413504561, 0.2618193404662806, 0.2819282637721871, 0.3039151884667309, 0.3284180969428909, 0.3555803541955164, 0.38506121978533975, 0.4109010036476681, 0.4468361538896902, 0.4755313139642862, 0.5093316273619286, 0.5495534473352925, 0.5856467753573501, 0.6211968322907964, 0.6632596486998272, 0.6959180963048446, 0.7306972522736804, 0.7706528512114225, 0.7905678718808804, 0.8426328277417058, 0.8742561183957883, 0.9169691210916037, 0.9226854289608554, 0.9648913415374477, 0.9850830560832723, 0.9712528056350098, 0.998651912700231, 0.9987945871750621, 0.9791275781708731, 0.9910294657242417, 0.9762082661149769, 0.9647397419422441, 0.928017677949374, 0.9024097664256782, 0.910779834250467, 0.7726549812542046, 0.8600084808529107, 0.8950809311651218, 0.8266755504549427, 0.9526101591350861, 0.9186892618235927, 0.991794158054263, 0.9987033809963908, 0.9884835146777583, 0.9868526015807475, 0.9476381677846217, 0.9942877678612462, 0.9432329022733877, 0.9391786198121729, 0.9564642939748855, 0.9715752026521836, 0.9895555863049869, 0.9589512863754289, 0.9618497422927478, 0.9932826259011525, 0.9304356483329129, 0.9865603896598995, 0.9120415621451324, 0.968493356124848, 0.9722334648463904, 0.9298322094594199, 0.9725867020564439, 0.9614333379079197, 0.9878529971774603, 0.8744059728221365, 0.7565877002715568, 0.8882580566037317, 0.9030214341605299, 0.9095064241079617, 0.838706506381001, 0.6184621164622777, 0.8821846110824033, 0.8079907525292749, 0.8236405808196164, 0.9941379767831432, 0.6906188964871536, 0.8050357781859466, 0.9939585938265494, 0.5345107254596823, 0.8541220064243078, 0.9264797953813347, 0.9448876565772785, 0.9643135941340643, 0.8633889178052603, 0.481771302840566, 0.9171483078348899, 0.8647387226711392, 0.6090296687680941, 0.8650833979062214, 0.6992924794588086, 0.9404334511957632, 0.9923945552060145, 0.9879985709265574, 0.6057192435780643, 0.6348034097316142, 0.2487932188547549, 0.40119670786060424, 0.6717870712430858, 0.5532474607084654
0.7935647174467514, 0.776079386386227, 0.7603437758628141, 0.738180659539869, 0.7180717362256424, 0.6960848115081557, 0.6715819030782693, 0.6444196457861173, 0.6149387801673176, 0.589098996355, 0.5531638460844053, 0.5244686859840616, 0.49066837268800484, 0.4504465526467813, 0.4143532246961436, 0.3788031676017288, 0.3367403514739388, 0.3040819039067802, 0.2693027477130343, 0.2293471487552321, 0.20943212789716537, 0.15736717226215685, 0.12574388165227535, 0.08303087890750593, 0.07731457106509257, 0.03510865853925699, 0.014916943987295157, 0.028747194386448884, 0.001348087163810537, 0.0012054129860363076, 0.02087242199895469, 0.008970534197534618, 0.023791733982073557, 0.035260257987968224, 0.07198232193106341, 0.0975902333810644, 0.0892201657948776, 0.22734501869788173, 0.13999151914307967, 0.10491906879674764, 0.17332444950974904, 0.04738984090530091, 0.08131073815935057, 0.008205841986529067, 0.0012966189263090432, 0.011516485220459116, 0.013147398494865428, 0.05236183229183361, 0.00571223234867037, 0.05676709757501426, 0.06082138040675191, 0.04353570601954831, 0.02842479743356354, 0.010444413704056823, 0.04104871356887918, 0.03815025752991886, 0.006717373902347303, 0.06956435165805697, 0.013439610334884073, 0.08795843785774406, 0.03150664378677384, 0.027766535210163777, 0.07016779046069194, 0.027413297725627, 0.03856666196083525, 0.012147002924036636, 0.12559402717825946, 0.2434122997471916, 0.11174194343657533, 0.09697856592135475, 0.09049357571072686, 0.16129349355206857, 0.3815378834700868, 0.11781538885063335, 0.19200924747675002, 0.17635941904496177, 0.005862023159324825, 0.3093811034046518, 0.1949642218524265, 0.006041406366707177, 0.4654892744557325, 0.14587799352386416, 0.07352020461633998, 0.055112343402214194, 0.03568640569735213, 0.13661108218375806, 0.5182286971555374, 0.08285169209905556, 0.13526127735306764, 0.39097033122250474, 0.1349166022222953, 0.3007075205461471, 0.05956654863741637, 0.007605444588635437, 0.01200142889556923, 0.3942807562611948, 0.36519659026453444, 0.7512067811267128, 0.5988032921304002, 0.32821292882977465, 0.4467525393971395
0.206572672242822, 0.22332625332699685, 0.2426198417097834, 0.25817721094924345, 0.2819153362940224, 0.3058236366960094, 0.33016334231867644, 0.35706019848484954, 0.3824435937406098, 0.4122487510452135, 0.4395283439819098, 0.47276436174546704, 0.5087466467300364, 0.5391207348810381, 0.5843790229461032, 0.6189513876820558, 0.6581664967516345, 0.6939071047435931, 0.7300992112099121, 0.7725420376740905, 0.8045073188749537, 0.8514948207432831, 0.8666507487989209, 0.8993787398529878, 0.9353389454267772, 0.9632096942940879, 0.9832538660006404, 0.9875039374275317, 0.9989107008673358, 0.994616625696715, 0.9854320576399422, 0.9823678132654883, 0.97425798551883, 0.9184293379505422, 0.9495885791337353, 0.8870826930025498, 0.9278288724245731, 0.8478057063861881, 0.8603956080054859, 0.9004721401637309, 0.955756254776256, 0.978472052658551, 0.9309602186048034, 0.9172636335867087, 0.9888186865587847, 0.9702636929809065, 0.9607793409082683, 0.9480383442439136, 0.9103600802611349, 0.980577539793671, 0.9592272449847842, 0.9715271369178328, 0.9750210924908371, 0.9937672266914184, 0.9917108615350179, 0.9272478967331605, 0.9986372750667067, 0.9673218824299141, 0.9214905441033318, 0.9882401550599479, 0.9498032364017374, 0.9649255350421475, 0.990183197000322, 0.9822924299507425, 0.9705396167805903, 0.8046295867288366, 0.8291149939112243, 0.9867151143478257, 0.9484473475494417, 0.9569052527287919, 0.9977874412534388, 0.9963948584715023, 0.9118528686609975, 0.6652654532679385, 0.8534756078574708, 0.9985180969488346, 0.9272779005981951, 0.9364670365054584, 0.6290176534248197, 0.7048277081573779, 0.6172514919053724, 0.8918752524032009, 0.5011265148854476, 0.7814835575776804, 0.14126241661026717, 0.8145739553167279, 0.9063703209964635, 0.5244556624630524, 0.6060676813358041, 0.31294555548400077, 0.28995851329237265, 0.48375464233718196, 0.9522071419582313, 0.6785670642589477, 0.4882495676783257, 0.4292116041622568, 0.43657683534185515, 0.5546724412547863, 0.11356877626971787, 0.2247766483329431, 0.7243429539498365
0.7934273277560213, 0.7766737466734394, 0.7573801582924159, 0.7418227890300344, 0.7180846637066848, 0.6941763633069247, 0.6698366577117963, 0.6429398015136197, 0.6175564062419825, 0.5877512488619182, 0.5604716560100473, 0.5272356383233366, 0.4912533532423936, 0.4608792651366503, 0.415620976915887, 0.38104861222104475, 0.34183350313386135, 0.30609289507828635, 0.2699007885905086, 0.22745796223319928, 0.1954926810841119, 0.14850517924912154, 0.1333492512760206, 0.10062126014376216, 0.06466105455753614, 0.03679030569826012, 0.016746133916111176, 0.012496062455868751, 0.0010892990447401501, 0.005383374288715967, 0.014567942407063167, 0.017632186663917915, 0.025742014294476066, 0.08157066201908675, 0.05041142077802609, 0.11291730677688673, 0.07217112751560419, 0.1521942935338989, 0.1396043919371655, 0.09952785986791246, 0.044243745261253895, 0.02152794745981909, 0.06903978139532489, 0.08273636654175273, 0.01118131356941078, 0.029736306795635936, 0.03922065892375416, 0.051961655662608505, 0.08963991968997449, 0.019422460158989237, 0.040772755088996616, 0.028472863090111135, 0.024978907504241442, 0.006232773333097245, 0.008289138386848022, 0.07275210333147254, 0.0013627250039405991, 0.03267811735238874, 0.07850945580100537, 0.011759844940520145, 0.05019676347729216, 0.035074464937156935, 0.009816803088505483, 0.017707569942513338, 0.02946038306393626, 0.1953704132368566, 0.17088500606582047, 0.013284885511208955, 0.05155265246942486, 0.043094747409561505, 0.00221255883212052, 0.0036051413733212525, 0.08814713115959814, 0.3347345467335188, 0.14652439211915663, 0.0014819029464093584, 0.07272209929557318, 0.06353296333786651, 0.37098234672530656, 0.2951722919756556, 0.38274850831630164, 0.10812474757610152, 0.4988734849229553, 0.21851644240397233, 0.8587375834021849, 0.18542604488517425, 0.0936296789331556, 0.4755443375358594, 0.39393231869420114, 0.6870544444018072, 0.7100414866395691, 0.5162453577136732, 0.047792858143227784, 0.321432935563286, 0.5117504321048466, 0.5707883957100509, 0.5634231646643677, 0.445327558730307, 0.8864312237382893, 0.7752233518147043, 0.27565704623949044
0.20597736122806784, 0.22144974265753717, 0.24160533254172425, 0.2625958534530206, 0.2816541839346977, 0.3044752372931379, 0.3296569986790683, 0.3588367248499434, 0.385178482946205, 0.4130138257992269, 0.4426180965082055, 0.4776937904942001, 0.5078859077679818, 0.5498232146637643, 0.5849439550543323, 0.6190107888532949, 0.6576579295597973, 0.6942128120474883, 0.731839174298264, 0.7739435976634612, 0.8040107455039927, 0.8305478341409087, 0.8795115708370164, 0.9107411486342248, 0.9366433892068593, 0.9519491997491285, 0.9733822633178701, 0.9450256044892668, 0.9855175742106446, 0.9977320545707106, 0.9902875175028496, 0.9783069916702372, 0.9611687077376111, 0.934521680278131, 0.9053741397648307, 0.9416516568824433, 0.9391753814387236, 0.9244351099034991, 0.9360851239564846, 0.9081379842350168, 0.9163686667774158, 0.9479974026682622, 0.83860547099743, 0.9673238318661947, 0.9594890723566543, 0.9989597143081211, 0.9949133603581186, 0.9905602655968803, 0.9785465036009926, 0.9732152803466957, 0.9450575538378289, 0.9891044821609468, 0.9739537621949746, 0.9921259201845738, 0.9763218670971122, 0.9544748146344582, 0.9964842014560178, 0.9859116180412888, 0.997943502952226, 0.9951357528369057, 0.8896797833340797, 0.9998343403789155, 0.9982195277289097, 0.9632034328764353, 0.9089554432235126, 0.9755000011950816, 0.9930169245194566, 0.9545905180529571, 0.9934387208168667, 0.9449017693562797, 0.9956651989238764, 0.9093037242078477, 0.8940011692059668, 0.9739320288664564, 0.9840455361611441, 0.7252552267726824, 0.9802684824083934, 0.8028726925750352, 0.7088594714118197, 0.6314910103984674, 0.8144039681804711, 0.6880477640207907, 0.9734169158318309, 0.4889902198412349, 0.596180410726555, 0.6206737669754708, 0.698277214536274, 0.9707304795403336, 0.8677155060988292, 0.19284701307382598, 0.9799005585567505, 0.585893646677867, 0.501116781249958, 0.9611521553432112, 0.9943197600346152, 0.745439768672545, 0.5925002591998995, 0.10952638552355955, 0.9041803082555769, 0.35855442601912085, 0.24531915805310445
0.7940226387717478, 0.7785502573424656, 0.7583946674498004, 0.7374041465392291, 0.71834581606459, 0.695524762705841, 0.6703430013221731, 0.6411632751253621, 0.6148215170980933, 0.586986174202758, 0.5573819035102269, 0.522306209555046, 0.49211409222972113, 0.4501767853691772, 0.415056044838776, 0.3809892112372107, 0.3423420704570229, 0.3057871881806031, 0.2681608256782097, 0.22605640236778332, 0.19598925467379338, 0.16945216600068042, 0.12048842925613158, 0.08925885138256774, 0.0633566107800007, 0.0480508001684974, 0.02661773664316428, 0.054974395456816205, 0.014482425625234979, 0.00226794555004711, 0.009712482551920415, 0.021693008448950023, 0.038831292406906276, 0.06547831955890299, 0.09462586034137214, 0.05834834316061222, 0.060824618582088874, 0.07556489011622892, 0.06391487602159683, 0.09186201576727382, 0.08363133314960475, 0.052002597254385344, 0.1613945289703093, 0.032676168179406676, 0.040510927460440736, 0.0010402858866970992, 0.005086639860938139, 0.009439734433879141, 0.02145349649352431, 0.026784719804895118, 0.05494244609569236, 0.010895517839303481, 0.02604623785372407, 0.007874079719156504, 0.023678133050570836, 0.04552518553229781, 0.003515798545450414, 0.014088381905557975, 0.0020564970471613118, 0.004864247235319247, 0.1103202166340637, 1.6565960559644655E-4, 0.001780472184954612, 0.03679656727626523, 0.09104455666767439, 0.024499998671688564, 0.006983075490688473, 0.04540948199096809, 0.0065612792161556695, 0.055098230607883616, 0.0043348009896625565, 0.0906962755877007, 0.1059988308656055, 0.02606797118789665, 0.01595446386731746, 0.2747447731503308, 0.01973151760852345, 0.19712730761101327, 0.29114052872314444, 0.3685089895972655, 0.18559603161265062, 0.31195223595150673, 0.02658308414069048, 0.511009780118901, 0.40381958922949013, 0.37932623294993606, 0.30172278538419134, 0.02926952042929797, 0.1322844938782874, 0.8071529869392231, 0.0200994412228154, 0.4141063532871041, 0.4988832189405663, 0.03884784481903873, 0.005680239860197838, 0.2545602314953537, 0.40749974079835305, 0.8904736144884668, 0.09581969169685235, 0.6414455741643281, 0.7546808418429451
0.20651376897481957, 0.22409729985913301, 0.241286878129816, 0.26198057073937375, 0.28284478528297397, 0.30607046689169437, 0.32964799056707483, 0.35461993522432184, 0.37999839853065914, 0.41517641723534315, 0.44662695475940234, 0.4758699026331776, 0.5129481960159883, 0.545174590390744, 0.5842261960464477, 0.6185121289169704, 0.6616598247515254, 0.6937286258017732, 0.7216429904960648, 0.7795104516749519, 0.8156162899943838, 0.8388187588148425, 0.8862337888938306, 0.907853161399783, 0.9426112302360086, 0.9559032626597217, 0.972033334863318, 0.9895612598284367, 0.9994381759929118, 0.9982413447396558, 0.9887526449072574, 0.9579584045203765, 0.9521908591658094, 0.9523496095662864, 0.9257913924306216, 0.914424803003213, 0.9122362540639388, 0.923249332803214, 0.8682995929216178, 0.9437079336580383, 0.888488243853648, 0.9649092185967076, 0.970408911551346, 0.9729907571399183, 0.9848020245397551, 0.9968719521925639, 0.9909851811720526, 0.9753742633578245, 0.9862895702275021, 0.9690084716699177, 0.9510932148165723, 0.9848569352815071, 0.992892157673664, 0.9944559154960673, 0.9814488606925084, 0.9958293795125746, 0.9976888053473687, 0.9939745824003098, 0.9940907259865643, 0.9714581690999303, 0.9574759267242963, 0.9534411754917423, 0.9984970542966151, 0.9793673534227656, 0.9406638080040004, 0.9886703985558428, 0.7672883649464861, 0.9475221505980969, 0.9922056360022443, 0.878004188887814, 0.9758739472607268, 0.9813311492493463, 0.9953804925508073, 0.9755461487070751, 0.8146046209062551, 0.9074045880436286, 0.8881373098564058, 0.9896948963758533, 0.9625193193564383, 0.44518130879502205, 0.9393821069378607, 0.867271876681524, 0.9901232825807589, 0.02057631677641799, 0.9473832634927242, 0.33780291396672885, 0.876573374961385, 0.9009521447451149, 0.9529077766651816, 0.9059233809327775, 0.7377881403645913, 0.9931132285375255, 0.399432727595572, 0.8385503410982774, 0.20991079298941312, 0.8877386428560423, 0.544520331482533, 0.6984787802442382, 0.717812025570722, 0.6566054543387283, 0.6075833020153335
0.7934862310226746, 0.7759027001409852, 0.7587131218700578, 0.7380194292745591, 0.717155214728025, 0.6939295331029651, 0.6703520094293457, 0.6453800647696208, 0.6200016014981888, 0.5848235827408854, 0.5533730452055858, 0.5241300974067366, 0.48705180393513525, 0.45482540956231937, 0.4157738038915704, 0.3814878710563843, 0.33834017513356274, 0.3062713740376836, 0.2783570096753778, 0.22048954850949906, 0.1843837101227841, 0.16118124130793568, 0.11376621112198096, 0.09214683858567255, 0.057388769729685235, 0.04409673734535409, 0.027966665247057175, 0.010438740120321536, 5.618238845292927E-4, 0.00175865547000335, 0.011247355319101794, 0.0420415952537397, 0.04780914084284896, 0.04765039036804332, 0.07420860769464636, 0.08557519704243499, 0.08776374595839379, 0.07675066721162707, 0.13170040709872463, 0.05629206643589592, 0.11151175619490848, 0.03509078133578479, 0.02959108842126578, 0.027009242755563406, 0.01519797557775027, 0.003128047751683609, 0.009014818782885561, 0.024625736699810163, 0.013710429922995513, 0.030991528133092635, 0.04890678519582186, 0.015143064702159998, 0.007107842318150785, 0.005544084518630749, 0.01855113946492027, 0.004170620512958603, 0.002311194714789348, 0.006025417632390065, 0.005909273964790343, 0.028541830878485067, 0.04252407325447603, 0.046558824497935344, 0.0015029456831851438, 0.02063264653649914, 0.05933619217082776, 0.011329601508724927, 0.2327116350938044, 0.0524778493964796, 0.007794364009468141, 0.12199581091341394, 0.024126052699718462, 0.0186688506588015, 0.004619507236833529, 0.024453851281331082, 0.18539537909024228, 0.09259541208146677, 0.11186269009478984, 0.01030510365300056, 0.03748068077235252, 0.5548186911948835, 0.060617892902021756, 0.13272812332386819, 0.009876717397331517, 0.9794236830989748, 0.05261673631073294, 0.6621970858893719, 0.12342662488371987, 0.09904785520203366, 0.047092223409216885, 0.09407661913654715, 0.2622118595736337, 0.006886771450225265, 0.6005672722103874, 0.1614496588615199, 0.7900892069765717, 0.11226135717505198, 0.4554796685112791, 0.3015212197735257, 0.28218797444278654, 0.34339454566723004, 0.39241669816082425
0.20600028960735595, 0.2243078270442011, 0.24153773514238783, 0.2615974860099385, 0.2817095185436271, 0.30770794086111497, 0.3314264105941953, 0.35746921769167667, 0.38117835205577366, 0.4106617397077731, 0.4435031611664375, 0.47898054642412213, 0.5096685011363044, 0.5433916048883184, 0.5743713754153733, 0.6148057743685792, 0.655802196446676, 0.6957482359264204, 0.7410018529125157, 0.766026461780033, 0.8111257701157278, 0.8517422053282137, 0.8702040753087149, 0.8999990383771918, 0.9414852395134413, 0.9623850118085476, 0.9685986184338924, 0.9838506307659082, 0.9939902991103148, 0.9828618901063321, 0.9890712795745483, 0.9922033241208288, 0.9754935802683, 0.9534034435984838, 0.957983920703222, 0.9259086588746153, 0.9138205393314814, 0.8637101441574053, 0.8929775844137537, 0.9379545971200332, 0.9283581090601088, 0.9731188890917736, 0.9044209321023067, 0.9905052963721861, 0.9972506827954949, 0.9510762413009392, 0.9936067920744547, 0.9985413299235666, 0.9863067229571962, 0.9895778671914991, 0.901414763680906, 0.9296290121754731, 0.998652510841645, 0.9733753073040594, 0.9034085144119961, 0.9303229600017585, 0.9749134178226111, 0.9860445995660855, 0.9298878551415586, 0.9685330538363357, 0.9630705544397015, 0.9701800888266899, 0.9589775472342232, 0.9713977117440786, 0.9217865975254352, 0.9197292211643343, 0.9544574422920545, 0.9979333102031641, 0.9616942125995649, 0.8992090316507596, 0.9923737341296058, 0.9887610643419436, 0.974747415023175, 0.9248647158547294, 0.95454330943408, 0.9940129770008964, 0.8312018397596146, 0.9116331827776321, 0.9185692879633094, 0.8049913263794749, 0.5847262809085876, 0.7861398738180482, 0.9565616100784493, 0.6918318425942496, 0.40506734229144836, 0.5446241077500855, 0.5234776088513533, 0.6764624137605141, 0.7623168498392004, 0.29482256477546837, 0.3040620144215805, 0.5770581221342466, 0.5195151700356483, 0.5101287321894443, 0.7470410576169935, 0.7868187580215226, 0.4788018628634071, 0.6416900070909495, 0.6778894727042712, 0.16441850005097355, 0.4750481930302946
0.7939997103974347, 0.7756921729569375, 0.7584622648463627, 0.7384025140014472, 0.7182904814495434, 0.6922920591109898, 0.6685735893829159, 0.642530782325492, 0.6188216479392414, 0.5893382602597935, 0.5564968388304284, 0.521019453594276, 0.4903314988276021, 0.456608395039652, 0.42562862454681566, 0.3851942255354418, 0.34419780355175855, 0.30425176426899647, 0.258998147108425, 0.2339735381402085, 0.18887422972338327, 0.14825779466891847, 0.12979592458154596, 0.10000096172179737, 0.05851476047733002, 0.037614988239600175, 0.03140138156891018, 0.016149369300910824, 0.006009700831696642, 0.01713810984463049, 0.010928720218597882, 0.007796675738923966, 0.024506419588953325, 0.04659655631600393, 0.042016079379318894, 0.07409134133016244, 0.08617946063308743, 0.13628985581297687, 0.10702241558657627, 0.062045402915451284, 0.07164189095238765, 0.02688111092951044, 0.09557906792183936, 0.009494703560209098, 0.00274931721458795, 0.0489237586961051, 0.006393207713298932, 0.001458670256379518, 0.013693276823665328, 0.010422132746221262, 0.09858523641620533, 0.07037098780800967, 0.0013474891922813737, 0.026624692684343337, 0.096591485433892, 0.06967703998199716, 0.025086582150246787, 0.013955400390028214, 0.07011214474656982, 0.03146694617324603, 0.03692944564421906, 0.029819911128578087, 0.0410224526789442, 0.028602288204207314, 0.07821340234162515, 0.08027077903188905, 0.045542557744780394, 0.0020666897896877696, 0.038305787381529705, 0.10079096855083892, 0.007626266021030347, 0.011238935708629487, 0.025252584769060372, 0.07513528416053124, 0.045456690513927575, 0.005987022926638266, 0.16879816022238947, 0.08836681713610532, 0.0814307118517827, 0.19500867378072623, 0.4152737192166275, 0.2138601261937208, 0.04343838989884927, 0.3081681573491826, 0.5949326576858971, 0.4553758924096021, 0.47652239095195215, 0.32353758603417937, 0.23768315018460265, 0.7051774352065057, 0.695937985506853, 0.4229418779146963, 0.4804848300917025, 0.48987126775982137, 0.2529589424464697, 0.21318124209037329, 0.5211981371375566, 0.35830999280188597, 0.32211052731748935, 0.8355814998420031, 0.5249518070493943