0.001, 0.0010964781961431851, 0.001202264434617413, 0.0013182567385564075, 0.001445439770745928, 0.001584893192461114, 0.0017378008287493763, 0.0019054607179632482, 0.0020892961308540407, 0.0022908676527677745, 0.002511886431509582, 0.002754228703338169, 0.003019951720402019, 0.0033113112148259144, 0.0036307805477010175, 0.003981071705534978, 0.004365158322401665, 0.00478630092322639, 0.005248074602497733, 0.005754399373371578, 0.006309573444801942, 0.006918309709189377, 0.0075857757502918515, 0.008317637711026726, 0.009120108393559116, 0.010000000000000021, 0.010964781961431873, 0.012022644346174156, 0.0131825673855641, 0.014454397707459309, 0.015848931924611172, 0.0173780082874938, 0.019054607179632522, 0.02089296130854045, 0.022908676527677793, 0.025118864315095874, 0.027542287033381744, 0.030199517204020254, 0.03311311214825921, 0.03630780547701025, 0.03981071705534985, 0.04365158322401674, 0.047863009232264, 0.052480746024977445, 0.0575439937337159, 0.06309573444801955, 0.06918309709189391, 0.07585775750291866, 0.08317637711026743, 0.09120108393559134, 0.1
2.3105456419543758E-5, 2.0324808118353543E-5, 1.764126365330519E-5, 1.8438586825985132E-5, 1.8314542796607365E-5, 2.0083000540798584E-5, 2.034498660359738E-5, 1.8605063532539305E-5, 2.3631260185734345E-5, 2.031107554811232E-5, 1.7950289612571856E-5, 2.3131262898402473E-5, 2.0001568836297754E-5, 2.0494634256093413E-5, 2.067216382213902E-5, 1.378685265477711E-5, 1.9149438316120272E-5, 2.0906758249116106E-5, 1.67347888356262E-5, 2.2814715759994733E-5, 2.4395413733779522E-5, 2.2401509661015757E-5, 1.960901911145942E-5, 1.995231868228471E-5, 2.1307306834461943E-5, 2.2208027041728016E-5, 1.564221043023087E-5, 2.126665377858419E-5, 1.7161302038115883E-5, 2.599634513381401E-5, 1.7653749227629965E-5, 1.7823933105033015E-5, 2.243215627356207E-5, 2.1721561827755997E-5, 1.7140439395603895E-5, 1.588780484107915E-5, 1.8230704380290437E-5, 1.4287442101557844E-5, 2.3129960742351636E-5, 1.892938123766092E-5, 2.9543202333235857E-5, 2.5028921941840103E-5, 2.551743764225537E-5, 1.7150980218127292E-5, 2.1014769783562613E-5, 1.854997196172975E-5, 2.3671439583582517E-5, 2.5664993977646214E-5, 1.7382415777477118E-5, 1.9539525636044345E-5, 1.8360129020436737E-5
0.9999073396758796, 0.9999172178672554, 0.9999059791359723, 0.9998974817687138, 0.9999388605375114, 0.9998796067529588, 0.9998496404044213, 0.9999103292911199, 0.9998887560982789, 0.999912964587653, 0.9998971567435003, 0.9999087253877966, 0.9999569442957447, 0.9999240307392403, 0.9999486699283585, 0.999910293396354, 0.9998676511417051, 0.999894733170794, 0.9998843054944446, 0.9999345251187677, 0.999910675970978, 0.9999304008904264, 0.9999294875579035, 0.9999438738969203, 0.999864316533051, 0.9999160928554881, 0.999909387525277, 0.9998923942396023, 0.9998982031340277, 0.999907789493965, 0.9999172027916884, 0.9998835632961993, 0.9999598677737758, 0.9999265106288551, 0.9999364695754696, 0.9998906355569799, 0.9999264759305323, 0.9999303534307014, 0.9999019288211816, 0.999959549758519, 0.9999104097069579, 0.9998899125915227, 0.9998976795064918, 0.9999115213177038, 0.999902472856525, 0.9998773188222968, 0.9999157338342461, 0.9999081128293366, 0.9999122630714261, 0.9999147797045991, 0.9999008826748427
6.955486823518236E-5, 6.245732488259752E-5, 7.637960047662813E-5, 8.407964470828339E-5, 4.2824919836437496E-5, 1.0031024647442684E-4, 1.3001460944769643E-4, 7.106564546946986E-5, 8.761264206010094E-5, 6.672433728084151E-5, 8.489296690196888E-5, 6.814334974374928E-5, 2.3054135405496325E-5, 5.547462696169501E-5, 3.0657908088773287E-5, 7.591975083156125E-5, 1.1319942011385745E-4, 8.436007132366965E-5, 9.895971691277833E-5, 4.2660165531728944E-5, 6.492861567350182E-5, 4.719760014373667E-5, 5.0903423268731185E-5, 3.617378438077792E-5, 1.1437616050295904E-4, 6.169911791092752E-5, 7.497026446163514E-5, 8.633910669530957E-5, 8.463556426148064E-5, 6.621416092434641E-5, 6.514345909404067E-5, 9.86127712221545E-5, 1.7700069882731238E-5, 5.176780935643935E-5, 4.6389985241283224E-5, 9.347663859091848E-5, 5.529336526243979E-5, 5.535912752615944E-5, 7.494121815602746E-5, 2.1520860723669046E-5, 6.0047090836274866E-5, 8.505848676533118E-5, 7.680305621510517E-5, 7.132770211640361E-5, 7.651237370271159E-5, 1.0413120603555102E-4, 6.059472670074216E-5, 6.622217712753096E-5, 7.035451332399248E-5, 6.568076988952962E-5, 8.07571963843546E-5
1.880543902069471E-5, 1.874508976137124E-5, 2.0330577076114867E-5, 2.183231777991556E-5, 2.382064417131261E-5, 2.218855429525409E-5, 1.8253076785986552E-5, 1.9997925646897285E-5, 1.811266560295164E-5, 2.2719168014364083E-5, 2.0550401569691604E-5, 2.1496178109856473E-5, 2.2470681342021512E-5, 1.8803550637054883E-5, 2.163727284557958E-5, 2.0235047819318226E-5, 2.05648166099903E-5, 2.0028761424242632E-5, 2.0446033456906245E-5, 2.2361149911159327E-5, 1.9582619695152503E-5, 1.8958002411989032E-5, 2.070466774985023E-5, 1.8005669205835337E-5, 1.5084915425635492E-5, 2.3838376758660156E-5, 2.5578542649557127E-5, 2.0764005439149456E-5, 2.3346097204942984E-5, 2.0243087303872928E-5, 1.714256684849135E-5, 2.4202515724953828E-5, 2.360619578547303E-5, 1.9684068907514003E-5, 2.0969833373706922E-5, 2.2384616203887003E-5, 3.062309004663399E-5, 2.1796368147665127E-5, 2.529985934052222E-5, 1.1857980555609221E-5, 2.3871949481540418E-5, 2.08972360084071E-5, 1.4311401369040847E-5, 2.3639076596884568E-5, 2.26804869338955E-5, 1.2395837697198543E-5, 3.617654351705755E-5, 1.9143905981784063E-5, 1.543361967194174E-5, 1.4222979114451212E-5, 3.193244769567361E-5
0.9998829624697444, 0.9999133412667092, 0.9999046814586336, 0.9998968746101182, 0.9999207155602734, 0.9998531638468323, 0.9999101935473227, 0.9999043946607289, 0.9999127416823979, 0.9998683433470316, 0.9999047897805932, 0.9999265284302298, 0.9998928535526099, 0.9998952221487045, 0.9998977664981133, 0.9999083813458082, 0.999925155503821, 0.9999141937921007, 0.9998937594039746, 0.9999298293545443, 0.9999050678761793, 0.9998686389419277, 0.9999346870532815, 0.9998812847668255, 0.9998922862688867, 0.9999488383796852, 0.9998911002027948, 0.999916049774749, 0.9999240429989769, 0.9999435513767142, 0.9998471972784176, 0.9999112575747426, 0.9999394242408792, 0.999943841454986, 0.9998487563634457, 0.9999446530148487, 0.9999138278199267, 0.9998862605718339, 0.9999103558493838, 0.999922567003732, 0.9999461240703271, 0.99992274794516, 0.9999392320864778, 0.9999125435648015, 0.9999060724536373, 0.9999063080776658, 0.9999016219629344, 0.999906709280719, 0.9999404244881441, 0.9999181589167757, 0.9999240420031631
9.823209147247004E-5, 6.791364371686123E-5, 7.498796427715727E-5, 8.129307236661282E-5, 5.5463797081589616E-5, 1.2464759898152465E-4, 7.155337616286156E-5, 7.560741413554247E-5, 6.914565214192305E-5, 1.0893748528106055E-4, 7.465981825124458E-5, 5.197539182818365E-5, 8.467576611906794E-5, 8.597430110494148E-5, 8.059622893799347E-5, 7.13836066092568E-5, 5.4279680068321434E-5, 6.577744662938632E-5, 8.579456292659715E-5, 4.780949544738933E-5, 7.534950470866095E-5, 1.1240305579851917E-4, 4.4608278941642364E-5, 1.0070956401945943E-4, 9.262881592583294E-5, 2.732324346786372E-5, 8.332125500338131E-5, 6.318622000820203E-5, 5.261090401000474E-5, 3.6205536060454486E-5, 1.3566015513299284E-4, 6.453990987077103E-5, 3.6969563397726514E-5, 3.647447647634691E-5, 1.3027380372927688E-4, 3.2962369374859964E-5, 5.554908989080888E-5, 9.194306041262322E-5, 6.434429124294254E-5, 6.55750160781494E-5, 3.0003980611186555E-5, 5.6354818789148376E-5, 4.645651260414618E-5, 6.381735852090065E-5, 7.124705962685213E-5, 8.129608515417291E-5, 6.22014935288204E-5, 7.414681344878692E-5, 4.4141892662829874E-5, 6.761810448425339E-5, 4.402554908775361E-5
2.0066027326214958E-5, 2.1449193491886004E-5, 1.8780278759361283E-5, 2.05988273081664E-5, 1.8591088571257552E-5, 1.84852902418937E-5, 1.82673249008374E-5, 1.8526199918066136E-5, 2.309384031293923E-5, 2.1789686193511427E-5, 1.9148495247748404E-5, 2.1445957269631716E-5, 2.038886415999086E-5, 2.0808865230900152E-5, 1.876514621248058E-5, 1.991585979858986E-5, 1.814529733163959E-5, 1.8171253233795247E-5, 1.925642536019187E-5, 2.211478428787616E-5, 1.8666319400471438E-5, 2.1295526609874013E-5, 1.7381806537015988E-5, 1.9484921065956766E-5, 2.032310715987012E-5, 2.4192584200876363E-5, 1.7412881859276722E-5, 1.9953798033697664E-5, 2.2454368495224926E-5, 2.477094442223241E-5, 2.549263888550783E-5, 2.4614477224440763E-5, 1.6271553448565413E-5, 1.938823154748496E-5, 2.367624460762276E-5, 1.9146162250779736E-5, 2.885547338627686E-5, 2.0392502286148835E-5, 8.571830403302836E-6, 2.0045186307366638E-5, 1.8460141515651813E-5, 1.5405425332140106E-5, 2.25878114499943E-5, 1.994445146785046E-5, 2.14915678940279E-5, 1.6241049919878692E-5, 2.7014477657302382E-5, 1.6677604710389696E-5, 2.3213113507011898E-5, 1.471808522182068E-5, 2.3269138814795633E-5
0.9999126805010599, 0.9999023824912846, 0.9998943408749194, 0.9998931222667093, 0.999918123130202, 0.9999096810630038, 0.9999364312086964, 0.999953554639244, 0.9998901163440369, 0.9999296586884002, 0.9998979575364679, 0.9999179310620524, 0.9998987424851814, 0.9998616203119822, 0.9998983340655699, 0.9998824392069788, 0.9999058436501698, 0.9999545450967462, 0.999886964184604, 0.9999084247381603, 0.9999169596897244, 0.9999254290132723, 0.9999137715299099, 0.9998792752522954, 0.9999080817337528, 0.9998990717198797, 0.9998660418512191, 0.9999373121174125, 0.9999075776534709, 0.9999279918954589, 0.9998628125009063, 0.9998983611667852, 0.999922996288526, 0.9999107166254178, 0.9999049277371351, 0.9998941146754238, 0.9998786939098792, 0.9999284597285766, 0.9999386632952311, 0.9999345302370023, 0.9998996145608738, 0.9999519390219362, 0.9999146000672909, 0.9999180984445705, 0.9999301335409608, 0.9999295151108006, 0.9999316651413627, 0.9999198436104066, 0.9999289537985512, 0.9999273405561964, 0.9998906487421539
6.725347184387006E-5, 7.616831568785305E-5, 8.687884647023001E-5, 8.627890625839247E-5, 6.328578130810525E-5, 7.18336469944773E-5, 4.530146646833198E-5, 2.7919161037289116E-5, 8.678981616646431E-5, 4.855162559625461E-5, 8.289396825212315E-5, 6.06229809915742E-5, 8.086865086413406E-5, 1.175708231079773E-4, 8.290078834657206E-5, 9.764493338933073E-5, 7.601105266348874E-5, 2.7283650421961647E-5, 9.377939026718883E-5, 6.946047768870816E-5, 6.437399108268862E-5, 5.327546057361883E-5, 6.884666400826594E-5, 1.0123982674528924E-4, 7.159515928045698E-5, 7.673569628710137E-5, 1.1654526723549142E-4, 4.2734084682574546E-5, 6.996797817142781E-5, 4.7237160053315594E-5, 1.1169486057215757E-4, 7.702435620845989E-5, 6.0732158280408834E-5, 6.989514319972104E-5, 7.139601873325309E-5, 8.673916246836051E-5, 9.245061706820934E-5, 5.1147769433419624E-5, 5.27648746098307E-5, 4.5424576941096735E-5, 8.192529802911278E-5, 3.265555286501435E-5, 6.281212149611789E-5, 6.19571042013808E-5, 4.837489126842315E-5, 5.424383950551103E-5, 4.132038103489968E-5, 6.347878509227337E-5, 4.783308812413938E-5, 5.794135878889289E-5, 8.608211911555459E-5
2.0665170156734737E-5, 2.2295676642969353E-5, 2.0454275269677255E-5, 2.014091078506061E-5, 2.1967437846809964E-5, 1.790583007555553E-5, 1.9396926991742782E-5, 1.887868467276919E-5, 1.9134716853339804E-5, 1.7495962653410275E-5, 2.311868266379379E-5, 1.968495565793542E-5, 2.1398285625850676E-5, 1.7416843787150384E-5, 1.728119938124067E-5, 1.9726484845701064E-5, 1.7857655110433334E-5, 1.769221419745796E-5, 2.3016981156413468E-5, 1.6442022918517666E-5, 1.987562186522351E-5, 1.9510632039876214E-5, 1.99358032901031E-5, 1.4852941750595163E-5, 1.8575882294169776E-5, 2.6552645357952055E-5, 2.049800251849422E-5, 2.4661738973917377E-5, 2.1822890943587775E-5, 1.7690590644744277E-5, 2.2111997783752687E-5, 1.8905393317948875E-5, 1.844950890105181E-5, 2.6430241425402293E-5, 1.743213266359515E-5, 2.5081819234996572E-5, 2.276598806456241E-5, 1.9243792228040858E-5, 1.8231723474459034E-5, 1.7512589368975364E-5, 2.3221882004892367E-5, 2.4598218951197864E-5, 1.4767075317016576E-5, 2.0547693749194144E-5, 2.206919355095091E-5, 9.016325775977327E-6, 2.9802557364622822E-5, 3.181745442852395E-5, 2.8582293506519583E-5, 8.845351573970519E-6, 1.7747040956301303E-5
0.9999159681282781, 0.9998665055548958, 0.9999081183679905, 0.9999116795752251, 0.999899525262045, 0.9999085849052565, 0.9999135350839904, 0.9999040038072632, 0.9999434644949015, 0.9998827859201437, 0.9998830915493775, 0.9998936488241322, 0.9999396791188812, 0.999931440131928, 0.9998885993647261, 0.9999055043584817, 0.9998577152221132, 0.9999277579908215, 0.9998910336740916, 0.9999227009986954, 0.9999191009402013, 0.999932814503354, 0.9998836247970542, 0.9999337268013894, 0.999922550746313, 0.9997840088886867, 0.9999215801491274, 0.999916692717616, 0.999918883856488, 0.9999126466837857, 0.9999120878721908, 0.9999063138581874, 0.9998893909585519, 0.9999078907759963, 0.9998873464625988, 0.999876413396823, 0.9998882407659601, 0.9999018044593995, 0.9998980679553865, 0.9999176683134742, 0.999919739448521, 0.9999511088031026, 0.9999084021904572, 0.9999182019465981, 0.9999004588265257, 0.999895166140631, 0.9999021190188143, 0.9999002953817606, 0.9999250711699363, 0.9999272020865435, 0.9999447232680448
6.33667016025616E-5, 1.1119876884923562E-4, 7.142735722051939E-5, 6.817951446631636E-5, 7.850730018843875E-5, 7.350926485051555E-5, 6.706798889617958E-5, 7.711750828638531E-5, 3.740078837829465E-5, 9.971811741589398E-5, 9.378976833072166E-5, 8.666622047077955E-5, 3.892259572275392E-5, 5.114302458090484E-5, 9.411943598102652E-5, 7.476915720529418E-5, 1.244271232031999E-4, 5.454979519790124E-5, 8.594934524579301E-5, 6.0856978572790374E-5, 6.1023437905656264E-5, 4.767486494300505E-5, 9.643940014767308E-5, 5.1420256963921304E-5, 5.887337145888897E-5, 1.8943846635777607E-4, 5.79218485029857E-5, 5.8645543954485735E-5, 5.9293253019826014E-5, 6.966272569032065E-5, 6.58001304252304E-5, 7.478074868193142E-5, 9.215953254794279E-5, 6.567898303376985E-5, 9.522140489025152E-5, 9.850478403481657E-5, 8.899324599691146E-5, 7.895174835900459E-5, 8.370032129285743E-5, 6.481909729412996E-5, 5.703866966182028E-5, 2.4292978127370583E-5, 7.683073463451084E-5, 6.125035975360111E-5, 7.747198012166513E-5, 9.581753403715274E-5, 6.807842380913219E-5, 6.788716383039842E-5, 4.6346536682051596E-5, 6.395256193890514E-5, 3.7529691016112724E-5
2.0458603431812944E-5, 2.233382361708706E-5, 2.462735225635004E-5, 2.0751595641020043E-5, 1.7996706076213558E-5, 2.2495592304291355E-5, 1.8869995247614016E-5, 2.1942640977758485E-5, 2.0396636048004385E-5, 2.83884604072192E-5, 2.059077121664824E-5, 1.7444379193630967E-5, 1.9413484692565508E-5, 2.289025023621812E-5, 1.8901954201956562E-5, 1.9802027398697214E-5, 2.3911669260168106E-5, 2.0851417848146692E-5, 2.24760184929218E-5, 1.9486785327674387E-5, 1.8010612053073878E-5, 2.2091159436361895E-5, 1.4488961768979637E-5, 2.0125630579749676E-5, 1.4905240436240318E-5, 1.602912936125835E-5, 2.5496542212261094E-5, 2.4875939354418694E-5, 2.284063865939063E-5, 2.356751853728497E-5, 2.0098328647242297E-5, 1.8453313526294188E-5, 1.9649800597962034E-5, 2.1513849291032048E-5, 1.1558604096491694E-5, 2.7185646357525375E-5, 2.2877803514277715E-5, 2.2604752395176702E-5, 1.9021120285222463E-5, 1.2473478372237006E-5, 2.861640337774597E-5, 1.731378330018839E-5, 1.7715182056978433E-5, 2.4911991084646408E-5, 2.335480762153436E-5, 1.981670347440607E-5, 2.444484195429989E-5, 3.247800936647238E-5, 1.0606558975435166E-5, 1.4332982439187407E-5, 1.7721970878189545E-5
0.9998796513373002, 0.9998670825072096, 0.9999288449357815, 0.9998944031241229, 0.9999014094057359, 0.9998723265752302, 0.999929834117798, 0.9998904826812585, 0.9999171496953976, 0.9998923066033294, 0.9998833873041967, 0.9999096619198781, 0.9999238937422918, 0.9998599742695483, 0.9998916910492185, 0.9999225042588457, 0.9999150459589776, 0.9999324420606941, 0.9999220800817555, 0.999899624380841, 0.9999312800602178, 0.9999149222460724, 0.9999461308268198, 0.9998930667633245, 0.999892029924694, 0.9998858111901883, 0.9999080926401788, 0.9998734929205492, 0.9998989566780501, 0.9999263703829259, 0.9998707749970088, 0.9998780165346658, 0.9999104040731083, 0.9999214082114044, 0.999894117882791, 0.9998972615373676, 0.9999193369022646, 0.9998941512307312, 0.9999038037504483, 0.9999007081325665, 0.9998849442036015, 0.9999219908129818, 0.9999226428404123, 0.9999022769468316, 0.9999048239050611, 0.9999282727198912, 0.9999422179204129, 0.9999419399716957, 0.9999334683162814, 0.9999108976986064, 0.9999524691381008
9.989005945225765E-5, 1.1058366949043107E-4, 4.6527712400622946E-5, 8.48452803772691E-5, 8.059388838273376E-5, 1.0517783294977267E-4, 5.12958871719775E-5, 8.757467773840721E-5, 6.245366880354463E-5, 7.930493679279809E-5, 9.60219250353365E-5, 7.289370128573321E-5, 5.669277331625709E-5, 1.1713548065935636E-4, 8.940699691205211E-5, 5.7693713891500634E-5, 6.104237211386711E-5, 4.670652161349752E-5, 5.5443900269798384E-5, 8.08888338731356E-5, 5.0709327760652784E-5, 6.298659458444807E-5, 3.938021158376686E-5, 8.680760621867552E-5, 9.306483505218124E-5, 9.815968068244347E-5, 6.64108174270889E-5, 1.0163114030702833E-4, 7.820268366780189E-5, 5.0062098745692046E-5, 1.0912667431422987E-4, 1.0353015201663607E-4, 6.994612637365923E-5, 5.7077939750785174E-5, 9.432351338059976E-5, 7.5552816541143E-5, 5.77852945062591E-5, 8.324401691824686E-5, 7.717512947429118E-5, 8.681838932335596E-5, 8.643939329053138E-5, 6.0695404211931444E-5, 5.964197741498696E-5, 7.281106202558406E-5, 7.182128753759337E-5, 5.1910577091668055E-5, 3.333723762521434E-5, 2.558201908363598E-5, 5.592512494334937E-5, 7.476931889661746E-5, 2.980889156654812E-5
2.224033929905811E-5, 2.307064114095817E-5, 1.725096973499414E-5, 1.863482679030832E-5, 2.0682737894984803E-5, 1.712282124159583E-5, 1.769829012523662E-5, 2.3282679130340775E-5, 2.2768283471894144E-5, 2.0812668781968956E-5, 1.660518735625048E-5, 1.9258648259172292E-5, 2.2040687792769155E-5, 2.3869780413017465E-5, 2.0405352898143513E-5, 2.5888064874914753E-5, 2.3147363950173425E-5, 2.360186559553427E-5, 2.2667072254891237E-5, 1.699673239630648E-5, 1.830341383634984E-5, 1.99371133816131E-5, 1.910740246451247E-5, 1.728767387435531E-5, 1.7747544181830773E-5, 2.1617857426540724E-5, 2.4451865567432392E-5, 2.1400061144470392E-5, 1.4118639467930054E-5, 1.6245340662628082E-5, 1.526100311918678E-5, 2.1424355908378876E-5, 2.175926049957785E-5, 1.989678776496343E-5, 1.856530896417521E-5, 2.298798345112392E-5, 1.4564937182918128E-5, 2.4524920182565376E-5, 2.2824550131071818E-5, 2.436521183334063E-5, 2.1720291056366063E-5, 1.6648579538436857E-5, 2.431983587591826E-5, 1.742130801075987E-5, 2.2076652610081965E-5, 1.5037748138991254E-5, 2.568809090737023E-5, 2.283381618573622E-5, 2.5928345692529076E-5, 1.8838314559711867E-5, 2.554685003514653E-5
0.9998385067968854, 0.9999022171904314, 0.9999200014176685, 0.9998911332304616, 0.9998907656763761, 0.9999096674296174, 0.9999313746428535, 0.9998562413155649, 0.9999059307532594, 0.9998941845986804, 0.9998701363990525, 0.9999106820643503, 0.9999204857834925, 0.9998897487767802, 0.9999153003283556, 0.9999158168565602, 0.9999214188367759, 0.9999256196386166, 0.9998369841059356, 0.9999166343639074, 0.9998745274451891, 0.999921707707749, 0.9998753024370293, 0.9999225427739037, 0.9998899062958814, 0.999900795466992, 0.999917676192362, 0.9999151021620897, 0.9998814907004654, 0.9999187854357527, 0.9998894414362203, 0.9999419529435123, 0.9998988328623017, 0.9999270334263164, 0.999921299585516, 0.9999070171207982, 0.9998941611472791, 0.9999185030247901, 0.9999388843426175, 0.999878021495831, 0.9999119174596036, 0.9999196556072686, 0.9999133748896623, 0.9999137977418995, 0.9999234987456593, 0.9999375423709264, 0.9999317712307974, 0.9999172195816494, 0.999931277389286, 0.9999001240425749, 0.9999184121209291
1.3925286404652292E-4, 7.47121686751364E-5, 6.274761288370471E-5, 9.023194280367978E-5, 8.855158615940191E-5, 7.320974936254708E-5, 5.092706718279253E-5, 1.2047600568434876E-4, 7.13009636468024E-5, 8.500273284632395E-5, 1.1325841395608879E-4, 7.005928740545271E-5, 5.7473529208686906E-5, 8.638144283841089E-5, 6.429431907120326E-5, 5.8295078962998056E-5, 5.5433799663756534E-5, 5.0778496220154594E-5, 1.4034882204949623E-4, 6.636890379077766E-5, 1.0716914135710281E-4, 5.8355179201772446E-5, 1.0559016093568216E-4, 6.016955253906188E-5, 9.234616022860661E-5, 7.758667554083985E-5, 5.787194246259756E-5, 6.349777712736526E-5, 1.0439066028771676E-4, 6.496922385192736E-5, 9.529756115700093E-5, 3.662270080207163E-5, 7.940787765634794E-5, 5.306978644319215E-5, 6.013510576361185E-5, 6.999489587420458E-5, 9.1273915996032E-5, 5.6972055138074136E-5, 3.829110764579933E-5, 9.761329271605305E-5, 6.636224968892757E-5, 6.369581337376689E-5, 6.230527468137886E-5, 6.87809503372563E-5, 5.4424602212417675E-5, 4.741988126779496E-5, 4.2540678337141574E-5, 5.9946602423223494E-5, 4.279426543622288E-5, 8.103764321487178E-5, 5.604102944574943E-5
1.931263166258148E-5, 2.0681034073402378E-5, 2.3102227025507412E-5, 1.91042376542645E-5, 2.0259324078378E-5, 1.9892308895346217E-5, 1.9034781728889673E-5, 1.7936286080202543E-5, 2.2186134600708692E-5, 2.3939004186203625E-5, 2.357107839334481E-5, 1.773585381274592E-5, 1.7492368689963624E-5, 1.8389169195877933E-5, 1.8579322143767085E-5, 1.846403133816254E-5, 2.1850287940309978E-5, 2.204489173693622E-5, 2.0569067063806818E-5, 2.324021495316969E-5, 2.020891150932657E-5, 1.7796655451780373E-5, 2.4998744787741117E-5, 2.4876937748870926E-5, 2.19080416969058E-5, 1.910896517723164E-5, 1.5004293995867003E-5, 2.079305653423706E-5, 2.357648740519165E-5, 2.421362864032245E-5, 2.3112352829668868E-5, 1.2731464697173E-5, 1.5810643653220626E-5, 1.993850590085932E-5, 2.3858797617431156E-5, 2.4617360828508194E-5, 1.3405547764353344E-5, 1.4948555914298244E-5, 2.8219019601086303E-5, 2.154739906799132E-5, 2.235035648935742E-5, 2.9083158206948355E-5, 2.28514157593905E-5, 2.225578824502221E-5, 3.174346921693274E-5, 1.3710963814410744E-5, 1.6905021090534926E-5, 1.6584537051350578E-5, 1.1197526260509737E-5, 2.0973526609923895E-5, 2.378680557025294E-5
0.9998909362379877, 0.9999261864030109, 0.9999141192754901, 0.9999286293819885, 0.9998604618852066, 0.9998697496732575, 0.9998652699012094, 0.9998936340398781, 0.9998560152795863, 0.999928392421502, 0.9998991630571437, 0.999918317552516, 0.9998909683304442, 0.9999298992419721, 0.9998745141598426, 0.9999005029103547, 0.9999202123947919, 0.9999140349441561, 0.9999127291467704, 0.9999529466862825, 0.9998571374798553, 0.9999515394423191, 0.9999360254982619, 0.9999228346060559, 0.9998920332805853, 0.9999072437313531, 0.9998596275847456, 0.9999038447535324, 0.999892244968578, 0.9999016201621993, 0.99994718248576, 0.9999380524487056, 0.9999342841543515, 0.9999143538806385, 0.999913045697965, 0.9998903317943478, 0.9998989210542993, 0.9999301428892159, 0.9999130066900617, 0.9999087502995919, 0.9998821591388837, 0.9999137806693847, 0.9999256533382993, 0.999939933699211, 0.9998921388279884, 0.9999219683520002, 0.999945153154677, 0.9999104734581562, 0.9999127724859762, 0.9999037119861666, 0.9999157839189771
8.97511306688579E-5, 5.3132563276925576E-5, 6.277849902703202E-5, 5.226638055800957E-5, 1.192787911659524E-4, 1.1035801833027874E-4, 1.1569531730914797E-4, 8.84296742473475E-5, 1.2179858621359825E-4, 4.7668575755785555E-5, 7.726586478980213E-5, 6.39465938315363E-5, 9.15393011104038E-5, 5.1711588828817357E-5, 1.0690651827197824E-4, 8.103305857883388E-5, 5.793731740777631E-5, 6.392016417490566E-5, 6.67017862305202E-5, 2.3813098649890618E-5, 1.226536091662588E-4, 3.066390238368601E-5, 3.897575862309816E-5, 5.2288456269625236E-5, 8.60586779886333E-5, 7.364730393057687E-5, 1.2536812107704292E-4, 7.536219032900634E-5, 8.417854441353852E-5, 7.416620934142715E-5, 2.97051617356485E-5, 4.921608676412023E-5, 4.990520228709228E-5, 6.570761349743444E-5, 6.30955045553994E-5, 8.505084486957474E-5, 8.767339816687333E-5, 5.4908555094302274E-5, 5.8774290841564194E-5, 6.970230179179596E-5, 9.549050476794876E-5, 5.713617240661902E-5, 5.149524641461787E-5, 3.7810512849331855E-5, 7.611770326240525E-5, 6.432068440282316E-5, 3.794182436381003E-5, 7.294200480276345E-5, 7.602998799277602E-5, 7.531448748859554E-5, 6.042927700748302E-5
1.946076468348392E-5, 2.5163442028454044E-5, 1.991828677312512E-5, 1.8467149898710406E-5, 1.8235970920231946E-5, 2.6720046553197788E-5, 2.376428279909074E-5, 1.8522673759179497E-5, 2.2177334066147386E-5, 1.9351594225292654E-5, 1.937929420154111E-5, 1.8305305692088608E-5, 1.5483451468218252E-5, 1.838654622296946E-5, 2.0967369768255956E-5, 1.8820763968903543E-5, 2.1859305332695273E-5, 1.874572414273423E-5, 2.0890352054760603E-5, 2.109651706433298E-5, 2.2347738913810243E-5, 2.096517759558852E-5, 1.8824994527921728E-5, 1.8750576957451773E-5, 2.2033348601322583E-5, 1.9489404751989028E-5, 2.1435024811864776E-5, 1.6283804592581586E-5, 2.2019009713611084E-5, 2.1916602988638514E-5, 2.6022174282122008E-5, 1.8851767693671446E-5, 2.2384994488089556E-5, 2.1238665318721254E-5, 2.688338293863897E-5, 2.4620310112309026E-5, 1.704972481214847E-5, 2.3671256299922872E-5, 1.991699520191019E-5, 1.6874792541579756E-5, 2.1431609479523157E-5, 3.262813461753256E-5, 1.9813105987960075E-5, 1.6330643905306544E-5, 2.4965173596435684E-5, 1.241034005446753E-5, 1.9179196395384256E-5, 2.9681665287685974E-5, 2.8688763762896576E-5, 3.0104986064700455E-5, 1.6579343049265188E-5
0.9999191095104715, 0.9999108237551787, 0.9999213307315793, 0.9999321698880442, 0.9999333033973019, 0.9998918950010289, 0.9998945075526512, 0.9999384338687952, 0.9999165894296322, 0.9999344049091513, 0.9998585211973808, 0.9999052942388872, 0.9998693362656581, 0.9999443593646834, 0.9999017797787656, 0.9999281104698274, 0.9999405209751226, 0.9998883013996099, 0.9998903111204657, 0.9998663953621889, 0.9999167540606844, 0.9998944459483584, 0.999899665440168, 0.999908944017729, 0.9999152308813164, 0.9999308328378932, 0.9999293938983252, 0.9999026902660804, 0.999857343448699, 0.9998939910912588, 0.9998942736163178, 0.9999638178588969, 0.9999447663787073, 0.9999220327411773, 0.9998983689814741, 0.9998800852845008, 0.9999213718045981, 0.9999300236672535, 0.9999403665335008, 0.999921115745251, 0.9998907301750986, 0.9999137518519047, 0.9999340783689091, 0.9999412267107775, 0.9999420595436286, 0.9999195965629335, 0.9999189095195008, 0.9999321806789008, 0.9998987188355184, 0.9999264851947623, 0.9999181363771849
6.142972498986888E-5, 6.401280316238215E-5, 5.87509818446787E-5, 4.9362962228942744E-5, 4.84606318055516E-5, 8.138495292585996E-5, 8.172816495435462E-5, 4.304345791270801E-5, 6.123323656362935E-5, 4.624349678863144E-5, 1.2209950862097303E-4, 7.640045545538948E-5, 1.15180282994506E-4, 3.725408927910271E-5, 7.725285152643533E-5, 5.3068766499477266E-5, 3.761971964675727E-5, 9.295287631154153E-5, 8.879852759440187E-5, 1.1250812113785759E-4, 6.089820064105129E-5, 8.45888744433065E-5, 8.150956579475876E-5, 7.230540577925437E-5, 6.273577030246429E-5, 4.967775725897598E-5, 4.9171076842186416E-5, 8.10259293277985E-5, 1.2063754158271387E-4, 8.409230587915335E-5, 7.970420956136652E-5, 1.7330373787335568E-5, 3.284862707837352E-5, 5.6728593684651465E-5, 7.474763598437146E-5, 9.529440569776713E-5, 6.157847096144195E-5, 4.630507656619218E-5, 3.971647151275455E-5, 6.200946242440265E-5, 8.783821562410854E-5, 5.362001363433952E-5, 4.610852670265461E-5, 4.2442645484747105E-5, 3.297528266454086E-5, 6.799309729167786E-5, 6.191128419663622E-5, 3.8137656148272425E-5, 7.259240083278494E-5, 4.340981956707188E-5, 6.528427997113287E-5
2.238336561806335E-5, 1.959792722660559E-5, 2.1438098687440944E-5, 2.0205519575379327E-5, 1.977270745293672E-5, 1.9037451927418808E-5, 2.19210986296345E-5, 1.6739956467534078E-5, 1.9211801113380958E-5, 1.6636725217358346E-5, 1.9950475379386114E-5, 1.978179713823119E-5, 2.8329701112739526E-5, 1.746526978571003E-5, 1.9242743453373378E-5, 1.9519653048112464E-5, 2.160569568818495E-5, 2.2343954028013134E-5, 2.02130255027549E-5, 2.6465578665906667E-5, 1.6150312411801926E-5, 2.0433735191111222E-5, 2.6633133796531475E-5, 2.0111238007963867E-5, 1.8400158724791672E-5, 2.4292601852956108E-5, 1.876491656327197E-5, 2.226929052792867E-5, 2.4828952390143312E-5, 1.5437183100650904E-5, 1.3900980753914956E-5, 2.270670570608736E-5, 1.4867817092632944E-5, 2.0543127781168116E-5, 2.5122956587646816E-5, 2.343782744352109E-5, 2.0750244386802234E-5, 2.514233543157835E-5, 2.039754525755735E-5, 1.9216344184590348E-5, 2.4759190949839848E-5, 1.8247643654318758E-5, 2.319372495808016E-5, 2.158531997993271E-5, 1.5161822505737767E-5, 2.705795315304346E-5, 1.4255365183120195E-5, 9.039375823319249E-6, 1.8159610651936616E-5, 3.271695116977857E-5, 4.3368426734576355E-5
0.9998958690093055, 0.9998862473829482, 0.9999010041940802, 0.999926285538341, 0.9999138610016038, 0.9999216047677919, 0.9999032288243165, 0.9999066678914946, 0.9999073775612879, 0.9999100331137492, 0.9999256721549691, 0.9998763863469022, 0.9998785143148743, 0.9999062748261208, 0.9999207822533109, 0.9998734568301684, 0.9998891724510083, 0.9999140156228706, 0.9999151345807, 0.999857570151826, 0.9999319630997208, 0.9998893134279688, 0.999898779282632, 0.9999202824761514, 0.9998992537254849, 0.9999234834136509, 0.9999090405203364, 0.999892522268633, 0.9998980059177071, 0.999924976219404, 0.9998989360942976, 0.9998853809547832, 0.9999093979071219, 0.9998948249919303, 0.9998623674571266, 0.9998620479666828, 0.9999308983977206, 0.9998864006701524, 0.9999133860155976, 0.9998941437658292, 0.9999000637301245, 0.999920713750687, 0.9999235576076025, 0.999927236788799, 0.9999117040540858, 0.9999500339655712, 0.9999138549258049, 0.9999175423561648, 0.9999352239844975, 0.9999008657866549, 0.999908926797156
8.174762551431225E-5, 9.415468990700322E-5, 7.755770764091902E-5, 5.3508942147763665E-5, 6.636629100875428E-5, 5.935778031568151E-5, 7.485007754245591E-5, 7.659215219089884E-5, 7.341063797006872E-5, 7.333016111087153E-5, 5.4377370075559517E-5, 1.0383185630554338E-4, 9.315598454423799E-5, 7.625990416617042E-5, 5.997500354006918E-5, 1.0702351699603123E-4, 8.922185328575941E-5, 6.364042331221512E-5, 6.465239380869971E-5, 1.1596427107842502E-4, 5.18865881272444E-5, 9.02528373079323E-5, 7.458758405705213E-5, 5.960628642227064E-5, 8.234611577614267E-5, 5.2223984662868296E-5, 7.219456370719179E-5, 8.520844102689182E-5, 7.716512980791738E-5, 5.9586598030645616E-5, 8.716292511733711E-5, 9.191233980100218E-5, 7.573427598006672E-5, 8.463188047231959E-5, 1.1250958675293113E-4, 1.1451420637677654E-4, 4.835135835681894E-5, 8.845699439990435E-5, 6.621643933044265E-5, 8.66398899482731E-5, 7.517707894101556E-5, 6.103860590111205E-5, 5.324866787098364E-5, 5.11778912958694E-5, 7.313412363138395E-5, 2.2908081188557503E-5, 7.188970914302326E-5, 7.341826821942923E-5, 4.6616405283522734E-5, 6.641726251437983E-5, 4.770477626270134E-5
2.1411009548107722E-5, 1.8059289303792973E-5, 1.9065279832670244E-5, 2.3682609215291998E-5, 2.4106480933608553E-5, 2.0393310094087384E-5, 2.0501650093416174E-5, 2.0709903942876024E-5, 2.0388892275637615E-5, 2.5908204880493156E-5, 1.8875252164334537E-5, 1.828517383337298E-5, 1.8273999912275103E-5, 2.3212027391104878E-5, 1.904443336537029E-5, 1.70383695042203E-5, 2.306333516913599E-5, 2.6931183615278347E-5, 2.2071198971019327E-5, 2.3061254725727824E-5, 2.403435832747411E-5, 1.8262248450496097E-5, 2.1158822561599966E-5, 1.8907513757861144E-5, 2.4478489169360117E-5, 2.5660083623407672E-5, 1.963886398889603E-5, 1.626589253833692E-5, 1.7794863472321177E-5, 1.893389770304319E-5, 2.1148391267161955E-5, 1.9226061237294E-5, 1.6944058139885788E-5, 1.0511696506516553E-5, 1.9834545031856033E-5, 2.4122003433465464E-5, 1.7699902224865003E-5, 2.756266019291463E-5, 2.9897172081145376E-5, 1.3418253299969847E-5, 2.2124883588955977E-5, 1.4871852305606724E-5, 3.390436806228952E-5, 2.1215407636649556E-5, 1.8442276599416545E-5, 1.6967791752255452E-5, 2.8547483368520445E-5, 1.743929350957836E-5, 2.5603295551998702E-5, 2.2610727690390776E-5, 1.8495262903995325E-5
0.9999328754081033, 0.9999251704890112, 0.9999003908807289, 0.9999207288151499, 0.9999125839786646, 0.9999233192764598, 0.9999132028850317, 0.9999073135527811, 0.9999096224515811, 0.9999000709254073, 0.9998711059447681, 0.9998630274300739, 0.9998791089835392, 0.9999171089776636, 0.999928851964953, 0.9998936855760844, 0.999911493985376, 0.9999307889305693, 0.9999343179999673, 0.999888796378924, 0.9999051999255364, 0.9999172439724414, 0.9999300535846913, 0.9998836910526679, 0.9999107422842431, 0.9998668534041735, 0.9999052859816564, 0.9999674761305857, 0.999940239918594, 0.9999015663077497, 0.9999269422584262, 0.9999048449959356, 0.9998687237833003, 0.9999126155449547, 0.9999096025616381, 0.9998890061882422, 0.9999010493708933, 0.9998843873763353, 0.9999400582180317, 0.999931467384699, 0.9999189905801014, 0.9999255468125846, 0.999886078696376, 0.9999153432980918, 0.9999277872300502, 0.9999137783554598, 0.9998909421133703, 0.9999177229447809, 0.9999101228148957, 0.9999062910354632, 0.9999252863165027
4.571358249938765E-5, 5.677022172365003E-5, 8.054383945673296E-5, 5.558857608942677E-5, 6.330954028917557E-5, 5.62874137442367E-5, 6.629546494778756E-5, 7.19765434634005E-5, 6.998865650932137E-5, 7.402087027554812E-5, 1.1001880324325757E-4, 1.1868739624301687E-4, 1.0261701665355395E-4, 5.967899655760561E-5, 5.2103602166951155E-5, 8.927605447901923E-5, 6.544267984197868E-5, 4.227988610140333E-5, 4.361080135489687E-5, 8.814236671676118E-5, 7.076571664232781E-5, 6.449377958000363E-5, 4.8787593061459485E-5, 9.740143390797997E-5, 6.477922688286701E-5, 1.074865123644635E-4, 7.507515451916365E-5, 1.625797709509333E-5, 4.196521812931832E-5, 7.949979470280843E-5, 5.1909350295404175E-5, 7.592894296008557E-5, 1.1433215899232583E-4, 7.687275911282678E-5, 7.056289342248029E-5, 8.687180855647144E-5, 8.125072689698401E-5, 8.804996381116374E-5, 3.0044610370486788E-5, 5.511436217147897E-5, 5.888453651704669E-5, 5.958133569867694E-5, 8.00169356091277E-5, 6.344129449660416E-5, 5.37704934927382E-5, 6.925385307640029E-5, 8.051040319879042E-5, 6.483776194724635E-5, 6.427388967797581E-5, 7.109823729727225E-5, 5.621842066152092E-5