0.01, 0.011220184543019636, 0.012589254117941675, 0.014125375446227547, 0.01584893192461114, 0.017782794100389236, 0.01995262314968881, 0.022387211385683413, 0.025118864315095822, 0.028183829312644564, 0.031622776601683826, 0.035481338923357586, 0.039810717055349776, 0.04466835921509637, 0.050118723362727303, 0.056234132519034995, 0.06309573444801943, 0.07079457843841391, 0.07943282347242829, 0.08912509381337473, 0.1000000000000002, 0.11220184543019658, 0.125892541179417, 0.14125375446227575, 0.15848931924611173, 0.17782794100389274, 0.1995262314968885, 0.2238721138568346, 0.25118864315095873, 0.2818382931264462, 0.3162277660168389, 0.35481338923357647, 0.3981071705534984, 0.44668359215096437, 0.5011872336272737, 0.5623413251903506, 0.630957344480195, 0.7079457843841399, 0.7943282347242837, 0.891250938133748, 1.0000000000000029, 1.1220184543019667, 1.2589254117941708, 1.4125375446227582, 1.584893192461118, 1.7782794100389279, 1.995262314968885, 2.2387211385683456, 2.511886431509587, 2.8183829312644613, 3.1622776601683884, 3.548133892335765, 3.9810717055349847, 4.466835921509645, 5.011872336272739, 5.62341325190351, 6.309573444801954, 7.079457843841404, 7.943282347242844, 8.912509381337488, 10.000000000000036, 11.220184543019675, 12.589254117941719, 14.125375446227597, 15.848931924611199, 17.7827941003893, 19.95262314968888, 22.387211385683493, 25.118864315095912, 28.183829312644665, 31.62277660168394, 35.48133892335771, 39.81071705534992, 44.66835921509653, 50.11872336272748, 56.23413251903519, 63.095734448019655, 70.79457843841416, 79.43282347242858, 89.12509381337505, 100.00000000000051, 112.20184543019687, 125.89254117941726, 141.253754462276, 158.4893192461119, 177.82794100389282, 199.5262314968885, 223.87211385683446, 251.18864315095848, 281.83829312644576, 316.22776601683825, 354.81338923357566, 398.1071705534973, 446.683592150963, 501.18723362727195, 562.3413251903485, 630.9573444801923, 707.9457843841366, 794.3282347242797, 891.2509381337431, 1000.0
0.0010128185570426897, 0.0012749346600090116, 0.0016048448673355409, 0.0020200584169783953, 0.002542591571504314, 0.0032001248235025855, 0.004027437801724661, 0.005068213807406689, 0.0063772903030947705, 0.008023440522627202, 0.01009286403106973, 0.012693379070134575, 0.01595978662091201, 0.020060224352102824, 0.02520370232237109, 0.031649696012107424, 0.0397181084502311, 0.049802639418704664, 0.06238151034652791, 0.07804072025321152, 0.0974645059179432, 0.12147337283400057, 0.15100520472751133, 0.1871043714993879, 0.2308528088485802, 0.28341587901028115, 0.34570641721345313, 0.4182436134175966, 0.5007725205947926, 0.5921007653007249, 0.6892014805150793, 0.7857439681295486, 0.8754553136607145, 0.9477662202733317, 0.9907146800056815, 0.9985356393037904, 0.9721788258921296, 0.9261546680407658, 0.8854541721640613, 0.8915619009548338, 0.9287238936302732, 0.9849201786046365, 0.9969969409642341, 0.9694921841231569, 0.9610051504976495, 0.9958639004956168, 0.9905078727705986, 0.9834677658257756, 0.9998999700830036, 0.986907085658425, 0.9995091684042717, 0.9926797739624587, 0.994931687712308, 0.9991069141709278, 0.9998359980258847, 0.9996700232866045, 0.9999957453474027, 0.9987872654652946, 0.9985235265806609, 0.9997608914372907, 0.9995711305198939, 0.9999261035368148, 0.9994069373307385, 0.9995123294747872, 0.999555774785438, 0.9992169961232831, 0.9989124740859184, 0.9994205782347334, 0.9997354858289614, 0.9974257707509311, 0.9994958112548926, 0.9985848128262367, 0.9992547380243325, 0.999487637655433, 0.9987860808656696, 0.9993390645600938, 0.9992673415506906, 0.9992810009277242, 0.9998449874810167, 0.999732932375695, 0.9950782840998236, 0.9990871348928737, 0.9999362979866102, 0.9999915886966304, 0.999341226117864, 0.9879972177762028, 0.9987490458711229, 0.9935941906848501, 0.9947333613389084, 0.9929732013116644, 0.9957957161307787, 0.9935154416365721, 0.9833134627990822, 0.9874759144586893, 0.9619495558062741, 0.9899082759383588, 0.9914355645606466, 0.9865973305944769, 0.9779346848462954, 0.96900563099573, 0.991859169457105
0.998987182846488, 0.998725067935825, 0.9983951513900434, 0.9979799406198143, 0.9974574103349184, 0.9967998768362154, 0.9959725645119969, 0.9949317857165264, 0.9936227106451562, 0.9919765573808499, 0.9899071327292094, 0.9873066198140459, 0.984040214599735, 0.9799397774842864, 0.9747963002723555, 0.9683503042258252, 0.9602818920972193, 0.9501973600001717, 0.9376184909953316, 0.9219592788224872, 0.9025354961727128, 0.8785266320666516, 0.8489947968056062, 0.8128956283243857, 0.7691471907293105, 0.7165841243165098, 0.65429358261701, 0.5817563870490906, 0.49922747975751114, 0.40789923531423405, 0.3107985218156233, 0.21425603063337556, 0.12454468841010222, 0.05223377786291514, 0.009285322452157126, 0.0014643593647191229, 0.027821172383173078, 0.07384533236816658, 0.11454582579417717, 0.10843809944121496, 0.0712761092627776, 0.01507982151790375, 0.003003059278235186, 0.030507815103738366, 0.03899485048446639, 0.004136100049887881, 0.009492127988735565, 0.016532234653722024, 1.0002887696395902E-4, 0.01309291391510212, 4.908310941455772E-4, 0.0073202268595665065, 0.005068309249464735, 8.930847077113573E-4, 1.6400244583303169E-4, 3.2997557915203437E-4, 4.254836711138551E-6, 0.001212734538884, 0.0014764734187818636, 2.3910855801993137E-4, 4.2886947757744516E-4, 7.389646448632954E-5, 5.930626706385183E-4, 4.876705276170358E-4, 4.442252171597474E-4, 7.830038771298493E-4, 0.001087525915544222, 5.794217675904098E-4, 2.645141717688589E-4, 0.0025742292497317296, 5.041887462977533E-4, 0.001415187173921322, 7.452619761192475E-4, 5.123623481539213E-4, 0.001213919134391044, 6.60935440543466E-4, 7.326584496360138E-4, 7.189990723767857E-4, 1.5501251920014476E-4, 2.6706762466668503E-4, 0.004921715900849483, 9.128651070132364E-4, 6.370201372729296E-5, 8.411302798709754E-6, 6.587739242787946E-4, 0.012002782223592315, 0.0012509541290585734, 0.006405809316187534, 0.005266638661730715, 0.007026798688451826, 0.0042042838734475466, 0.006484558363858604, 0.016686537200550546, 0.012524085544020683, 0.03805044419427987, 0.010091724024212108, 0.008564435447254302, 0.013402669403862744, 0.022065315163125487, 0.03099436900371368, 0.008140830530342263
0.0010128184667477342, 0.0012749347575779708, 0.0016048447624729444, 0.0020200581036945507, 0.002542592960015778, 0.0032001259770974956, 0.004027433903022135, 0.005068211985783632, 0.006377292600779202, 0.008023448732807002, 0.01009285500512424, 0.012693358623680718, 0.015959854404618484, 0.020060174640892235, 0.025203829833558976, 0.031649682354396164, 0.039717613827605004, 0.04980243419136421, 0.062382668828396326, 0.07803949998766017, 0.09746178867771682, 0.12147021964348924, 0.15100658573334388, 0.18709930948076134, 0.23088699169926838, 0.28343455741818324, 0.3456756960850313, 0.4183144280487144, 0.5009179988138993, 0.5921527267617073, 0.6889729594321052, 0.7863669557030093, 0.8756390099835268, 0.9472308324478753, 0.9901763128253076, 0.9985742549859429, 0.9725863652024858, 0.9289927342786968, 0.8885102519947016, 0.8928147175384284, 0.936764335632484, 0.9864780701016448, 0.9988542978615251, 0.9722606687536207, 0.9634170134413489, 0.9944604303210742, 0.9925235952442389, 0.9824435494182092, 0.9996689234469659, 0.9871489691970815, 0.9995787353261163, 0.9942140758533111, 0.994047654938011, 0.998802265491905, 0.9998378776052838, 0.9997822288618532, 0.9997492065274136, 0.9997364805993496, 0.9984799973240837, 0.9988932142404516, 0.9998326411289871, 0.9996900323737522, 0.9998680606059834, 0.9994395401059165, 0.9990422784978392, 0.9996438670578229, 0.9994693301265989, 0.9997608916318103, 0.9987221709449692, 0.9999447317711962, 0.9999287646503482, 0.9995971281876064, 0.9992511077954465, 0.9995322233881619, 0.9993566760788052, 0.9973479874481235, 0.9978121928653889, 0.9981925023656415, 0.9987699356000536, 0.997677539897206, 0.998521231967003, 0.995976382013664, 0.9946168938730051, 0.9968671825162704, 0.9980232161064772, 0.9987208487511385, 0.988635741976751, 0.9925362292371154, 0.9977071893253969, 0.9631527125919921, 0.9815608826904507, 0.9783421423504303, 0.9991949007406478, 0.9955390527823752, 0.9628071010735734, 0.9936878771538589, 0.9953445421019435, 0.9377657683650321, 0.9385128663919642, 0.9961587846356329, 0.9952545092054943
0.9989871831450462, 0.9987250677322017, 0.9983951521252835, 0.9979799409420413, 0.9974574087529174, 0.996799875645975, 0.9959725680358693, 0.9949317875221453, 0.9936227084068612, 0.991976549484651, 0.9899071415713047, 0.9873066400769087, 0.9840401468735495, 0.979939827227771, 0.9747961729315314, 0.9683503178853898, 0.9602823868310073, 0.9501975652371984, 0.9376173322695106, 0.9219604988577258, 0.9025382131451478, 0.8785297853684693, 0.8489934158274316, 0.8129006903642481, 0.7691130079362698, 0.7165654464820775, 0.6543243037103764, 0.5816855724299261, 0.49908200161156463, 0.4078472737987675, 0.3110270433327841, 0.21363304304083816, 0.12436099209530184, 0.0527691655945494, 0.009823689398631479, 0.0014257436284540416, 0.027413632936562266, 0.07100726613051944, 0.11148974543249268, 0.10718528281227233, 0.06323566741271648, 0.013521930029986189, 0.0011457024444553523, 0.02773933047545427, 0.03658298753286037, 0.0055395702521632536, 0.007476405518413644, 0.017556451068419042, 3.3107551805674996E-4, 0.012851030349667237, 4.212642858522116E-4, 0.00578592508462021, 0.005952344344472679, 0.001197733190092584, 1.6212301689483643E-4, 2.1776660871434105E-4, 2.5079351127713556E-4, 2.635194030253436E-4, 0.0015200026752795479, 0.0011067852506216347, 1.6735886931848937E-4, 3.0996763167164654E-4, 1.3193939484530874E-4, 5.604598954093887E-4, 9.577215034767154E-4, 3.5613294280418243E-4, 5.306698736659821E-4, 2.3910837071411796E-4, 0.0012778290563207025, 5.526822954396708E-5, 7.123535052503472E-5, 4.0287181259885036E-4, 7.488922053968277E-4, 4.6777661246728743E-4, 6.433239219454753E-4, 0.002652012553257091, 0.002187807134778132, 0.0018074976342723947, 0.0012300644009437388, 0.0023224601028774723, 0.001478768034059491, 0.004023617986251906, 0.005383106127781206, 0.0031328174796267623, 0.0019767840055751377, 0.0012791512486415284, 0.011364258025997179, 0.00746377076379807, 0.0022928106756793997, 0.036847287408125755, 0.01843911732071566, 0.021657857649966316, 8.050992589873244E-4, 0.00446094721789015, 0.037192898926539056, 0.006312122826193305, 0.004655457934478205, 0.06223423163405512, 0.06148713362108797, 0.003841215338089771, 0.004745490782931098
0.0010128185075032672, 0.0012749348158960338, 0.0016048443957069607, 0.0020200581545520516, 0.0025425914723609597, 0.003200123294398136, 0.00402743618374401, 0.0050682170074646295, 0.006377298970334027, 0.00802343983941302, 0.010092867180438102, 0.01269338631389019, 0.015959838562535727, 0.02006023365409899, 0.025203978160012637, 0.0316493058906138, 0.039718853305432275, 0.049801926310760906, 0.06238143944980396, 0.07803858328685687, 0.09746515975917158, 0.12147293461202478, 0.1510034336704081, 0.1871131962410272, 0.23086700127692905, 0.2834901650299251, 0.34569845382892034, 0.4181822908134209, 0.5006852033571454, 0.5922076235274972, 0.6889885974410573, 0.7862384016584014, 0.8757687136007714, 0.9470881066774977, 0.9899459288646837, 0.9984699888079314, 0.9719477630540408, 0.9279269268660895, 0.8873178492224738, 0.8933667866753734, 0.9362649322164386, 0.9861796286284071, 0.9979753410590493, 0.9681624111959631, 0.9621401897938766, 0.9954402703808006, 0.9917914466653817, 0.9811654916885633, 0.9996064557202061, 0.9857231085104277, 0.99933338579748, 0.9949212975088179, 0.9959822780343599, 0.9991687458183676, 0.9998728879039075, 0.9999549206121513, 0.9998723635117017, 0.9992033565742663, 0.9994199179284975, 0.9998527543716739, 0.9997149836233353, 0.9999875791962183, 0.9997781620641714, 0.999601216242724, 0.9997190370671578, 0.9997430608246802, 0.9993820780189064, 0.9995273169561208, 0.9994474783519619, 0.9999352190522904, 0.999681510149579, 0.9987619098965603, 0.9988687829673164, 0.9992290827571709, 0.9975810212838585, 0.9982842313716912, 0.9970526445370127, 0.999707960413715, 0.9999873843255982, 0.997571393930025, 0.9926763749248129, 0.9985322214162604, 0.9964544389050196, 0.9967183724789265, 0.9888064088283953, 0.9950894461831488, 0.9969452817940049, 0.9989160605552272, 0.9988176626050829, 0.99427189563188, 0.972681700777028, 0.9980674188267955, 0.9821313947005698, 0.998565880511058, 0.997530348730974, 0.9938274574609665, 0.987191965808571, 0.9599698943042684, 0.9522258395315993, 0.9952306591041532, 0.9616607200172621
0.9989871833382749, 0.9987250677660439, 0.9983951519759852, 0.997979940829688, 0.9974574101221615, 0.996799878676755, 0.9959725661342671, 0.9949317824628531, 0.9936227022215034, 0.991976558407665, 0.9899071292039586, 0.987306612376415, 0.9840401626321282, 0.9799397680789158, 0.974796024426615, 0.968350694348895, 0.9602811472460879, 0.9501980731096236, 0.9376185618507169, 0.9219614157315513, 0.9025348422668722, 0.8785270702317246, 0.8489965677653176, 0.8128868036131927, 0.7691329983074255, 0.7165098384617113, 0.6543015459569549, 0.5818177097333567, 0.4993147969951469, 0.40779237706930116, 0.31101140497611335, 0.21376159723550026, 0.12423128838509337, 0.0529118916634399, 0.010054073485736836, 0.0015300099380006035, 0.02805223522130956, 0.07207307354604363, 0.11268214866827805, 0.10663321366222368, 0.06373507121388286, 0.013820371491486062, 0.0020246591820195507, 0.031837588026380655, 0.037859811200445924, 0.004559730125387668, 0.008208554094387461, 0.018834508788269953, 3.9354324816146734E-4, 0.014276891071087294, 6.666137858534657E-4, 0.005078703298356867, 0.004017719247856348, 8.312529316997224E-4, 1.271144437187439E-4, 4.5075149198056136E-5, 1.2763679720455057E-4, 7.966434279679637E-4, 5.800820713001724E-4, 1.472455959536992E-4, 2.850163742350449E-4, 1.2420805066112463E-5, 2.2183793664434727E-4, 3.9878375940288746E-4, 2.8096293736290886E-4, 2.569391763161838E-4, 6.179219820107623E-4, 4.7268304559657643E-4, 5.525216488810689E-4, 6.478094866188742E-5, 3.184898505770853E-4, 0.00123809010376361, 0.0011312170329650707, 7.709172430464167E-4, 0.002418978716291129, 0.001715768628505793, 0.0029473554631938756, 2.920395864518856E-4, 1.2615674424044544E-5, 0.0024286060708949473, 0.007323625075679009, 0.0014677785835480748, 0.003545561096152125, 0.0032816275208157487, 0.011193591187837876, 0.0049105538160887285, 0.0030547182065848895, 0.0010839394452360387, 0.0011823373961054983, 0.005728104370662753, 0.02731829922745321, 0.0019325811736128678, 0.017868605299351817, 0.0014341194891278543, 0.002469651269610643, 0.006172542516608745, 0.01280803420098968, 0.04003010569332873, 0.04777416047600336, 0.004769340895151131, 0.03833927996567417
0.0010128184564995874, 0.0012749348223253189, 0.0016048448206502975, 0.0020200580351589247, 0.002542591921886362, 0.0032001251473647934, 0.00402743828676469, 0.005068215701348632, 0.0063772926200023365, 0.008023451124490457, 0.010092852820682844, 0.012693439172408434, 0.015959881849799632, 0.020060188289706102, 0.025203566759535855, 0.031649762325094866, 0.03971819660809605, 0.04980297551079041, 0.06238434721964404, 0.07803877180389877, 0.09746331260520151, 0.12148009730921581, 0.15099582932615982, 0.18710625840434403, 0.23088115426098232, 0.2834235736119105, 0.3457122163652959, 0.4182137596443133, 0.5008346076249283, 0.5922131754203424, 0.6889226820594259, 0.7862374152467233, 0.8756738635581393, 0.9471050550927993, 0.9903876671890126, 0.9984157507602164, 0.972564187691921, 0.9265204687517208, 0.8896422781523314, 0.8895356837777969, 0.9346074260130353, 0.984304379405233, 0.9968897830618911, 0.9694505459251913, 0.9641308850344285, 0.9943787696994185, 0.989601984423534, 0.9813445997632285, 0.9998900753578479, 0.9880584129219798, 0.999733475151621, 0.9914743468571137, 0.9928333086991137, 0.9990019492925258, 0.9999313925486693, 0.9994222236755016, 0.999986216029278, 0.9980803200760153, 0.9997422057519417, 0.9996303248114597, 0.9996614515014222, 0.999518131155236, 0.9998444013516402, 0.99917564265254, 0.9997735555783097, 0.999041486593148, 0.9996796919324086, 0.9987533645152349, 0.9986997725240591, 0.9994021613223412, 0.9985562226742405, 0.9996624168329931, 0.9990588415651918, 0.9997197893445082, 0.9944759996128639, 0.9996251379867325, 0.9999486745310419, 0.9997799032276752, 0.9955722609811476, 0.9997198646781911, 0.998334281269955, 0.9971780067470782, 0.9902548770762378, 0.9991203997574721, 0.9990410089516197, 0.9976017911873724, 0.9997247479865251, 0.9861413229009636, 0.9982058131196634, 0.9880730494127204, 0.9965995838355993, 0.9948262082501224, 0.9876434676006753, 0.9985789524997266, 0.9828825794318482, 0.9937972907317938, 0.9416667619620299, 0.9981756829056221, 0.9630526883086293, 0.9993005273942502, 0.9960981522604576
0.9989871833884911, 0.9987250677706986, 0.9983951519046705, 0.9979799408166308, 0.9974574101143029, 0.9967998768586206, 0.995972563991772, 0.9949317837999939, 0.9936227083303025, 0.9919765471233666, 0.9899071439008409, 0.9873065594935434, 0.9840401196102546, 0.9799398138799656, 0.974796435651806, 0.9683502379183785, 0.9602818038940979, 0.9501970239163815, 0.9376156538057214, 0.9219612271441242, 0.9025366892157677, 0.8785199072910016, 0.8490041722312357, 0.8128937414477411, 0.7691188453551575, 0.7165764303240838, 0.6542877834443046, 0.5817862408488552, 0.49916539274223853, 0.4077868251501495, 0.3110773202946896, 0.21376258350819322, 0.1243261385720828, 0.052894942981201024, 0.009612335153961368, 0.0015842478670544948, 0.027435810584314883, 0.07347953164091989, 0.11035771975004421, 0.11046431655210132, 0.06539257703108464, 0.015695620732224247, 0.003110217174680645, 0.03054945333854482, 0.035869115941345654, 0.005621230887026748, 0.010398016425705724, 0.018655400714603042, 1.0992360390315627E-4, 0.011941586630301692, 2.665243498166196E-4, 0.008525653951156387, 0.007166688573626321, 9.980492775559366E-4, 6.860970550184688E-5, 5.777733271026792E-4, 1.378425344006267E-5, 0.0019196799262868039, 2.5779422694865523E-4, 3.696751822545764E-4, 3.385484966480523E-4, 4.8186884976229107E-4, 1.555986498831632E-4, 8.243573486106858E-4, 2.264444241844685E-4, 9.585134077687917E-4, 3.203080685052882E-4, 0.001246635488610389, 0.0013002274884444957, 5.978386778985017E-4, 0.0014437773263534038, 3.375831740957522E-4, 9.411584351055569E-4, 2.802106560585392E-4, 0.005524000387358967, 3.748620134949954E-4, 5.1325469105710996E-5, 2.2009677237699973E-4, 0.004427739019009584, 2.801353220274451E-4, 0.0016657187364713009, 0.0028219932522820968, 0.009745122925684826, 8.796002236411502E-4, 9.589910824123839E-4, 0.0023982088123120785, 2.7525201409200873E-4, 0.013858677102869421, 0.0017941868806277666, 0.011926950588168634, 0.0034004161706745906, 0.005173791750401926, 0.012356532399238587, 0.0014210475005918257, 0.01711742056805795, 0.0062027092139425285, 0.05833323807236522, 0.0018243170751878206, 0.03694731169265698, 6.994726053554165E-4, 0.0039018477375256525
0.0010128185495091185, 0.0012749347456475623, 0.0016048447835580236, 0.002020058175651294, 0.0025425911678434664, 0.0032001215692733934, 0.00402743847421735, 0.00506821266342137, 0.00637729478399669, 0.008023447007101052, 0.010092848019791262, 0.012693368037803614, 0.015959830071765053, 0.020060215248279046, 0.025203641695872414, 0.03164946067543796, 0.03971808777910128, 0.04980248497111085, 0.062383791626602056, 0.07803840809907119, 0.0974608144981589, 0.12148100705505249, 0.1510033395409758, 0.18709704798279272, 0.23088205747861185, 0.2834235082867499, 0.3457461040919241, 0.41822306283481164, 0.5007527786544842, 0.5921829208449428, 0.6888566897147507, 0.7858317952020762, 0.8756096549497262, 0.9475112805326729, 0.9905128188222775, 0.9985757710394161, 0.9724961527551825, 0.9236633666080423, 0.8928452980140275, 0.8884477481301848, 0.9354304594970422, 0.9875830183889233, 0.9977309750912751, 0.9661098843347703, 0.9652190640482649, 0.9948909196899779, 0.9879912694694576, 0.985004577484667, 0.9991606780975736, 0.9853566331269851, 0.9993673949777158, 0.9924607863147168, 0.9957902560730034, 0.9993785060928652, 0.9998379925170228, 0.9999746902121457, 0.9995728895428522, 0.9981216997434467, 0.9983435173751269, 0.9982911699908871, 0.9996042084393132, 0.9999946422627791, 0.9994665143623477, 0.9984420722836406, 0.9992498061632301, 0.999704258599988, 0.9998940338319539, 0.9998959063723281, 0.9999454389690009, 0.9992960053611479, 0.9989100446820096, 0.9995488625527998, 0.9983171281217096, 0.9993137496839882, 0.9992412106370434, 0.9994249594786785, 0.9982305119572105, 0.9971571789282911, 0.9988680859456129, 0.9988825961701734, 0.9955173635966887, 0.9969033338353435, 0.998150272069545, 0.995234208070873, 0.9962997184036388, 0.9948130485019135, 0.9903106102556113, 0.9917930555935819, 0.9981399460816672, 0.9820031135120612, 0.9910795496281063, 0.979334338717499, 0.9932492840140316, 0.9790781037856442, 0.9975017182064307, 0.9938945570829069, 0.9989588579022873, 0.9909475979171555, 0.9935007193530354, 0.9853930581854591, 0.9302676174809952
0.9989871832203354, 0.9987250678953676, 0.9983951515305999, 0.9979799406055, 0.9974574107375965, 0.9967998803757318, 0.9959725634233274, 0.99493178683231, 0.9936227061889416, 0.991976551247306, 0.9899071487259624, 0.9873066306540618, 0.984040171075352, 0.9799397869583198, 0.9747963610112466, 0.9683505395209608, 0.9602819127202112, 0.9501975143876272, 0.9376162096740884, 0.9219615909850007, 0.9025391874302451, 0.8785189978187831, 0.8489966619879188, 0.8129029518656277, 0.7691179421732237, 0.7165764950015339, 0.6542538957275553, 0.5817769376484154, 0.49924722169770264, 0.40781707985245963, 0.3111433130764492, 0.21416820357930963, 0.12439034707016162, 0.05248871762332432, 0.009487183412062443, 0.001424227583725758, 0.027503845420167712, 0.07633663380173242, 0.10715469984717615, 0.11155225222065056, 0.06456954355882821, 0.012416981726168435, 0.002269025211892111, 0.0338901148989103, 0.03478093693291071, 0.00510908087737839, 0.012008731375574285, 0.014995422989553288, 8.393208770295115E-4, 0.014643366452074329, 6.326046220974608E-4, 0.007539214480284642, 0.00420974115750099, 6.214928407941977E-4, 1.6200983387939992E-4, 2.5306065700236485E-5, 4.2711118491160636E-4, 0.001878300257317153, 0.001656482624458434, 0.001708830006093857, 3.9579155943422306E-4, 5.357738231644427E-6, 5.334856428288898E-4, 0.0015579277169878343, 7.501938375340133E-4, 2.957414010523753E-4, 1.0596617590931859E-4, 1.0409362850110993E-4, 5.4561031471150814E-5, 7.039946428185056E-4, 0.001089955318527592, 4.511374474191412E-4, 0.0016828718808449795, 6.862503162444326E-4, 7.587893630882269E-4, 5.750405215201682E-4, 0.0017694880428987632, 0.0028428210719985197, 0.0011319140545456212, 0.0011174038302498872, 0.0044826364068380085, 0.003096666156898215, 0.0018497279308570033, 0.00476579192632649, 0.003700281637461008, 0.005186951497856951, 0.009689389744618006, 0.008206944406800216, 0.001860053939308684, 0.01799688649001189, 0.008920450375490179, 0.020665661284493278, 0.006750715985683553, 0.02092189621441043, 0.002498281810192174, 0.006105442901451953, 0.0010411421001878833, 0.009052402080095213, 0.0064992806524161555, 0.014606941796888675, 0.06973238250858467
0.0010128185106307733, 0.0012749350863622022, 0.001604844689805221, 0.002020057730961957, 0.0025425919849623203, 0.0032001264415964076, 0.004027437692551632, 0.005068217824572554, 0.006377293605745849, 0.008023445894127505, 0.010092826560026785, 0.012693399341405773, 0.015959806219691185, 0.020060314960523584, 0.02520371958082312, 0.03164996607935452, 0.039717844485198814, 0.049802352539674424, 0.06238316200328856, 0.0780397012591866, 0.09746674825126238, 0.12146990586953993, 0.15101004914928925, 0.18710951864778638, 0.23086640890843207, 0.2834747376351309, 0.34570918393233613, 0.41813174548689225, 0.500757911287142, 0.5921577508088145, 0.6887144156884075, 0.7860607771042732, 0.8752876682115346, 0.9471896061651381, 0.9905073879184643, 0.9981859417993095, 0.9720657390331919, 0.9249877371575757, 0.8919673239446574, 0.8818007945710886, 0.9256003473088119, 0.9847236962114547, 0.998280844284626, 0.9688847430988551, 0.9645712532423839, 0.9965327709676971, 0.9893079475872631, 0.9814215247406293, 0.9997928172945291, 0.9880102669150393, 0.9996658019898652, 0.9933275821839552, 0.9946431133729328, 0.9991706466303049, 0.9998553489013388, 0.9998161475537397, 0.9998002936991309, 0.9990240053319613, 0.9978788731752697, 0.9988514360154107, 0.9999874669312625, 0.9994150267166599, 0.9997790714391496, 0.9995193975722135, 0.9997051723578122, 0.9996875382181634, 0.9984135800297504, 0.9991260907161106, 0.9985787409519237, 0.9999889039025105, 0.9998559371242183, 0.9998442392121398, 0.9996292920835874, 0.9992173044302428, 0.9995561827055125, 0.9974088405980778, 0.9983727056793307, 0.9988735488024342, 0.9988731552752902, 0.9990583752890986, 0.9985799977928232, 0.9997635991578038, 0.9969384811018636, 0.9955320782721421, 0.9986616473540798, 0.9999167460142201, 0.9957199721739359, 0.9881161857146264, 0.9911506490502667, 0.9994455379184304, 0.9923976470728768, 0.9934781380949702, 0.9818091640488655, 0.9639467246033462, 0.9949483576863813, 0.9986371627425379, 0.9932912060902997, 0.9854810037547457, 0.9927481118842566, 0.9951349531327937, 0.9995538250255911
0.9989871833222896, 0.9987250675547868, 0.99839515156738, 0.997979941232585, 0.9974574099112421, 0.9967998753046722, 0.9959725643047715, 0.9949317816727257, 0.9936227073425269, 0.9919765519519688, 0.9899071702406923, 0.9873065995853811, 0.9840401949274125, 0.9799396868794059, 0.974796282963868, 0.9683500341579832, 0.9602821560897016, 0.9501976468886452, 0.9376168393327748, 0.9219602978166734, 0.9025332538373709, 0.8785300991933008, 0.8489899523825208, 0.8128904812157414, 0.7691335907252776, 0.7165252662894848, 0.6542908158521314, 0.5818682549465694, 0.4992420890454748, 0.4078422498327141, 0.3112855866932163, 0.2139392217982421, 0.12471233386926046, 0.05281039189839945, 0.009492614296630687, 0.001814056865073029, 0.02793425910457366, 0.07501226323441443, 0.1080326740399039, 0.11819920576735277, 0.07439965574264422, 0.015276303898835551, 0.0017191559329457601, 0.031115256152741157, 0.03542874779727952, 0.0034672295858474865, 0.010692053172516047, 0.018578475744118066, 2.0718169153166117E-4, 0.011989732666030973, 3.3419765961180967E-4, 0.00667241850125972, 0.005356883502987821, 8.293522090314592E-4, 1.4465164715576293E-4, 1.8385129047761368E-4, 1.9970668880591345E-4, 9.759946697482917E-4, 0.002121126824467625, 0.0011485639829627065, 1.2533067040861742E-5, 5.849732852038153E-4, 2.2092856138830087E-4, 4.8060242829511184E-4, 2.948276473090306E-4, 3.1246178249499945E-4, 0.0015864199709947591, 8.739092850842742E-4, 0.001421259048754206, 1.1096098207894232E-5, 1.440628760936079E-4, 1.5576078852937102E-4, 3.7070791672992847E-4, 7.826955733341198E-4, 4.438172980737488E-4, 0.0025911594020732232, 0.0016272943208380936, 0.0011264511975491891, 0.0011268447251243394, 9.416247115700383E-4, 0.0014200022075380309, 2.3640084218790326E-4, 0.0030615188987677612, 0.0044679217272364236, 0.0013383526963907926, 8.325398483960811E-5, 0.004280027838076459, 0.01188381428744944, 0.008849350949938177, 5.544620822568771E-4, 0.007602352930632483, 0.006521861905805551, 0.01819083595107446, 0.036053275396443214, 0.00505164231412629, 0.0013628372078563808, 0.006708793913969084, 0.01451899624471747, 0.007251888121070927, 0.004865046866246458, 4.461749718617302E-4
0.001012818409462504, 0.0012749348981538277, 0.0016048449689099987, 0.0020200572959419042, 0.002542592417680905, 0.0032001262557956223, 0.0040274399333453895, 0.0050682187236505884, 0.00637729170447027, 0.008023453959545604, 0.010092853730593623, 0.012693369783188144, 0.015959844567466998, 0.020060205909583354, 0.02520401654920765, 0.031649772738088985, 0.03971768693610066, 0.04980268260543754, 0.062383011864667506, 0.07803737665558505, 0.09746553815649171, 0.12147549788070558, 0.1510064129049964, 0.18712243667468678, 0.23086659756421946, 0.2834333000426812, 0.34569676492016477, 0.4181900658352017, 0.5008398433779072, 0.5922351020757771, 0.6890761860519551, 0.7862459354468005, 0.8759439475243606, 0.9471143719260724, 0.9902652354905337, 0.9985458769380375, 0.9718434273786946, 0.9278500746044049, 0.8886463252749809, 0.8888701998438371, 0.928438558444436, 0.9853241838718795, 0.9978470048063542, 0.9711000501080633, 0.9639722791018361, 0.9930699609070069, 0.9917424721886531, 0.9831121897061683, 0.9994857682916956, 0.9888663479203392, 0.9995506025190792, 0.9939230699383389, 0.9952537508942191, 0.9988684419896466, 0.9998266042313778, 0.999987687313692, 0.999573081774136, 0.9993432474283444, 0.9990085644238615, 0.9982289203414796, 0.9999249468062698, 0.9991320016950231, 0.9992597120466883, 0.9998288469772436, 0.999540420642361, 0.9999990855073733, 0.9985442799936749, 0.999673490321092, 0.9999788493692168, 0.9997892369795505, 0.9937615507513394, 0.9999159062306509, 0.9946341228305822, 0.9999806979742822, 0.9997657114903821, 0.9981360205324034, 0.9995958437435405, 0.9941026699966937, 0.9991556387599876, 0.9970026627917797, 0.9972888819442671, 0.9897567785896799, 0.9973049929299544, 0.9984159513679638, 0.9919052176451308, 0.9998425904071756, 0.9998900576314883, 0.998833182001711, 0.9892464415198221, 0.9983898963427179, 0.9975644507707038, 0.9994508255914439, 0.9983305727311862, 0.9872231460528815, 0.9652023120948282, 0.9696808396668076, 0.9967153026149862, 0.99298585869825, 0.9771427581880145, 0.9911977436861695, 0.9990611353187856
0.9989871832012719, 0.9987250678958799, 0.998395151284994, 0.9979799417505071, 0.9974574092430378, 0.9967998753709144, 0.9959725623620241, 0.994931780804062, 0.9936227091876962, 0.9919765442709243, 0.9899071430246601, 0.9873066288882822, 0.984040156739365, 0.9799397959289026, 0.9747959863215904, 0.9683502274933643, 0.9602823137342631, 0.9501973167066006, 0.9376169892336654, 0.9219626221713703, 0.9025344635664281, 0.8785245071982426, 0.8489935886186476, 0.8128775631679472, 0.769133402030685, 0.7165667038734599, 0.6543032348599414, 0.5818099346155299, 0.49916015695085, 0.40776489861726123, 0.3109238168053526, 0.21375406345578202, 0.12405605471756886, 0.05288562612903396, 0.00973476682881299, 0.0014541216108100686, 0.02815657045605127, 0.07214992584068283, 0.11135367269483445, 0.11112980051355521, 0.07156144441019541, 0.014675816269215733, 0.0021529954860556163, 0.028899949110445487, 0.0360277218859353, 0.006930039591663631, 0.008257528655257435, 0.01688781077235121, 5.142306808066039E-4, 0.01113365163543431, 4.493969717332621E-4, 0.006076930886389037, 0.004746246205309277, 0.0011315565842022536, 1.7339777004070304E-4, 1.2309064033250533E-5, 4.269184019087786E-4, 6.56752575337533E-4, 9.914355737523836E-4, 0.0017710796575858623, 7.505319214177893E-5, 8.679983070849723E-4, 7.402879649797107E-4, 1.7115302484544808E-4, 4.595793584944375E-4, 9.144934113992402E-7, 0.0014557200069287572, 3.265096793069257E-4, 2.1150631130674665E-5, 2.1076302112770198E-4, 0.0062384492489639546, 8.409377032024459E-5, 0.005365877170556675, 1.9302026392170292E-5, 2.3428851038783148E-4, 0.0018639794676265382, 4.0415625741582176E-4, 0.005897330003392085, 8.443612401685456E-4, 0.002997337210536427, 0.002711118056107801, 0.010243221410218425, 0.0026950070716873285, 0.001584048631426959, 0.008094782376329324, 1.5740959275946622E-4, 1.0994237032437442E-4, 0.001166818017814561, 0.010753558480567268, 0.0016101036581909, 0.0024355492366154932, 5.49174410875825E-4, 0.0016694272686690157, 0.012776853947373722, 0.03479768790854946, 0.030319160315039513, 0.0032846974128470673, 0.007014141248689294, 0.022857241813112494, 0.008802256312485825, 9.388646782788463E-4
0.0010128185764290566, 0.0012749347320548917, 0.0016048447578899956, 0.00202005802202267, 0.00254259229409953, 0.003200125907447993, 0.004027440241370165, 0.005068218470722871, 0.006377286710076667, 0.0080234545497561, 0.010092853792168744, 0.012693360646214569, 0.015959817320279786, 0.020060243014040247, 0.02520370241225508, 0.03164980204157291, 0.039718439755339, 0.04980290378568641, 0.06238274806195817, 0.07803774814747974, 0.09746524621581708, 0.12147741546681913, 0.15100753445195747, 0.18708770228264887, 0.23090774095152197, 0.2834444705174519, 0.34571498920274896, 0.41821531946995705, 0.5009442805981003, 0.5918954040430999, 0.6887417393937442, 0.7862915888612703, 0.875944263087915, 0.9468337655772248, 0.990611458946849, 0.9984449061265619, 0.9710497225091116, 0.9260846027791445, 0.8861063343095872, 0.8890439021771214, 0.9332258601499134, 0.984057395754641, 0.9977327034772573, 0.9676314986164412, 0.9633796203538073, 0.9954552512781294, 0.9908334600207107, 0.983274073652112, 0.999831694544384, 0.988571715064174, 0.9996760418975775, 0.9934522781592887, 0.9966141893012965, 0.9992748086356316, 0.999871107382802, 0.9998730713848384, 0.9999748680498162, 0.998909990443594, 0.999573952561994, 0.9996007886989101, 0.999298984583734, 0.9994355731470211, 0.9998469179833199, 0.9983265732896929, 0.9986627390516556, 0.9998453432317814, 0.9995772285113682, 0.9988995478368952, 0.9996393076483052, 0.9986726651345048, 0.9992484308353544, 0.999804217540009, 0.9993870930363952, 0.9998935195533729, 0.9981218171800358, 0.9998825146392021, 0.9993364542722726, 0.9973014355991401, 0.9957064007104066, 0.9992820390521323, 0.9995971029482178, 0.9969068929878773, 0.9997348227908591, 0.9962067060454475, 0.9926265018888711, 0.9976471208581446, 0.9869057284549703, 0.9992853357050744, 0.997871891795534, 0.9900279720743806, 0.9847444951827863, 0.9813255663452389, 0.9874036673695951, 0.9766744769908079, 0.9904820402106069, 0.987306164645043, 0.9991394838319161, 0.9959206630007632, 0.9900389526927096, 0.9841849595185462, 0.9671693096755526
0.998987183283561, 0.9987250678582245, 0.9983951521715176, 0.9979799408247497, 0.9974574094037324, 0.9967998760983714, 0.9959725620121732, 0.9949317810668342, 0.9936227142376824, 0.9919765437055295, 0.9899071429863471, 0.9873066382681531, 0.9840401839059485, 0.9799397591762566, 0.9747963003136139, 0.9683501981968314, 0.9602815609188824, 0.9501970956790081, 0.9376172530753416, 0.921962250831283, 0.9025347558796967, 0.8785225891598109, 0.8489924669844854, 0.8129122975663491, 0.769092258642276, 0.7165555327788752, 0.6542850106161189, 0.5817846810788124, 0.4990557198054085, 0.4081045965277296, 0.31125826306176363, 0.21370841004534047, 0.12405573899102702, 0.05316623248769165, 0.009388543295350322, 0.0015550925407926586, 0.028950275630471072, 0.07391539760980215, 0.11389366329460723, 0.11095609816044862, 0.06677414272806845, 0.015942604391898325, 0.002267296823738423, 0.032368500625343855, 0.03662038063251388, 0.004544749231205042, 0.009166540740991904, 0.016725926821778717, 1.6830442979974292E-4, 0.011428284547604394, 3.2395770287484734E-4, 0.006547722624328123, 0.003385808027390799, 7.251901112366483E-4, 1.2889455740632124E-4, 1.2692738609762302E-4, 2.513212903709308E-5, 0.0010900095595361857, 4.2604743599706173E-4, 3.992113006240732E-4, 7.010154130097571E-4, 5.644268579382836E-4, 1.5308201962511623E-4, 0.001673426714977652, 0.0013372609501279523, 1.5465677083004986E-4, 4.2277148903546003E-4, 0.001100452183146471, 3.606923523665111E-4, 0.0013273348659153291, 7.515691650350361E-4, 1.957824605110148E-4, 6.129069645498936E-4, 1.0648044682212357E-4, 0.001878182822264126, 1.1748536128653501E-4, 6.635457280863302E-4, 0.002698564401851899, 0.00429359928967968, 7.179609491587568E-4, 4.0289705596674327E-4, 0.0030931070119223415, 2.6517721003227007E-4, 0.003793293954151422, 0.007373498631817944, 0.002352879141732927, 0.013094271545211193, 7.146642955115997E-4, 0.002128108206049322, 0.009972027928743469, 0.015255504829962007, 0.018674433655478568, 0.01259633263051483, 0.023325523009195846, 0.009517959789959339, 0.012693835324178959, 8.605161717055886E-4, 0.004079336998312558, 0.00996104731239572, 0.01581504048012316, 0.032830690322883355
0.0010128184953977371, 0.0012749350947396918, 0.0016048433767024465, 0.0020200578435616377, 0.0025425926435309765, 0.0032001254936078905, 0.0040274381041920495, 0.005068212879084259, 0.006377294966360445, 0.008023452853724512, 0.010092871827708372, 0.01269343247952454, 0.015959852046752657, 0.020060281700048452, 0.02520392068016074, 0.031649607443492975, 0.03971821318296938, 0.04980270447840759, 0.062382782651277564, 0.07803684464359689, 0.09746471107016255, 0.12147183690535499, 0.15100695722375873, 0.18712686699400796, 0.23089587368069378, 0.2834236736217402, 0.34572782414568526, 0.4182860339833369, 0.5007514960802112, 0.5920460278145065, 0.6887300552588049, 0.7862931574099005, 0.8751805868439513, 0.9469338966613283, 0.9904194938568678, 0.9984652282472859, 0.9726279622163164, 0.9256725813049099, 0.8925051785080249, 0.8879295976764073, 0.9362622597958715, 0.9840952853021389, 0.997609615068819, 0.9691596331464646, 0.9648803977582656, 0.9956255350196356, 0.9916178201338436, 0.9842212898197973, 0.9998282779293833, 0.9860770936835177, 0.9998458989042562, 0.9934685789680942, 0.994686998282453, 0.9993157568389966, 0.9998999992736547, 0.9996019037184632, 0.9999639141171391, 0.9981610117071245, 0.99695393931214, 0.9995274637768785, 0.9996090734699632, 0.9998088484858623, 0.9998116910805998, 0.9996478293793954, 0.9998836409476225, 0.9995940782964969, 0.9990843358286013, 0.9996320122924445, 0.999588709106396, 0.9984304235704657, 0.9997375966615232, 0.9999256875729672, 0.9990797400122868, 0.9943841387288812, 0.9982440572684669, 0.9980706659300062, 0.9997469118010722, 0.998276908118579, 0.9977588393220479, 0.9975435215733905, 0.9977628985454411, 0.9953042812886084, 0.9997986214534774, 0.9983993740650661, 0.9995506086413396, 0.999587227192931, 0.9993392735019329, 0.9792542311797996, 0.9753988525952808, 0.9996785760107613, 0.9904747471719741, 0.9831659108591855, 0.9910881372902586, 0.9656077768562397, 0.9918182238922811, 0.973490156500716, 0.9908351214016275, 0.9835231532040576, 0.9776397889484814, 0.9928921325097441, 0.9935902353734719
0.998987183333381, 0.9987250675449968, 0.9983951533437806, 0.9979799409882618, 0.9974574091455917, 0.9967998764561152, 0.9959725642264463, 0.9949317865024988, 0.9936227061203657, 0.9919765450308746, 0.989907124586558, 0.9873065663219804, 0.9840401491839177, 0.9799397204025571, 0.9747960822707104, 0.9683503927739197, 0.960281787481835, 0.9501972949617288, 0.9376172184496975, 0.9219631544356737, 0.9025352906604249, 0.8785281681181408, 0.8489930443098709, 0.8128731328287234, 0.7691041259108331, 0.7165763303037344, 0.6542721756740486, 0.5817139665667485, 0.4992485043034837, 0.40795397286142476, 0.31126994749504294, 0.21370684148316949, 0.12481941527763361, 0.053066101432001654, 0.00958050836340048, 0.0015347703403687124, 0.027372035887700066, 0.07432741912719458, 0.10749481939636005, 0.11207040266633118, 0.06373774341570158, 0.01590471483596679, 0.002390385171276521, 0.030840366105931796, 0.035119603233376845, 0.004374465487030559, 0.008382180630035619, 0.01577871066832675, 1.717209723466083E-4, 0.013922905880375059, 1.5410066974551632E-4, 0.006531421995802034, 0.005312998962731018, 6.842415569325474E-4, 1.0000126822700322E-4, 3.9809552971986997E-4, 3.6085911720697004E-5, 0.0018389882941941852, 0.0030460606865437005, 4.72535859287721E-4, 3.909265091823859E-4, 1.9115151708610595E-4, 1.8830892072145268E-4, 3.521706240866283E-4, 1.1635905311432476E-4, 4.059217039380879E-4, 9.156641721616165E-4, 3.6798770869783036E-4, 4.1129089398399537E-4, 0.0015695764298500844, 2.6240334394420415E-4, 7.431242741197833E-5, 9.202599882629952E-4, 0.005615861273355633, 0.0017559427371715542, 0.0019293340702695545, 2.5308819911981043E-4, 0.001723091881599646, 0.0022411606783258437, 0.002456478427070506, 0.002237101455044385, 0.004695718711311733, 2.0137854684334933E-4, 0.0016006259340036809, 4.4939138964426303E-4, 4.12772806624362E-4, 6.60726498195788E-4, 0.020745768821961844, 0.02460114740482342, 3.2142399008715694E-4, 0.009525252889115867, 0.01683408914111421, 0.008911862709560504, 0.03439222314413888, 0.008181776108127366, 0.02650984348102205, 0.009164878606860319, 0.01647684679531944, 0.02236021105205656, 0.007107867462680694, 0.0064097645933641695
0.0010128185825031757, 0.0012749347595484854, 0.0016048446416665016, 0.0020200579520736517, 0.0025425912949862237, 0.0032001244127905187, 0.004027441867960619, 0.005068224152089963, 0.006377288498387749, 0.00802342837158443, 0.010092860231638502, 0.01269336299435794, 0.015959837627580593, 0.020060311857890062, 0.025203623736336903, 0.03164972310440001, 0.0397181596005461, 0.04980170696771168, 0.06238242243509153, 0.0780367970012912, 0.09746494297611247, 0.1214720876140419, 0.1509928382958406, 0.1870902479970205, 0.23087421730343677, 0.2834312128145026, 0.3457086519800898, 0.41824713582495104, 0.500760391814858, 0.5920045673927532, 0.6890659970935061, 0.7865947463178898, 0.8758305113885861, 0.9471900616954799, 0.9904530342829481, 0.9980325448057326, 0.9719067617177732, 0.9226253558337738, 0.8887353926834719, 0.8931986650911938, 0.9338976324671822, 0.9831702050748209, 0.9975638135569718, 0.965757943009954, 0.9587982679543103, 0.9966657775388752, 0.990154224599411, 0.9827662982486698, 0.9999917437399354, 0.9880955703441797, 0.998694085015899, 0.995436253668562, 0.9951513847101758, 0.9989612919180069, 0.9998165658334882, 0.9999954714616767, 0.9998824364985318, 0.9987436742813057, 0.9974705343911746, 0.9998431410373113, 0.9997783643899012, 0.999082747267639, 0.9995300658845674, 0.9984597003951184, 0.9995115672173672, 0.9989354520217945, 0.9999429966702184, 0.9995362910222857, 0.9999250629416754, 0.9988874574648683, 0.9985304628557589, 0.9981799709448766, 0.9992473219984357, 0.9987573959071628, 0.9988525424597768, 0.9978490678702227, 0.9998680123681362, 0.9988875902746692, 0.9939569203392696, 0.9994111019947226, 0.9992184550075357, 0.9957106489496825, 0.9992795182304114, 0.9980279302268004, 0.996816075953732, 0.9995823072399863, 0.9977062159635944, 0.9998961707562983, 0.9869509188492922, 0.997307188164635, 0.9983550269590016, 0.9975532633929843, 0.9770552184591041, 0.9994276934048691, 0.9903305540993588, 0.9763971929634304, 0.9870723085828305, 0.9209904399777877, 0.9600857590118153, 0.9845180861490822, 0.9860600758700742
0.9989871831093105, 0.9987250678242814, 0.9983951522507196, 0.9979799409528656, 0.997457410364593, 0.9967998772112218, 0.9959725601688905, 0.994931775337353, 0.9936227124648367, 0.9919765695035481, 0.9899071361550785, 0.9873066356831308, 0.9840401638860151, 0.9799396901010894, 0.9747963786780927, 0.9683502771326445, 0.9602818409369498, 0.9501982924206961, 0.9376175787160684, 0.9219632018388869, 0.9025350586353328, 0.8785279173653132, 0.8490071632496057, 0.812909751848525, 0.7691257822826724, 0.7165687908668614, 0.6542913478283884, 0.5817528646033857, 0.499239608559486, 0.407995433142491, 0.3109340052392114, 0.21340525249512976, 0.12416949060991848, 0.05280993639947886, 0.009546968004264498, 0.0019674540762206877, 0.028093236377069904, 0.07737464466730926, 0.1112646052112421, 0.10680133523483844, 0.06610237042421008, 0.016829795051405073, 0.0024361867431366745, 0.034242056288648036, 0.04120173302659291, 0.003334222966764435, 0.009845776244339882, 0.017233702228586445, 8.255235326703472E-6, 0.01190442923600778, 0.0013059146224721823, 0.004563747134402128, 0.00484861222535763, 0.0010387066350017056, 1.8343464394147304E-4, 4.5244699887228855E-6, 1.17563531946415E-4, 0.001256325809301447, 0.002529465608302132, 1.5685896227322435E-4, 2.216356095532589E-4, 9.172527506485464E-4, 4.699341259128405E-4, 0.0015402996209463741, 4.884327861882655E-4, 0.0010645479788242605, 5.700333189727824E-5, 4.6370898462901706E-4, 7.493705886021314E-5, 0.0011125425355960462, 0.0014695371450955648, 0.0018200290560537664, 7.526780024387108E-4, 0.0012426040931218785, 0.0011474575404287382, 0.002150932130489888, 1.3198763194626932E-4, 0.0011124097254413983, 0.006043079660711736, 5.888980054055405E-4, 7.815449926547506E-4, 0.004289351050327302, 7.204817705871569E-4, 0.001972069762551156, 0.0031839240675648655, 4.1769275990501283E-4, 0.0022937840372174926, 1.0382924515494799E-4, 0.013049081151034063, 0.0026928118378184984, 0.001644973048747299, 0.0024467366076856055, 0.022944781540854484, 5.723065952069265E-4, 0.009669445901288478, 0.023602806974296665, 0.012927691419810095, 0.07900956000438532, 0.039914240988718735, 0.015481913849668369, 0.013939924127907712
0.001012818514654653, 0.0012749348851326047, 0.0016048447791564687, 0.0020200585193126497, 0.002542591815664268, 0.003200125483044902, 0.004027438305140785, 0.005068222064087035, 0.0063772986636541325, 0.008023448928844958, 0.01009286032356297, 0.012693382839917102, 0.015959833014817012, 0.02006024980993412, 0.025203659759061633, 0.03164979664657017, 0.03971824383907308, 0.049802418262083294, 0.062382716106445364, 0.07803898439541625, 0.09746637324925192, 0.12147680217262959, 0.15100580781792491, 0.18710432734274157, 0.23087931725296892, 0.28344680706372705, 0.34568823306951657, 0.418157578448611, 0.5007450027045756, 0.592229541046717, 0.6890986980260857, 0.7860052433219751, 0.8758330523745906, 0.9467377909259904, 0.9903797609221096, 0.9985050868972449, 0.9721018119721905, 0.9241552300436151, 0.8943441373604862, 0.8852186087891513, 0.9341176353388428, 0.9857982347067924, 0.9975203215350069, 0.968699129693707, 0.9676042772798727, 0.9946299383215549, 0.9902312521950601, 0.9808238232636927, 0.9999383192200265, 0.9870661412595862, 0.9990195568687974, 0.993899846707793, 0.995702693133702, 0.9994354934545814, 0.9998355653149148, 0.9996132689568671, 0.9989212292609712, 0.9988878607079895, 0.9986634722938944, 0.99988406380165, 0.9996798110471806, 0.9985543353760551, 0.9986978762529212, 0.9989270652160772, 0.9992705572155263, 0.9996887283128025, 0.9991400166163632, 0.9997440110878308, 0.9976819546852727, 0.9982116199329127, 0.9999287377818219, 0.9994787384434535, 0.9959811064308648, 0.9999651833147808, 0.9972917853210084, 0.9991290512657428, 0.9979398279691616, 0.9977937361232526, 0.9975339653081468, 0.9998512060025471, 0.994534003592806, 0.9955712223604064, 0.9990045060700388, 0.9971846050440276, 0.9942789808910049, 0.9985997889038625, 0.9984366346932638, 0.9936973653018201, 0.9853470346562513, 0.9953456598382083, 0.9977210304583504, 0.9969796353263878, 0.9910077788559442, 0.9935258902735061, 0.9824934184902242, 0.9867113970945698, 0.9960264534293777, 0.9833418593979829, 0.9431224752340676, 0.9958300494922141, 0.9713383987421992
0.9989871833155949, 0.9987250677519841, 0.9983951519715829, 0.9979799403411778, 0.9974574099077866, 0.9967998764881228, 0.9959725636989691, 0.9949317774127967, 0.9936227023410179, 0.991976548915284, 0.9899071364220589, 0.9873066160481733, 0.9840401682976176, 0.979939752099796, 0.9747963427884142, 0.9683502035918089, 0.9602817567374969, 0.95019758105006, 0.9376172849080744, 0.9219610146253968, 0.9025336288270536, 0.8785232027319022, 0.8489941937657777, 0.8128956724810846, 0.769120682397538, 0.7165531962709566, 0.6543117667074685, 0.5818424219800522, 0.4992549976522757, 0.40777045948133367, 0.3109013043320544, 0.21399475557584777, 0.12416694969693749, 0.05326220716591791, 0.009620241322263887, 0.0014949117235510323, 0.027898186240256185, 0.07584477037034992, 0.10565586047989513, 0.1147813915981231, 0.06588236752699322, 0.014201765410002185, 0.002479678760855987, 0.03130086960574204, 0.03239572370793897, 0.00537006219128234, 0.00976874855369392, 0.01917617721628854, 6.167975068356188E-5, 0.012933858270135292, 9.80442747547184E-4, 0.006100154089901536, 0.004297304165480158, 5.645054826925013E-4, 1.644367643553355E-4, 3.867261365257845E-4, 0.0010787707652764075, 0.001112139295240895, 0.001336527704491214, 1.1593619587314368E-4, 3.201889470560344E-4, 0.0014456646273888556, 0.001302123747742756, 0.001072934785049436, 7.294427854524823E-4, 3.112716884491599E-4, 8.599833881946372E-4, 2.5598891281482906E-4, 0.002318045315726862, 0.0017883800695519896, 7.126221851366775E-5, 5.212615569624423E-4, 0.004018893569588483, 3.481668596794052E-5, 0.0027082147104381706, 8.709487357354206E-4, 0.0020601720309706283, 0.0022062638768027255, 0.0024660346924411454, 1.4879399746955512E-4, 0.0054659964073818, 0.004428777639474351, 9.954939305052012E-4, 0.002815394949210184, 0.005721019170919188, 0.0014002110960762593, 0.001563365307603975, 0.006302634699123135, 0.014652965344373834, 0.004654340162594157, 0.0022789695453345623, 0.003020364689481847, 0.0089922211438639, 0.0064741097270067435, 0.0175065815131335, 0.01328860288157471, 0.003973546576679753, 0.016658140601794342, 0.056877524766261615, 0.004169950460241808, 0.028661601226376635
0.0010128185109558794, 0.0012749348074489585, 0.0016048449941989435, 0.002020057819857526, 0.0025425919945701227, 0.0032001244045681584, 0.004027437786467673, 0.005068218631739842, 0.006377290778244089, 0.008023439404173124, 0.010092847409637675, 0.012693392903371173, 0.015959803291212795, 0.020060316094323544, 0.02520387390018021, 0.031649581094981546, 0.039717956532802016, 0.049802151442718885, 0.06238168163454133, 0.07803955314104087, 0.09746062820492066, 0.12146882151717038, 0.15100777585564687, 0.18710921329347968, 0.2308852302574395, 0.28346364864553264, 0.3457220841992078, 0.4183640348324524, 0.5007369031392505, 0.5921130467090395, 0.6889626602917157, 0.7856418882344942, 0.8756677817333938, 0.947142811494779, 0.9904776233381075, 0.9984487836352731, 0.9726901168891865, 0.9276533361625192, 0.8900985162040282, 0.8893463484187789, 0.9357957637909702, 0.9859709162597801, 0.9976483523578951, 0.972463778553466, 0.9628901394053088, 0.9946753614483105, 0.9924080511902531, 0.9873950986013098, 0.9995863109453789, 0.9864710728144023, 0.9995805019212956, 0.9938696978276169, 0.9927291451321943, 0.9990003616959843, 0.9999225484104189, 0.9993562615960893, 0.9999413352622597, 0.9988519936366276, 0.998590389958395, 0.9998484922625893, 0.9999815687355464, 0.9997988454209771, 0.9999243173829723, 0.9992429608325352, 0.9992115113396625, 0.9992207589804564, 0.9992878525100379, 0.9991136719800842, 0.9987026805501968, 0.9998546772090778, 0.999315119754698, 0.9996207467721864, 0.999043515476687, 0.9991233977547201, 0.999907351760724, 0.9998238739144011, 0.9979349117632194, 0.9998628052567965, 0.9997721852987875, 0.9985360154539848, 0.999185717078933, 0.9994243564282504, 0.9979941443676272, 0.9998956667289545, 0.9976362117067604, 0.9988208273782587, 0.9901678310371776, 0.993220072118411, 0.9998564848671189, 0.9836037372519226, 0.9975220091345265, 0.9881472386680938, 0.980058642934535, 0.9647619403735904, 0.9861101413509757, 0.9723807683497472, 0.9947481076950491, 0.9512302642051943, 0.9875874505579368, 0.9977768773697758, 0.9718607906501169
0.9989871833711857, 0.9987250678546264, 0.9983951518890845, 0.997979941248278, 0.9974574099207306, 0.9967998775948638, 0.9959725642186441, 0.9949317808015052, 0.9936227101832562, 0.9919765584647982, 0.9899071493870382, 0.9873066057656585, 0.9840401982235678, 0.9799396857750505, 0.9747961290409554, 0.9683504191447666, 0.9602820440021059, 0.9501978478535466, 0.9376183195951356, 0.9219604457550181, 0.9025393734072394, 0.8785311834405414, 0.8489922255800266, 0.8128907865626696, 0.7691147694077354, 0.7165363553933607, 0.6542779156199962, 0.5816359657169469, 0.4992630972188055, 0.40788695397074703, 0.3110373420381231, 0.214358110452204, 0.12433222037172889, 0.052857187030598086, 0.009522379143392818, 0.001551214984433229, 0.027309881321889277, 0.07234666425147078, 0.1099014815240438, 0.11065365190999726, 0.06420423959382734, 0.014029083878932858, 0.0023516478884019324, 0.0275362206592801, 0.03710986158228027, 0.005324639054013557, 0.007591949649207059, 0.012604901876914064, 4.1368802048178993E-4, 0.013528926741445124, 4.1949772184643865E-4, 0.006130302985909314, 0.0072708520223864915, 9.996368789520458E-4, 7.745212742328989E-5, 6.437350561995783E-4, 5.866494125917196E-5, 0.0011480063666513796, 0.00140961004094022, 1.5150773491601666E-4, 1.8431256655003724E-5, 2.011545846273176E-4, 7.568261818469569E-5, 7.570391735778841E-4, 7.884886626151647E-4, 7.792410202796038E-4, 7.121474906492244E-4, 8.863280202645954E-4, 0.0012973194504352793, 1.4532279151656627E-4, 6.848802462774638E-4, 3.792532282006247E-4, 9.564845249352746E-4, 8.766022458805507E-4, 9.264824080326635E-5, 1.761260858155354E-4, 0.002065088237006883, 1.371947433157397E-4, 2.27814701365964E-4, 0.001463984546202436, 8.142829213311833E-4, 5.756435716654035E-4, 0.002005855633017924, 1.0433327078933768E-4, 0.0023637883402063053, 0.001179172621620587, 0.009832168966139263, 0.006779927882184347, 1.435151335688598E-4, 0.016396262749533753, 0.0024779908683959144, 0.011852761332325705, 0.019941357065283806, 0.03523805962641187, 0.013889858653242567, 0.027619231646900236, 0.00525189234141538, 0.048769735784391845, 0.01241254944270838, 0.0022231226284971386, 0.028139209338976037
0.0010128186075143684, 0.001274934703237173, 0.001604844812995538, 0.0020200580550079777, 0.0025425913750279773, 0.003200125591540327, 0.004027436935193729, 0.005068212597937924, 0.006377296477444234, 0.008023456779725857, 0.010092886812983983, 0.012693397860861383, 0.015959829783846555, 0.02006020753300769, 0.02520379639477584, 0.031649680053888934, 0.039718295493663305, 0.04980181743051831, 0.06238210596977081, 0.07803915551979192, 0.09746649011367253, 0.12147235588091898, 0.15101103759819698, 0.18709115722085007, 0.230897272983785, 0.2834217391290278, 0.34569068900303657, 0.4183306155288363, 0.5006914894163921, 0.5922101382984291, 0.6888787277717967, 0.7855812078311631, 0.8752051866547608, 0.9466848738696857, 0.9902984267494696, 0.9983736207161186, 0.9729190578858651, 0.9264271153099525, 0.8911903649831892, 0.8871942987450934, 0.9298043516492718, 0.9846836428526773, 0.9971837828470901, 0.9663830845758203, 0.9619437133380945, 0.9937616894736949, 0.9879080858162408, 0.9801018007151199, 0.9999238064820748, 0.988809654990561, 0.9994228637095346, 0.9936466687498454, 0.9960305100562183, 0.9990145633419816, 0.9999940595305502, 0.9999353606965298, 0.998792436847425, 0.9986068715435602, 0.999542444969168, 0.9988418872955663, 0.9998957444942108, 0.9994008255196619, 0.9992946051051499, 0.9993028460842845, 0.998839143492646, 0.9995002374439591, 0.9997603418136397, 0.9986963291899997, 0.9998201460313381, 0.9997566915615274, 0.9988795405924744, 0.9998888032471224, 0.9979596648223324, 0.9998141137633753, 0.9996162139812694, 0.9990125921502545, 0.9985846017404952, 0.9989220609240257, 0.9998781468489285, 0.9964826746622661, 0.9901488583133754, 0.9999125641111252, 0.9986105677846883, 0.9962997972186998, 0.9963893150303498, 0.9969757984071005, 0.9989805615329831, 0.995542433587786, 0.9944306265593281, 0.99034105045487, 0.9877994801005062, 0.9887853619515188, 0.9998385992985405, 0.9951335956245525, 0.9703329916240179, 0.9711974654716569, 0.9697479816631662, 0.9590922857452385, 0.9625361694231578, 0.9957641678919702, 0.9931792694296324
0.9989871830790809, 0.998725067954503, 0.9983951519388468, 0.9979799409233803, 0.9974574102261081, 0.9967998764125774, 0.9959725651990586, 0.9949317868646064, 0.9936227044278881, 0.9919765414568417, 0.9899071095586495, 0.9873066010061995, 0.9840401714859978, 0.9799397946429748, 0.9747962061785356, 0.9683503201775501, 0.9602817050544695, 0.9501981820073389, 0.9376178953686956, 0.921960843295125, 0.9025335119339372, 0.8785276491687417, 0.8489889642281553, 0.8129088426030585, 0.769102726605433, 0.7165782648091134, 0.6543093108266863, 0.5816693850168544, 0.49930851092006256, 0.4077898622427838, 0.3111212750103276, 0.21441879100060268, 0.12479481541005472, 0.05331512416759148, 0.009701575491198457, 0.0016263779086232463, 0.027080940158399534, 0.07357288507956077, 0.10880963291637394, 0.1128057015639354, 0.07019565139499676, 0.015316357281910758, 0.0028162173958645015, 0.033616914638980686, 0.038056287656762444, 0.0062383111176183515, 0.012091915024048142, 0.019898199771548355, 7.61924979832615E-5, 0.011190344570127124, 5.771358625571469E-4, 0.0063533321897432625, 0.003969487306787941, 9.854352389736388E-4, 5.941042525632839E-6, 6.463474918417573E-5, 0.00120756333160828, 0.0013931284614673747, 4.57555030315869E-4, 0.00115811268414794, 1.0425550406543992E-4, 5.99174482012708E-4, 7.05394895546944E-4, 6.971539162238673E-4, 0.0011608565107519438, 4.997625573205316E-4, 2.3965818665922076E-4, 0.001303670810603689, 1.7985396942298663E-4, 2.4330843933853966E-4, 0.00112045940774576, 1.111967532525939E-4, 0.0020403351781762133, 1.858862367534092E-4, 3.837860187159941E-4, 9.874078526377404E-4, 0.0014153982597271254, 0.0010779390759737923, 1.2185315110043592E-4, 0.0035173253380075633, 0.009851141908507915, 8.743588868162307E-5, 0.001389432215729773, 0.0037002027809398385, 0.0036106850002624326, 0.0030242015929699763, 0.0010194384680272538, 0.00445756642509223, 0.005569373441090687, 0.009658949546922493, 0.012200519906335285, 0.011214638050873506, 1.614007014149665E-4, 0.004866404375223339, 0.029667008376319335, 0.028802534508559123, 0.030252018346051426, 0.04090771425388495, 0.037463830577204184, 0.0042358321068375355, 0.006820730568183227
0.0010128186276205213, 0.0012749351745624403, 0.0016048446789950768, 0.0020200581284874563, 0.0025425922769483603, 0.0032001272487908786, 0.00402743815232309, 0.005068219038775367, 0.006377295003232237, 0.008023433474688035, 0.010092856121645854, 0.0126933759390484, 0.0159598138047434, 0.020060284635386748, 0.02520370840548215, 0.031649513439354134, 0.03971777435346234, 0.049802305510683265, 0.06238292393681799, 0.07803743380217486, 0.09746474467843208, 0.12147384321536937, 0.15100199822713636, 0.1871022683932305, 0.2308840767148516, 0.2834489148751881, 0.34572891412762025, 0.4182506225132698, 0.5009973688105829, 0.5920757200003893, 0.6887976899393456, 0.7860358378955206, 0.8761732178223598, 0.9469625023572562, 0.9903257649624735, 0.9984698852189288, 0.970896393508932, 0.9267773992428978, 0.888857135323294, 0.8879999133350795, 0.9359132153829118, 0.9859713121921941, 0.9984954902395335, 0.9714853660304951, 0.9620400233360692, 0.9958626250811276, 0.9909977583750144, 0.9827467834416072, 0.9996478985970035, 0.9876047020530987, 0.9997059387518127, 0.9924434808924684, 0.9950733443536547, 0.9990520250090781, 0.999846414339508, 0.9998451311114857, 0.9999957998114353, 0.9993238666944749, 0.9993286713549577, 0.9995508980622417, 0.9995458593848127, 0.9998826585575502, 0.9994560433716557, 0.999075176988014, 0.9991264511285535, 0.9990704286963877, 0.9996925025326283, 0.9988252894382526, 0.9997601517172995, 0.9997837506164022, 0.9996885780919461, 0.9973494857588825, 0.9995922693490232, 0.9989544473634004, 0.9988192939770766, 0.9982883683634678, 0.9977324333518532, 0.9970274490339803, 0.998394853853549, 0.9989650399343406, 0.998535593313998, 0.997790792110577, 0.9990411463616702, 0.9942754104016632, 0.9965186588394271, 0.9999154264493727, 0.9970521947543142, 0.9958100321988492, 0.9917265350666276, 0.9961504187564131, 0.9964673541333509, 0.9958431268246407, 0.9896220276436009, 0.9958531863746434, 0.9876645931842405, 0.9998291668906611, 0.9899716995522836, 0.9932770208534466, 0.9244051201411112, 0.9990826031557046, 0.9537493150816732
0.9989871832283248, 0.9987250673512098, 0.9983951522078566, 0.997979940872469, 0.9974574094338585, 0.9967998747700109, 0.9959725640855278, 0.9949317803974377, 0.9936227059045909, 0.9919765647818142, 0.989907140676818, 0.9873066229181029, 0.9840401876921566, 0.9799397172795684, 0.9747962941427416, 0.9683504867567632, 0.9602822261791449, 0.9501976939183044, 0.9376170772384105, 0.9219625652841323, 0.9025352573537491, 0.8785261619443846, 0.8489980035875537, 0.8128977314506789, 0.7691159228993654, 0.7165510888091664, 0.6542710856677726, 0.5817493780455064, 0.49900263161305664, 0.4079242806875108, 0.3112023124448317, 0.2139641608541371, 0.12382678416456382, 0.0530374958928766, 0.00967423726511698, 0.0015301134043562425, 0.02910360476821221, 0.07322260120390732, 0.11114286266188246, 0.11200008700970997, 0.06408678766636294, 0.01402868792669778, 0.0015045100070347026, 0.028514633192600336, 0.037959977644599775, 0.004137375422920785, 0.009002242471836749, 0.017253217039859332, 3.521003861580354E-4, 0.0123952974820984, 2.940608422251729E-4, 0.0075565200150699875, 0.004926652625659922, 9.479735555977267E-4, 1.535863296704294E-4, 1.5486456341896288E-4, 4.2004265520045784E-6, 6.761333082092042E-4, 6.713284527340104E-4, 4.491019369830823E-4, 4.5414061456081637E-4, 1.173414452271664E-4, 5.439566291820528E-4, 9.248234668899588E-4, 8.735488720973485E-4, 9.295713047534111E-4, 3.074974696973713E-4, 0.0011747105627321326, 2.3984828672262944E-4, 2.1624938410693813E-4, 3.114219089261673E-4, 0.00265051424181779, 4.0773065124459707E-4, 0.0010455526367958157, 0.001180706023162767, 0.0017116316368694128, 0.0022675666484207988, 0.002972550984185772, 0.001605146147933003, 0.0010349600656526065, 0.0014644066863311528, 0.0022092078893555475, 9.588538597470257E-4, 0.005724589597839084, 0.003481341186267092, 8.457355049649961E-5, 0.0029478052462150813, 0.004189967804568252, 0.00827346493391808, 0.003849581244725105, 0.003532645875597147, 0.004156873176531828, 0.010377972356108345, 0.004146813625735989, 0.012335406816351131, 1.7083309228130262E-4, 0.010028300454949042, 0.0067229791462456385, 0.07559487986031145, 9.173968429369399E-4, 0.04625068491643162
0.0010128185725680082, 0.001274934999279537, 0.0016048450358616547, 0.00202005757372385, 0.002542592077906615, 0.0032001243745893647, 0.004027439583772289, 0.005068217285679144, 0.006377291989965222, 0.008023443520981536, 0.010092860133776924, 0.01269339084066881, 0.015959875851016467, 0.02006022724526747, 0.025203636192610724, 0.03164986994659444, 0.039718321968228, 0.04980228745786451, 0.06238217765228201, 0.0780381499219771, 0.0974628050399031, 0.12147379916923494, 0.15100375090818943, 0.1871203388790226, 0.23089502617165802, 0.2834331611796045, 0.34566389047996343, 0.4182076104307646, 0.5005004285789219, 0.5921095527930752, 0.6888949394373088, 0.786326453807547, 0.8757445701814786, 0.946714108663828, 0.9906011455134777, 0.998474393346895, 0.9724814876946511, 0.9251494713656032, 0.8881137343826379, 0.8965267949370943, 0.9294714105242573, 0.9846113205979204, 0.9965996744248569, 0.9685644380776472, 0.9628103371864196, 0.9942252455746466, 0.9914766020004071, 0.9806626827173738, 0.9998702583246213, 0.9889118932020794, 0.9999719288926632, 0.9941697131753842, 0.994428878058634, 0.9988705826335361, 0.9999569549921304, 0.9993484064511151, 0.9991570645714846, 0.9987856668795794, 0.9986788685664438, 0.9997452258142417, 0.9998862197116246, 0.999702080332946, 0.9994472612913129, 0.9988662132537665, 0.999352554554163, 0.9986603186302562, 0.9999945116680913, 0.9998043650809361, 0.9996233885290345, 0.9998373922745016, 0.9999309936289595, 0.9998711473645755, 0.9968669361747249, 0.9987777780926812, 0.9964545647885921, 0.9967643528586363, 0.999851763637266, 0.9975150383004668, 0.9980313718173819, 0.9975798642832917, 0.9994804971766599, 0.9962985344634206, 0.9969162024324414, 0.9970579448226458, 0.9933344297311095, 0.9866305928944278, 0.9980913921290887, 0.9963343558720634, 0.9981365963972406, 0.99800607743478, 0.9955702965327425, 0.9876121651492091, 0.9961875035390931, 0.9930885334417288, 0.9976380332090927, 0.9828739801661966, 0.9837841015736333, 0.9949115427496247, 0.9646437250458484, 0.9756675401672725, 0.9626300980998712
0.9989871832736079, 0.9987250676387877, 0.9983951518972236, 0.9979799414291138, 0.9974574096755465, 0.9967998774612071, 0.99597256276264, 0.9949317822101107, 0.9936227089728329, 0.9919765543537116, 0.98990713664564, 0.987306608068412, 0.9840401256181927, 0.9799397746637091, 0.9747963663779344, 0.9683501302909593, 0.9602816787022854, 0.9501977119606723, 0.9376178236745876, 0.9219618489166698, 0.9025371970619525, 0.8785262058040209, 0.8489962506984294, 0.8128796609463961, 0.7691049734097313, 0.71656684276186, 0.6543361093519328, 0.5817923901109836, 0.4994995717737429, 0.4078904477795916, 0.3111050630621986, 0.2136735448809059, 0.12425543205945272, 0.05328588940370745, 0.009398856727906118, 0.0015256052896946682, 0.027518510463147475, 0.07485052907283535, 0.11188626320047199, 0.10347320543545552, 0.0705285925239983, 0.015388679520809174, 0.003400325796105439, 0.031435561171412336, 0.037189663790673774, 0.0057747550145349725, 0.008523398839863736, 0.019337317768083825, 1.2974065034412853E-4, 0.011088106365081719, 2.807069307046596E-5, 0.0058302876139819, 0.005571119177350338, 0.0011294160027089705, 4.304729239729813E-5, 6.515892733490793E-4, 8.429356689143064E-4, 0.0012143331221063556, 0.001321131432830844, 2.547741836268855E-4, 1.1378028759256776E-4, 2.9791967044551123E-4, 5.527387167675135E-4, 0.001133786747440149, 6.474454469102049E-4, 0.0013396813709552564, 5.488333003500697E-6, 1.956349194017903E-4, 3.766114734759091E-4, 1.6260846867079243E-4, 6.900637132479594E-5, 1.2885263575881017E-4, 0.0031330638258739198, 0.0012222219076643962, 0.00354543521148634, 0.0032356471484749653, 1.4823636297632393E-4, 0.002484961699537441, 0.001968628182731419, 0.0024201357170304974, 5.195028239157187E-4, 0.003701465535874229, 0.0030837975679985953, 0.0029420551769953835, 0.006665570303816448, 0.013369407105417829, 0.001908607871132062, 0.003665644128601152, 0.001863403603718607, 0.0019939225667578325, 0.004429703474257919, 0.012387834852181503, 0.0038124964608293854, 0.0069114665588254475, 0.0023619667933521653, 0.017126019771076854, 0.01621589845310361, 0.00508845724948735, 0.03535627495551193, 0.024332459830784876, 0.037369901897626685
0.0010128186068722239, 0.0012749348649268618, 0.0016048448836475826, 0.0020200579462613852, 0.0025425903076555316, 0.003200126155869954, 0.004027436761883369, 0.0050682191563082716, 0.0063772813826569455, 0.008023447814323731, 0.010092847011312592, 0.01269337010782868, 0.015959812369252622, 0.02006032680244941, 0.02520376387624022, 0.03164964269369258, 0.03971812309485569, 0.049802481193456566, 0.06238198452124553, 0.07803824239843368, 0.0974674628244408, 0.12147570029854436, 0.15100629455411244, 0.1870937385546791, 0.23088525488608036, 0.28346192412615207, 0.3456975389867324, 0.4181542452780501, 0.5006453266844815, 0.5921914275734783, 0.6887723848895897, 0.7856335526337961, 0.8758725224182689, 0.9477483544130072, 0.9898194249904756, 0.9983788205419619, 0.9722275182659473, 0.9299638697757062, 0.8889813300651487, 0.8959121111438623, 0.9319119700359105, 0.987855294919424, 0.9961270788113109, 0.9703379004851251, 0.9625252744039997, 0.9940325433623802, 0.990166090725744, 0.9837169458946282, 0.9998638053172438, 0.987436531692049, 0.998586934796383, 0.993944482133402, 0.9933802924923477, 0.9996757027164643, 0.9990668092525599, 0.9998083060936297, 0.9991183121525983, 0.9971805298478051, 0.9990580456269524, 0.9992544796662775, 0.9999797137395515, 0.9998289895969796, 0.9999607269224221, 0.9992896447192551, 0.9997711279179096, 0.99994752667555, 0.9998885632294464, 0.9994429995111717, 0.9996975286528841, 0.9999200366961793, 0.9997665901534964, 0.9992957558492548, 0.9997555787329618, 0.998536294725786, 0.998334683567241, 0.9994525390801086, 0.9988316375183831, 0.9990206396896625, 0.9998785550911771, 0.9990694418201087, 0.9878586162233646, 0.9881485854526838, 0.999432901608636, 0.9999971668523329, 0.9996943678260114, 0.9970567131021632, 0.9995699651091507, 0.9934330188610166, 0.9856837097172858, 0.9883923214885596, 0.9810206852906231, 0.999966913863256, 0.9944646092539243, 0.9983279444768357, 0.9868238629545939, 0.9804614990361884, 0.9850996633894467, 0.9823315443553853, 0.9977644679821634, 0.9984768296415488, 0.9965786790967583
0.998987183251103, 0.9987250677298888, 0.9983951518074013, 0.9979799410143037, 0.9974574117897255, 0.9967998758809653, 0.9959725654841923, 0.9949317803199765, 0.9936227196507356, 0.9919765504451853, 0.9899071497490044, 0.9873066285792846, 0.9840401890848798, 0.9799396749305171, 0.9747962387210849, 0.9683503575375119, 0.9602818774428228, 0.9501975180950406, 0.9376180168128696, 0.9219617566454646, 0.9025325388967443, 0.8785243052748881, 0.8489937068785413, 0.8129062612655936, 0.7691147447982688, 0.7165380795713937, 0.6543024608306787, 0.5818457551550353, 0.499354673682169, 0.40780857303236284, 0.31122761754268213, 0.21436644593433277, 0.12412747965027668, 0.05225164368754499, 0.010180577359674174, 0.0016211781053364974, 0.027772479689740674, 0.0700361307112165, 0.11101866784050425, 0.10408788918410689, 0.06808803301720558, 0.012144705194637362, 0.0038729214080962713, 0.029662098730752828, 0.03747472657013419, 0.0059674571741803175, 0.009833910042194666, 0.016283054586713114, 1.361936490685731E-4, 0.012563467890614652, 0.0014130647866437652, 0.006055518813992501, 0.006619704772864694, 3.242959830686792E-4, 9.331911202549748E-4, 1.9169262635766217E-4, 8.816878789420007E-4, 0.0028194701553665735, 9.41954365766095E-4, 7.455203328813188E-4, 2.0286258849168027E-5, 1.7101040505729874E-4, 3.927307874674953E-5, 7.103553061931872E-4, 2.2887208320936434E-4, 5.2473325044323336E-5, 1.1143677145931957E-4, 5.570004934253976E-4, 3.024713493070731E-4, 7.996330463777823E-5, 2.3340986464153804E-4, 7.042441575978209E-4, 2.444212674852939E-4, 0.0014637052744119069, 0.0016653164329758384, 5.474609201103366E-4, 0.0011683624816842839, 9.793603104750741E-4, 1.2144490951871036E-4, 9.305581802663202E-4, 0.012141383778084497, 0.011851414547299991, 5.670983919146389E-4, 2.833141228362703E-6, 3.056327701289385E-4, 0.002943286897081899, 4.30034891258376E-4, 0.006566981140317154, 0.014316290283594237, 0.01160767851177288, 0.01897931472371243, 3.30861377512485E-5, 0.005535390746111834, 0.0016720555233641558, 0.013176137047560238, 0.019538500808208056, 0.01490033664075373, 0.01766845564281851, 0.002235532027539742, 0.0015231703463578754, 0.003421320890256241
0.0010128184291254999, 0.0012749346945750556, 0.0016048445682255586, 0.0020200578856151355, 0.0025425911410169913, 0.0032001258531006343, 0.004027438464893466, 0.005068219199381513, 0.00637729596494071, 0.00802345177235964, 0.010092869449450122, 0.012693378787297628, 0.01595979118705033, 0.020060235466500848, 0.025203793034497813, 0.0316495085566227, 0.039718455872928396, 0.04980247928077049, 0.062381725952852345, 0.07804051716399707, 0.09746566129243052, 0.12147822871823495, 0.15100090271862252, 0.18711002872606225, 0.23088603520526385, 0.2834931167245527, 0.34568708742941834, 0.41820567096192157, 0.5007271434603298, 0.5922346067772609, 0.6892245291061116, 0.7858030058580954, 0.8753494590289771, 0.9470848683374642, 0.9906303215892027, 0.9984563598148376, 0.9723263772338551, 0.9236997130183678, 0.8907499209482588, 0.8925388661034475, 0.9360105893065414, 0.9860197787094938, 0.9972645216051191, 0.970064494000795, 0.9648728928917943, 0.9971026183992198, 0.9912269709632803, 0.9807602455596739, 0.9998650454432154, 0.9865083890728658, 0.9992363690797929, 0.9925497959076743, 0.9955621377596031, 0.9990483538019702, 0.9998033068204772, 0.9985970418439355, 0.9998275425771559, 0.9992403287371504, 0.9992443990680446, 0.9995493421435098, 0.9995297451367395, 0.9992419194522612, 0.9995577532861503, 0.9985142185098902, 0.9998953106230003, 0.9981253873170695, 0.9995849599594671, 0.9991528579629942, 0.9999142414546569, 0.9994014640972781, 0.9992829356953392, 0.9996579741496564, 0.9995373558281447, 0.9965811851540989, 0.9988244286940541, 0.9991637524355289, 0.9987525904813387, 0.9925317572749495, 0.9988392195876483, 0.9932654270151978, 0.9959845466290999, 0.9982746364029355, 0.9991251034208709, 0.9889312287083102, 0.9977935078056923, 0.9846488010017428, 0.9971175602629329, 0.9994560129252349, 0.9964705942821477, 0.9964564282284912, 0.9979920419741513, 0.9890696851243673, 0.998176989039159, 0.9943605087009546, 0.9851436980860456, 0.9890691793213139, 0.9965599989646757, 0.9744631242483875, 0.9977427923242833, 0.9825201270395325, 0.9936754246046942
0.9989871832556199, 0.9987250679603186, 0.9983951523547284, 0.9979799411623959, 0.9974574105740419, 0.9967998761411625, 0.9959725635676853, 0.9949317802990849, 0.9936227050575508, 0.9919765464782059, 0.9899071273534024, 0.9873066198933417, 0.9840402099580587, 0.9799397663938588, 0.9747962099380025, 0.9683504916845952, 0.9602815447113939, 0.9501975201442633, 0.9376182753916473, 0.9219594818456065, 0.9025343405135033, 0.8785217765817502, 0.8489990990879698, 0.8128899710999491, 0.7691139643894017, 0.7165068871631319, 0.6543129123923738, 0.5817943295055188, 0.49927285689952117, 0.40776539376364945, 0.3107754732190025, 0.21419699289087854, 0.12465054307480224, 0.05291512987324591, 0.009369680727555143, 0.001543638999613391, 0.027673621041399636, 0.07630028740165827, 0.10925007695627643, 0.10746113419852962, 0.06398941353725414, 0.01398022143033794, 0.002735478641923948, 0.029935505193278922, 0.03512710808439196, 0.0028973821113438803, 0.00877302987550069, 0.01923975492766301, 1.3495348905632435E-4, 0.013491610490168147, 7.636305481499764E-4, 0.007450204706055494, 0.004437859559979486, 9.51644876778088E-4, 1.966952514772055E-4, 0.0014029539304169934, 1.7245756424711905E-4, 7.596712673267515E-4, 7.556009306760541E-4, 4.506578558499851E-4, 4.7025486228577997E-4, 7.580805493449947E-4, 4.422467158742994E-4, 0.0014857814920001822, 1.0468937864524098E-4, 0.0018746126835342454, 4.1504004181008793E-4, 8.471420376961156E-4, 8.575854596796353E-5, 5.985359032963465E-4, 7.170643072022737E-4, 3.420258508422727E-4, 4.626441728606133E-4, 0.003418814846691619, 0.0011755713060417712, 8.362475648527387E-4, 0.0012474095187649083, 0.007468242725128601, 0.001160780412365685, 0.006734572985313299, 0.004015453371053923, 0.0017253635971542839, 8.748965799794139E-4, 0.011068771277600543, 0.0022064922558530974, 0.015351198997998626, 0.0028824397562250545, 5.439870753230962E-4, 0.0035294057186202763, 0.0035435717808194106, 0.002007958033739018, 0.010930314891060292, 0.0018230109600620493, 0.0056394912990962555, 0.0148563019141571, 0.010930820640695664, 0.003440001068437821, 0.02553687575092971, 0.0022572076763943995, 0.017479872958641895, 0.0063245753933364795
0.001012818645562117, 0.0012749346760976695, 0.0016048447243644894, 0.002020057795040032, 0.002542592469891959, 0.0032001253186938407, 0.004027438125486022, 0.00506821527127454, 0.006377293716145331, 0.008023435120133614, 0.01009287326920414, 0.012693389556850627, 0.015959841040789104, 0.020060357916851804, 0.025203622243158672, 0.03164975308077096, 0.03971822168845411, 0.04980264787026389, 0.062383538564018036, 0.07803850667356702, 0.09746500861928566, 0.12147931703262982, 0.15099817968110626, 0.1871185770277768, 0.23088991909218415, 0.28341290114996287, 0.3456733841573529, 0.41829200664436794, 0.500765081690111, 0.5921586936093223, 0.6889562704356456, 0.7858256025273397, 0.8759118900572039, 0.946264844011656, 0.9906747592400201, 0.9986436835535822, 0.9727756855420809, 0.9286991664149641, 0.8844350614134155, 0.8890326729445568, 0.9345845133379448, 0.9850714628874575, 0.9976837698978214, 0.9660867978639819, 0.9647389227492451, 0.9955174526327011, 0.992135701500377, 0.9818026817752717, 0.9997755624691932, 0.9864158601315458, 0.9991140883405488, 0.9960915614810253, 0.9968144540468129, 0.9983004384568447, 0.9999288131770478, 0.9998631595772428, 0.9997615521376937, 0.9989192005252383, 0.9989921235270514, 0.9992984409447929, 0.9998168379812283, 0.9999663609272506, 0.9997780025897013, 0.9989896033696452, 0.9998376197840673, 0.9998269725782722, 0.998992366064666, 0.9993619025257706, 0.9998740943674219, 0.9994805841198032, 0.9998698294400894, 0.9982881585088328, 0.9979896178286333, 0.999596271138545, 0.9994702230995175, 0.9995421085774084, 0.9996313527324421, 0.9984422099163757, 0.9976653392677488, 0.9994393433140294, 0.9931095925678868, 0.9992870654880419, 0.9995214261022558, 0.9993928371700846, 0.9982591423409545, 0.997111531319419, 0.9854348491743173, 0.9911706898914643, 0.9985850560253288, 0.9915199327835886, 0.9941223617428555, 0.9994670044770105, 0.9874598567215718, 0.9850906260030817, 0.9662485830009852, 0.9904918285111074, 0.9991185161494409, 0.986429117944543, 0.9558895956952229, 0.977670461850635, 0.9840588525782618
0.9989871829364267, 0.9987250679862161, 0.9983951521589665, 0.9979799411089532, 0.9974574093520188, 0.9967998766353935, 0.9959725641972598, 0.9949317842227876, 0.9936227073038283, 0.9919765628044952, 0.9899071234763117, 0.9873066091411775, 0.9840401604762028, 0.9799396439864382, 0.9747963806215352, 0.9683502471516706, 0.9602817789592314, 0.9501973515905311, 0.9376164627386772, 0.9219614921537351, 0.9025349934701884, 0.8785206880568746, 0.8490018220292869, 0.8128814228256399, 0.7691100805219765, 0.7165871026178258, 0.6543266156521282, 0.5817079938189519, 0.49923491868551395, 0.40784130707165334, 0.31104373219370973, 0.21417439625688475, 0.12408811194256758, 0.053735154073612706, 0.009325243075658277, 0.0013563151003230937, 0.02722431262547368, 0.0713008339744103, 0.11556493648438085, 0.11096732736468161, 0.06541549004594874, 0.0149285372365109, 0.002316230336711378, 0.03391320134816612, 0.03526107832388796, 0.004482547868563914, 0.007864299356621654, 0.01819731870859323, 2.2443649790180678E-4, 0.013584139430314104, 8.859111998477103E-4, 0.003908439136911067, 0.0031855429072066535, 0.0016995604298761637, 7.118910445474828E-5, 1.368354304418869E-4, 2.3844838141840496E-4, 0.001080799478513135, 0.001007876173628976, 7.015590541864404E-4, 1.831620171494634E-4, 3.363907517590793E-5, 2.2199742153993185E-4, 0.0010103966322522488, 1.623802164901951E-4, 1.7302742400369096E-4, 0.0010076339360123882, 6.380974761344089E-4, 1.2590563324751795E-4, 5.194158804539542E-4, 1.3017056045750637E-4, 0.0017118414912875837, 0.0020103821716315738, 4.037288622735973E-4, 5.297769006844657E-4, 4.5789142298476596E-4, 3.6864726896706747E-4, 0.0015577900836826804, 0.0023346607324300837, 5.60656686147318E-4, 0.0068904074324543825, 7.129345117928754E-4, 4.7857389856531936E-4, 6.071628295207002E-4, 0.0017408577337881908, 0.0028884686795060217, 0.014565150826779642, 0.008829310109799161, 0.0014149439749809554, 0.008480067216507793, 0.00587763826473831, 5.329955231249416E-4, 0.012540143278111237, 0.014909374007601615, 0.033751417001782386, 0.009508171468507567, 8.814838557437163E-4, 0.013570882054372945, 0.04411040432347004, 0.022329538138711982, 0.015941147392691372
0.0010128186208577185, 0.0012749349025267447, 0.0016048449225386742, 0.0020200578955737697, 0.0025425912298898934, 0.0032001252987967966, 0.004027438134560521, 0.005068215301308369, 0.006377302389244516, 0.008023444592090982, 0.01009286061470611, 0.012693387274520858, 0.015959834872263448, 0.020060268323251, 0.025203996403032815, 0.03164962635391711, 0.039718027101486156, 0.04980242257574397, 0.062382590170459495, 0.07803784317418556, 0.09746510483146466, 0.12147419075099483, 0.1510034906291985, 0.18711578322331882, 0.2308722220354107, 0.28340279485071235, 0.3456948937425871, 0.41821776382712794, 0.5008034730070924, 0.5922810424632009, 0.6889122609025331, 0.7860865711860777, 0.8760083270103096, 0.9467392941951651, 0.9903509257702657, 0.9986371923933971, 0.9712238395806808, 0.9239854149196532, 0.8857887810314221, 0.8913473108090664, 0.9370043874311368, 0.9822778928376457, 0.9974371240988067, 0.9678941399851951, 0.9636391893345875, 0.9961149923603908, 0.9912804647104976, 0.9802473342870184, 0.9998331682624222, 0.987588290661615, 0.9990163532762749, 0.9951609995164171, 0.9948763758748181, 0.9995321946140114, 0.9999871217785365, 0.99972722739177, 0.9999961911641355, 0.998908936866913, 0.9987094014252247, 0.9988915729530525, 0.9999366204404132, 0.9997879849277956, 0.999472292575714, 0.9998816461823331, 0.9995367842789364, 0.999839356596949, 0.9993994307951667, 0.9985183066884632, 0.9989698503856599, 0.9997297718197198, 0.9989805627052133, 0.999488970409066, 0.9991225898252626, 0.9985644923288562, 0.9972393003902188, 0.9973776667884982, 0.9994188970845725, 0.9984728134279357, 0.9992311175564923, 0.9985306486443488, 0.991109736573209, 0.9970661383854683, 0.9947216539858557, 0.9926490022723218, 0.9980054231309928, 0.9938145111289606, 0.9963750622534969, 0.9998175776964645, 0.9957613593249856, 0.994804146538248, 0.994365942536176, 0.9903013782810354, 0.9718934315770614, 0.9857654093925653, 0.9741905533992545, 0.9786165882059691, 0.9789934909213939, 0.9932390999203505, 0.9945698449363307, 0.932258873603851, 0.9905658075677228
0.9989871832178768, 0.998725067734392, 0.9983951513032674, 0.9979799410648142, 0.99745741048462, 0.9967998766966362, 0.9959725641810614, 0.994931784192371, 0.9936226985750533, 0.991976553537043, 0.9899071361795032, 0.9873066114171206, 0.9840401666395545, 0.9799397335762329, 0.9747960061866543, 0.9683503738853162, 0.9602819735539397, 0.9501975768861527, 0.9376174110684147, 0.9219621559123463, 0.9025348972449476, 0.8785258142613714, 0.8489965111795311, 0.812884216630624, 0.7691277776237128, 0.716597209171824, 0.6543051060415689, 0.5817822366301121, 0.4991965274184138, 0.40771895807336345, 0.3110877414815001, 0.21391342766786708, 0.12399167497636032, 0.05326070387279585, 0.00964907656240974, 0.0013628062130422115, 0.028776158519795578, 0.07601458548901883, 0.11421121691113838, 0.10865268956973474, 0.0629956157553566, 0.017722107284034606, 0.0025628762072351296, 0.03210585931097121, 0.03636081169363378, 0.0038850082147004607, 0.00871953613666393, 0.01975266619984051, 1.6683069838375442E-4, 0.012411708900516122, 9.836463240022776E-4, 0.0048390013539835125, 0.005123621004714966, 4.6780399207529445E-4, 1.287988430423035E-5, 2.727691616744392E-4, 3.8091718948683733E-6, 0.0010910631355117726, 0.001290598573847615, 0.001108427046004108, 6.337955881999207E-5, 2.120150735953168E-4, 5.277074251195584E-4, 1.1835383209203785E-4, 4.6321572450763076E-4, 1.606434044639697E-4, 6.005692051906115E-4, 0.0014816933119220484, 0.0010301496153273335, 2.70228184809136E-4, 0.0010194372952660657, 5.110295912025521E-4, 8.77410175040598E-4, 0.0014355076712197195, 0.002760699609917642, 0.0026223332116206742, 5.811029158552164E-4, 0.0015271865735953004, 7.688824435809432E-4, 0.0014693513570264408, 0.00889026343302266, 0.0029338616145771425, 0.005278346015461088, 0.0073509977275065305, 0.001994576915528893, 0.006185488870840557, 0.0036249377468250466, 1.8242230380265307E-4, 0.004238640676322349, 0.0051958534638747, 0.005634057470807479, 0.009698621720032947, 0.028106568422717176, 0.014234590607681391, 0.025809446601226513, 0.0213834117668392, 0.021006509111450255, 0.006760900079489185, 0.005430155064680172, 0.06774112638534374, 0.009434192430353927
0.0010128186153477217, 0.0012749347478564176, 0.0016048443918015272, 0.0020200579395382844, 0.0025425921051067976, 0.00320012548186629, 0.0040274381486186655, 0.005068215680818849, 0.006377299766111117, 0.008023438697585948, 0.010092854473156661, 0.01269340103339142, 0.01595980739748886, 0.02006020290466988, 0.02520381023780719, 0.03164986822724971, 0.039717784033162146, 0.04980279044441005, 0.06238226329892152, 0.07803862040153488, 0.09746651989004637, 0.12147519454934329, 0.15100690019177165, 0.18709538457478198, 0.23090586952818856, 0.28340583063793445, 0.34567142340952267, 0.41825427053022546, 0.5007957906364112, 0.5921940887410061, 0.6888878504899208, 0.7862885581292468, 0.8751653517783203, 0.9469714098623083, 0.9903860990063791, 0.9986774849366882, 0.9729215317621279, 0.929224423033678, 0.8931830887275537, 0.8852755292178681, 0.935199858332049, 0.985807990130262, 0.9966107925140806, 0.9664297927722765, 0.9640630029679699, 0.996855728157646, 0.9894946261041335, 0.979205257254956, 0.9999235876231474, 0.9840977871557552, 0.9995830840835109, 0.9942699349220444, 0.9949081921402084, 0.9983420071278741, 0.9995430214732467, 0.99954666510854, 0.9990060217101208, 0.9987284215898589, 0.9984323809716418, 0.9993363510639616, 0.9995320798810149, 0.999714216160619, 0.9997623938053761, 0.9991385011813578, 0.9993235754802471, 0.9999394618493063, 0.9999613512087753, 0.9993693426088108, 0.9997900359276171, 0.9999187708208512, 0.9994398018752543, 0.9989665623824838, 0.9998761129870987, 0.9992791030695002, 0.9944460063137561, 0.9976213291042108, 0.9988607253283494, 0.9988695150732826, 0.9979188840425339, 0.9998029089991547, 0.9978325626791082, 0.99646252031098, 0.9958842712387733, 0.9977820681166185, 0.9961495110737957, 0.9996877255675717, 0.9882444252660196, 0.9999335980417813, 0.9955792147730551, 0.9989047645262449, 0.9927552186160784, 0.9922289279716514, 0.9958749413123527, 0.9949588011037098, 0.9996329551237388, 0.9886219902424084, 0.9599066566302245, 0.9974433520706121, 0.9789158638495149, 0.9743257260797699, 0.9407350562506741
0.9989871830712465, 0.9987250679309714, 0.9983951525197042, 0.997979940969019, 0.9974574094880568, 0.9967998765299392, 0.9959725638197754, 0.994931783783207, 0.993622701140984, 0.9919765591785404, 0.9899071421143093, 0.9873065978579701, 0.9840401940507167, 0.9799397989237243, 0.9747961923515298, 0.9683501320086894, 0.9602822164825984, 0.9501972089874163, 0.9376177378400811, 0.9219613785479893, 0.9025334821823976, 0.878524810404377, 0.848993101301573, 0.8129046152884778, 0.769094130129573, 0.7165941728561587, 0.6543285764225832, 0.5817457299256611, 0.4992042097251732, 0.40780591178331776, 0.311112151960885, 0.2137114406338406, 0.12483465060122484, 0.05302858819547762, 0.00961390368569058, 0.0013225137125959185, 0.027078466512798754, 0.07077557737443704, 0.10681690922489986, 0.1147244711843543, 0.06480014487596053, 0.014192010017193947, 0.0033892077211688373, 0.03357020644897273, 0.035936998059223554, 0.00314427239003344, 0.010505374650551583, 0.020794743224944186, 7.641134951011445E-5, 0.015902212391960997, 4.1691551351622506E-4, 0.005730066043105497, 0.005091805024452681, 0.0016579913707937984, 4.569806229535113E-4, 4.5333060182301015E-4, 9.939785357915506E-4, 0.0012715784860883818, 0.0015676190277290093, 6.636489316256947E-4, 4.6792011817996894E-4, 2.8578384122007766E-4, 2.3760619616051919E-4, 8.614988194575364E-4, 6.764245208181396E-4, 6.053815876271661E-5, 3.8648791875784055E-5, 6.306573925587418E-4, 2.0996407505570805E-4, 8.122918030438906E-5, 5.601981250323552E-4, 0.0010334376177587505, 1.238870131031989E-4, 7.208969317769292E-4, 0.005553993687325374, 0.0023786708959985022, 0.0011392746719390255, 0.0011304849267276167, 0.002081115957868749, 1.9709100118053046E-4, 0.0021674373211159653, 0.0035374796889615003, 0.0041157287615580735, 0.002217931880224677, 0.0038504890114159436, 3.1227443235118586E-4, 0.011755574737144517, 6.640196012208395E-5, 0.004420785228520215, 0.0010952354751838872, 0.0072447813862878355, 0.007771072029888469, 0.004125058687522524, 0.00504119889644114, 3.6704487851351976E-4, 0.011378009743225788, 0.040093343375391555, 0.0025566479187610447, 0.021084136151312226, 0.025674273919129156, 0.05926494374824663