1.0E-4, 1.122018454301963E-4, 1.258925411794166E-4, 1.4125375446227524E-4, 1.584893192461111E-4, 1.7782794100389192E-4, 1.9952623149688747E-4, 2.2387211385683332E-4, 2.511886431509572E-4, 2.8183829312644436E-4, 3.1622776601683664E-4, 3.5481338923357386E-4, 3.981071705534953E-4, 4.466835921509607E-4, 5.011872336272694E-4, 5.623413251903456E-4, 6.309573444801891E-4, 7.07945784384133E-4, 7.943282347242757E-4, 8.912509381337386E-4, 9.999999999999918E-4, 0.0011220184543019537, 0.0012589254117941558, 0.001412537544622741, 0.0015848931924610978, 0.0017782794100389045, 0.0019952623149688585, 0.0022387211385683147, 0.0025118864315095512, 0.0028183829312644205, 0.0031622776601683404, 0.0035481338923357094, 0.0039810717055349205, 0.004466835921509571, 0.0050118723362726535, 0.00562341325190341, 0.006309573444801839, 0.007079457843841272, 0.007943282347242692, 0.008912509381337313, 0.009999999999999837, 0.011220184543019452, 0.012589254117941468, 0.014125375446227316, 0.01584893192461088, 0.017782794100388945, 0.019952623149688483, 0.022387211385683045, 0.02511886431509541, 0.028183829312644102, 0.031622776601683306, 0.035481338923357, 0.039810717055349124, 0.04466835921509564, 0.05011872336272648, 0.05623413251903407, 0.0630957344480184, 0.07079457843841276, 0.079432823472427, 0.08912509381337327, 0.09999999999999856, 0.11220184543019475, 0.12589254117941495, 0.14125375446227345, 0.15848931924610915, 0.17782794100388982, 0.19952623149688523, 0.22387211385683092, 0.2511886431509546, 0.2818382931264416, 0.3162277660168337, 0.35481338923357075, 0.39810717055349193, 0.44668359215095715, 0.5011872336272656, 0.5623413251903415, 0.6309573444801848, 0.7079457843841284, 0.7943282347242708, 0.8912509381337336, 0.9999999999999866, 1.1220184543019482, 1.2589254117941502, 1.4125375446227353, 1.5848931924610923, 1.778279410038899, 1.9952623149688529, 2.2387211385683092, 2.5118864315095464, 2.8183829312644155, 3.1622776601683364, 3.548133892335707, 3.9810717055349194, 4.466835921509572, 5.011872336272657, 5.6234132519034175, 6.309573444801851, 7.079457843841288, 7.943282347242714, 8.912509381337342, 10.0
2.0850921646194196E-6, 1.986688755183484E-6, 2.1681373254139766E-6, 2.0793702701532646E-6, 2.1111091323497764E-6, 2.3406427231029066E-6, 2.6664301040766653E-6, 1.912198450800943E-6, 2.326803151243087E-6, 1.8272330663511868E-6, 1.8707659070059056E-6, 1.6705506149738072E-6, 2.7731379070473175E-6, 2.5762622451658587E-6, 2.0078793092315298E-6, 2.7572476536710606E-6, 2.1693739303394053E-6, 2.44037609400656E-6, 1.7931060304787808E-6, 3.241088756806358E-6, 4.5565487715031234E-7, 8.331333607441137E-7, 5.978770201571411E-6, 2.161896504789927E-6, 1.7177027248055362E-6, 2.246902237341173E-6, 4.410847053174208E-6, 3.4751932915972045E-6, 5.565535423616885E-6, 1.509068198530429E-6, 5.605406178733056E-7, 3.0030317972460435E-6, 6.381500281644404E-6, 6.735901569015367E-6, 1.1908537107806304E-5, 2.4187298360125713E-6, 1.651168856062696E-6, 8.118381943761752E-7, 2.3013007590575763E-5, 5.992748300786349E-5, 5.256586911499181E-6, 2.5711581599554187E-5, 2.991285886839486E-5, 2.0037139187248988E-5, 7.825952075206378E-6, 2.3690966695511117E-4, 1.6979918026975368E-4, 2.1857892567452703E-4, 2.773209568238552E-4, 1.266200778392161E-5, 5.754343428106271E-4, 8.788477371696212E-5, 8.105099188913767E-5, 1.4027156106484134E-4, 1.209040650328068E-4, 0.0012619547179213212, 0.0010212187987474483, 0.0016399135325161453, 1.901051702859137E-4, 9.362680362907496E-4, 0.001497173592530095, 0.010436213743200872, 7.204242292683671E-4, 0.003688022377177039, 0.0010733984412224968, 7.788752656719228E-4, 0.0035154473847522224, 8.330603013104666E-4, 0.10365334459783102, 0.009210173221825131, 0.02666866326585805, 0.01804447838205207, 0.015221071023393904, 0.0031534155468749053, 0.12023618020761138, 0.05969863575313666, 0.15296841075598788, 0.03960760417897268, 0.4394331139441676, 0.018187315853809276, 0.2992020408099389, 0.20473823183779608, 0.764330338537037, 0.3148512493056118, 0.0282603767519084, 0.3826316811284441, 0.12511111014364615, 0.8196561679077856, 0.3728141013904558, 0.29370514053855123, 0.5039903139315098, 0.5196301826141998, 0.7415805368365589, 0.3351354222373848, 0.5897409855698781, 0.2506183545188684, 0.1720154016395893, 0.7327937370936148, 0.8448374782219221, 0.3088807959575938, 0.37160089556097614
0.9999979159221782, 0.9999980134887252, 0.9999978328506224, 0.9999979208467051, 0.9999978891063674, 0.9999976603499059, 0.9999973338230773, 0.9999980879963533, 0.9999976733735071, 0.9999981728569244, 0.9999981293329616, 0.9999983297886037, 0.9999972270710203, 0.9999974239059931, 0.9999979921764722, 0.9999972428224022, 0.9999978307670147, 0.9999975597197809, 0.9999982069574493, 0.9999967589789386, 0.9999995443726668, 0.9999991669477855, 0.9999940213068474, 0.9999978381824416, 0.9999982823415091, 0.9999977531299977, 0.9999955892433714, 0.999996525069273, 0.999994434506272, 0.9999984909716413, 0.99999943946371, 0.9999969970060082, 0.99999361853648, 0.9999932641045368, 0.9999880914894874, 0.9999975812988914, 0.9999983488375409, 0.9999991882591244, 0.9999769869949225, 0.9999400725218632, 0.9999947434150891, 0.9999742884208295, 0.9999700871859543, 0.9999799628641357, 0.9999921740488456, 0.9997630903349642, 0.9998302008226932, 0.9997814210750354, 0.9997226790438697, 0.9999873379958996, 0.9994245656577198, 0.999912115269312, 0.9999189490084641, 0.9998597284396399, 0.9998790959358442, 0.9987380452838536, 0.9989787812454931, 0.9983600864679829, 0.9998098948298666, 0.9990637319641061, 0.9985028264076666, 0.9895637862584471, 0.9992795757709876, 0.9963119776231291, 0.9989266015605754, 0.9992211247358885, 0.9964845526172492, 0.9991669396987803, 0.8963466554024878, 0.9907898267784518, 0.9733313367342021, 0.9819555216179401, 0.9847789289767078, 0.996846584453262, 0.8797638197925332, 0.9403013642470917, 0.8470315892438985, 0.960392395821065, 0.5605668860558565, 0.9818126841462135, 0.7007979591901453, 0.7952617681622888, 0.235669661462874, 0.6851487506944557, 0.9717396232481073, 0.6173683188715453, 0.8748888898562109, 0.180343832092342, 0.6271858986095439, 0.7062948594613854, 0.4960096860685453, 0.48036981738582335, 0.2584194631632535, 0.6648645777624804, 0.4102590144301912, 0.7493816454813439, 0.8279845983604175, 0.26720626290633415, 0.1551625217780891, 0.6911192040423355, 0.6283991044390057
1.9936809447053726E-6, 2.164053265601885E-6, 2.0421358248867955E-6, 2.3183224781274314E-6, 2.1412243971351062E-6, 1.6212573958834882E-6, 2.0710959354569833E-6, 2.5070036261594824E-6, 2.1752176802420262E-6, 2.7868592568614333E-6, 1.900062612992034E-6, 1.4593430116029746E-6, 1.7197431699219007E-6, 2.6675990125826442E-6, 1.8018143881934424E-6, 3.246163876814374E-6, 1.223058698635896E-6, 1.7108735350097102E-6, 1.386137642621381E-6, 1.864163303916155E-6, 2.408880360832311E-6, 1.7794401529630513E-6, 1.5780616555854576E-6, 1.1992381366925375E-6, 1.1034676095546948E-6, 3.0215424845312397E-6, 6.312506285995766E-6, 5.670243530090203E-6, 3.487883433427022E-6, 4.946249095770545E-6, 1.580335251434754E-6, 2.0102352486750714E-7, 3.852271606351442E-6, 5.452615342523315E-6, 3.1401995513287002E-6, 8.021486141139177E-6, 1.6722516141626111E-6, 3.734298574965344E-6, 1.2669107777257732E-5, 2.4336915489879244E-5, 1.68578071850252E-5, 2.1641370459432775E-5, 4.7427799378058286E-5, 4.239635781121685E-5, 8.689049658974124E-5, 8.554932007987457E-5, 7.828967817086073E-5, 6.186887880149288E-5, 1.1773679174739815E-4, 1.9467695941612794E-4, 3.8678265577566046E-4, 5.66171429607505E-4, 2.2837838460085906E-4, 8.403424727405896E-5, 9.636461002743659E-5, 6.520217456117571E-5, 0.0013810250669446854, 8.030808098510574E-4, 0.002078111504854963, 2.5557825604183976E-4, 0.001207052675537323, 0.0038607409397776937, 0.0052878512040749346, 0.004801758085108859, 0.009726477076195896, 0.010929181593562503, 0.006744763221215879, 0.013780487731391223, 6.256043103330778E-4, 0.004866281533553895, 0.017544133044596594, 0.04299067075350767, 0.03519525133722971, 0.04191221608917693, 0.11419404635422385, 0.15189851934225718, 0.0413085040308899, 0.18435367781271603, 0.018051095130702438, 0.1576115472126287, 0.2922276756954369, 0.38145638128398185, 0.10739199846785731, 0.10420474257023253, 0.12048842671002562, 0.18968635554178342, 0.4765335005413804, 0.5328747703191514, 0.8555775459134239, 0.3786671806809881, 0.0858987038238725, 0.051112828535000834, 0.46241847516632434, 0.24214963469549708, 0.25069376845465335, 0.7929230849487827, 0.19138622379676984, 0.8724476242526409, 0.007046031579163517, 0.13109500159998994, 0.2659621257997192
0.9999980065830718, 0.9999978361141073, 0.9999979580832644, 0.9999976820120032, 0.9999978588943667, 0.9999983790666013, 0.9999979292202761, 0.9999974931359996, 0.9999978249389743, 0.9999972134091469, 0.9999981002512384, 0.9999985407244745, 0.9999982803390646, 0.9999973327241343, 0.999998198352587, 0.9999967539324573, 0.9999987770703327, 0.9999982891890706, 0.9999986138991797, 0.9999981361216453, 0.999997591150934, 0.9999982208369864, 0.9999984221557509, 0.999998800944558, 0.9999988966996983, 0.9999969785197282, 0.9999936874994017, 0.999994329862094, 0.9999965122557352, 0.9999950537901747, 0.9999984197343285, 0.999999798998144, 0.9999961477607379, 0.9999945473895544, 0.9999968598253743, 0.9999919785159402, 0.9999983279436768, 0.9999962657052807, 0.999987330894761, 0.9999756630884254, 0.999983142194369, 0.999978358631016, 0.999952572201925, 0.999957603643611, 0.9999131095047394, 0.999914450682251, 0.999921710325193, 0.999938131125109, 0.9998822632091471, 0.9998053230417798, 0.999613217370198, 0.9994338285710638, 0.99977162161783, 0.9999159657541566, 0.9999036353910815, 0.9999347978263841, 0.9986189749333854, 0.9991969191904352, 0.9979218884953825, 0.99974442174523, 0.9987929473245556, 0.9961392591228219, 0.994712148799813, 0.9951982419150813, 0.9902735229239006, 0.9890708184064758, 0.9932552367788429, 0.9862195122687583, 0.9993743956896964, 0.9951337184672315, 0.9824558669555353, 0.9570093292464347, 0.9648047486628415, 0.9580877839108667, 0.8858059536457813, 0.8481014806577865, 0.9586914959689739, 0.8156463221873792, 0.981948904869225, 0.8423884527875075, 0.7077723243044544, 0.6185436187159657, 0.8926080015321772, 0.8957952574297708, 0.8795115732902696, 0.8103136444582449, 0.5234664994587198, 0.46712522968077785, 0.14442245408677157, 0.6213328193189166, 0.9141012961761369, 0.9488871714650805, 0.5375815248337616, 0.7578503653043592, 0.7493062315452994, 0.2070769150512366, 0.808613776203426, 0.12755237574729822, 0.9929539684208685, 0.8689049984001852, 0.7340378742002437
2.243600151451344E-6, 2.1298390832126065E-6, 2.071497090361801E-6, 2.116213974708767E-6, 2.2735423941866003E-6, 2.2775310186471513E-6, 2.214978711720242E-6, 2.270975029714099E-6, 2.1923263179660333E-6, 2.5545017052362582E-6, 1.999524928129468E-6, 2.428932912910115E-6, 1.4938431747927076E-6, 2.553186207885447E-6, 1.8951001551168868E-6, 1.659469453462569E-6, 2.2899944582936525E-6, 2.023259958228771E-6, 2.7063414948395577E-6, 3.8088053971140444E-6, 6.349691212925202E-6, 1.914425359288172E-6, 1.5571662734058438E-6, 5.108551373407354E-6, 5.639598279441489E-6, 1.6613840260024561E-6, 1.1211112083924115E-6, 8.319025409517514E-6, 8.743173149683994E-6, 4.218914215296544E-6, 1.2006587948421477E-5, 6.773880397662663E-6, 4.72635200640198E-6, 3.157231143923573E-6, 1.2096492968571884E-6, 2.786719352533864E-6, 9.116639530486959E-8, 6.027283086299292E-7, 1.734202719374107E-5, 1.7107072179632477E-5, 8.967523031020308E-6, 5.239734327870788E-6, 1.6891745826347618E-6, 7.040330604685749E-6, 4.695999843738559E-5, 2.3555619445659003E-5, 1.8257407022384423E-4, 2.63069675122907E-4, 2.1605018989013808E-4, 2.5365691416251077E-4, 3.2822933136263897E-4, 1.9696280668896827E-4, 0.002330268325892655, 1.931257172155448E-4, 3.1128700743776716E-5, 0.0013647862611984663, 3.604402747906943E-4, 4.8366553050335596E-4, 7.419323363162312E-4, 0.0016156193205565375, 0.006889386690549539, 0.008228749277420212, 0.008101234114167683, 0.0031397729656702845, 0.001376007278677701, 0.004261774980915419, 0.006010868151813765, 0.007751229503042234, 0.002191142488564469, 0.018044613607677437, 0.01657325150983396, 0.01243190526065907, 0.10554807963891112, 0.02578300541673883, 0.06344039111929173, 0.052908947021532475, 0.0036927030327517985, 0.05600630566569515, 0.053555372536096026, 0.07993326724738664, 0.24329091529604463, 0.1345761551099591, 0.52895454141947, 0.1035674024810905, 0.2581621705239218, 0.14618641822721182, 0.5928821269143268, 0.42292862119434876, 0.8536862182957708, 0.49629421582738387, 0.5135307289148047, 0.5622624253055516, 0.6430689272336767, 0.04637291410452472, 0.6302358669602602, 0.9018918453574849, 0.21647912711772566, 0.4356203633965568, 0.8000466877078564, 0.47277912630470625, 0.3192861454927323
0.9999977567460782, 0.9999978710168858, 0.9999979287071662, 0.9999978848078587, 0.9999977266056864, 0.9999977226865776, 0.9999977861595994, 0.9999977291152514, 0.9999978078113568, 0.9999974455809678, 0.9999980007223424, 0.9999975711415309, 0.9999985063056975, 0.9999974478151265, 0.9999981049937154, 0.9999983407169785, 0.9999977100671747, 0.9999979769311802, 0.9999972939405926, 0.9999961913106296, 0.9999936511378684, 0.9999980856188949, 0.999998442869204, 0.9999948915036834, 0.9999943604340781, 0.9999983386413582, 0.9999988791502212, 0.9999916811189602, 0.9999912568642023, 0.9999957811101192, 0.9999879934627651, 0.9999932261422496, 0.9999952736537492, 0.9999968428050727, 0.9999987903559053, 0.9999972132840144, 0.9999999089175473, 0.9999993972969559, 0.9999826580019922, 0.9999828929304385, 0.9999910324791115, 0.9999947602871792, 0.999998310858951, 0.9999929597350483, 0.9999530400474244, 0.9999764443814666, 0.9998174259348739, 0.999736930330762, 0.9997839498113851, 0.9997463430867941, 0.999671770693355, 0.9998030371940761, 0.9976697316761836, 0.9998068742833955, 0.9999688713004636, 0.9986352137400889, 0.9996395597262008, 0.9995163344697211, 0.999258067664261, 0.9983843806794601, 0.9931106133105865, 0.9917712507237559, 0.9918987658860282, 0.9968602270349675, 0.9986239927216618, 0.9957382250191946, 0.993989131848761, 0.992248770497191, 0.9978088575115349, 0.9819553863925017, 0.9834267484903818, 0.9875680947395556, 0.8944519203609852, 0.9742169945833065, 0.9365596088807545, 0.9470910529785379, 0.9963072969671821, 0.9439936943343944, 0.9464446274638474, 0.920066732752808, 0.7567090847038322, 0.8654238448903049, 0.47104545858054175, 0.8964325975188876, 0.7418378294761708, 0.8538135817728683, 0.4071178730856416, 0.5770713788055699, 0.14631378170454867, 0.5037057841725229, 0.48646927108517907, 0.43773757469466834, 0.35693107276648584, 0.9536270858953939, 0.36976413303951716, 0.09810815464364367, 0.7835208728822172, 0.5643796366036042, 0.1999533122922447, 0.527220873695324, 0.6807138545071699
2.0877311391394965E-6, 2.269412965733154E-6, 2.1083609525926493E-6, 2.368422248741899E-6, 2.385638988201312E-6, 2.2097097743261253E-6, 2.1511986302941137E-6, 2.2512474471490282E-6, 2.162242573543286E-6, 1.944672779267996E-6, 2.229781783313154E-6, 2.350356973910178E-6, 2.2955492418836757E-6, 2.2325929380609678E-6, 2.68459646235967E-6, 3.631765085619986E-6, 2.199210493683598E-6, 2.978828142059627E-6, 4.0933436923140814E-6, 1.6697489650873815E-6, 1.8277227808474115E-6, 3.3082654178617577E-6, 1.7322460607484325E-6, 3.120598727698287E-6, 1.2669458764743123E-6, 1.0237420519180368E-6, 1.2203745223347105E-6, 4.537446666132569E-6, 2.7393811379689083E-6, 4.238458510281976E-6, 1.3304538080220205E-6, 2.5309048183900605E-6, 1.7394376566447783E-5, 2.0898262573132142E-7, 6.22462492002184E-6, 1.786002127039587E-5, 5.605616593811915E-6, 1.0817120571045708E-5, 3.537325692137193E-6, 3.6863888250350696E-5, 2.3075568547888495E-5, 1.4156987768774366E-6, 8.628768159064231E-6, 2.483395042590204E-4, 9.771441254346619E-5, 1.4156892089890965E-5, 8.389864225278587E-5, 4.4335760069981125E-4, 3.093419076893809E-4, 1.6195991233569534E-4, 6.198759484979186E-4, 3.4361302457547495E-4, 0.0016802637150005722, 0.0017257478054457595, 4.989918155311823E-4, 5.223801554789581E-4, 6.070666359424495E-5, 0.0039870104821774395, 2.563908018808633E-4, 0.002640266561652378, 3.919467271073197E-4, 0.0026849350821241394, 0.0019494026228079034, 9.360273539481633E-4, 0.00115273590718443, 6.61028431382894E-5, 0.001523636322869662, 0.016808644275563844, 0.002037437202944246, 5.014952764167157E-4, 0.02957071349509818, 0.011206520745218078, 0.007207550575844581, 0.12196641336281742, 0.052423639191714506, 0.21535294066664487, 0.11450579926698687, 0.22635765113572606, 0.11308766817425302, 0.055186203098367734, 0.13836487902442698, 0.011936027143123053, 0.07227851784425597, 0.6485674964496912, 0.5062358189722487, 0.07181509249082252, 0.40856670657771976, 0.2282653405704622, 0.026440478676900313, 0.5797536810979405, 0.020872193008771897, 0.7944650712398323, 0.967208057971568, 0.04039519452045131, 0.4563558140588578, 0.31572859287106375, 0.3163466148085847, 0.5253886004058402, 0.7896504410880971, 0.8297618021846247, 0.6460095947217723
0.9999979124667342, 0.9999977308637247, 0.9999978926683135, 0.9999976316620167, 0.9999976145477121, 0.9999977904603286, 0.9999978489330259, 0.9999977497544097, 0.9999978378548849, 0.9999980555136465, 0.9999977703814691, 0.9999976497573625, 0.999997704551586, 0.9999977675406662, 0.9999973156131576, 0.9999963683434606, 0.9999978009130627, 0.9999970212369109, 0.9999959068521272, 0.9999983303077932, 0.999998172308887, 0.9999966918318632, 0.9999982678270783, 0.9999968794982369, 0.9999987330986356, 0.9999989762971808, 0.999998779653409, 0.999995462583825, 0.9999972606584472, 0.9999957615726616, 0.9999986695989945, 0.9999974691164725, 0.9999826056860126, 0.9999997910222688, 0.999993775377967, 0.9999821399833326, 0.9999943944248506, 0.999989182904044, 0.9999964627283752, 0.999963136133578, 0.9999769244332948, 0.9999985843037845, 0.9999913712337399, 0.9997516604965819, 0.9999022855895155, 0.9999858431092213, 0.9999161013596959, 0.9995566424008461, 0.9996906580956457, 0.9998380400888875, 0.999380124052529, 0.9996563869762641, 0.9983197362852427, 0.9982742521951605, 0.9995010081849564, 0.9994776198451865, 0.9999392933399522, 0.9960129895187835, 0.9997436092003661, 0.9973597334679382, 0.9996080532730928, 0.9973150649192425, 0.9980505973774277, 0.9990639726462031, 0.998847264092845, 0.9999338971571438, 0.998476363677176, 0.9831913557246367, 0.9979625627971682, 0.9994985047235057, 0.9704292865049486, 0.9887934792546945, 0.9927924494242631, 0.8780335866372915, 0.9475763608085269, 0.784647059333604, 0.8854942007332722, 0.7736423488645487, 0.886912331825722, 0.9448137969015874, 0.8616351209756964, 0.9880639728568583, 0.927721482155872, 0.35143250355046585, 0.4937641810277641, 0.9281849075091688, 0.5914332934223737, 0.7717346594293705, 0.9735595213230442, 0.4202463189021513, 0.979127806991234, 0.2055349287600349, 0.03279194202850914, 0.959604805479682, 0.5436441859409982, 0.6842714071288679, 0.6836533851915078, 0.47461139959416376, 0.21034955891198287, 0.17023819781534702, 0.3539904052781828
2.4270300654284783E-6, 2.1978619341972925E-6, 2.1482640360643802E-6, 2.2341683922564628E-6, 2.0285933037604047E-6, 2.0528049539783456E-6, 2.5011705133428835E-6, 2.3683203381556674E-6, 2.3473122966111373E-6, 2.688572043924488E-6, 2.2090525573308006E-6, 2.2032248376264805E-6, 2.166334430441266E-6, 1.949405906770398E-6, 2.1717372226555476E-6, 1.5009756447588903E-6, 1.8959297874424194E-6, 2.3750977760422143E-6, 2.192598886581665E-6, 2.044657824561655E-6, 1.2756350032615616E-6, 1.2857483350862632E-6, 5.1629070653631805E-6, 2.5234323126188734E-6, 3.6123842225084473E-6, 2.5283384336358456E-6, 4.694681449664582E-6, 2.9332384133347064E-6, 2.1703808943198057E-6, 1.2870794113974337E-5, 6.2009444758064015E-6, 4.2505829405199156E-6, 2.6649654889549158E-6, 4.649382929326894E-6, 3.29531141193881E-7, 9.100444426137507E-6, 1.7849916029017974E-5, 4.932603448934362E-5, 9.424665751594183E-7, 1.242062047756758E-6, 1.2807035213805948E-5, 4.6000802832286125E-5, 1.4585651657825242E-6, 4.4340394078470776E-5, 3.913749288469676E-6, 4.7118625291504744E-5, 1.5302971452735696E-4, 1.0906314019468921E-4, 3.6870935276578105E-4, 5.4434664397052126E-5, 1.6331924311243682E-4, 0.0015734510961331956, 5.845493740802882E-4, 6.504926135757859E-4, 0.0011479240495722344, 5.903552845365277E-4, 6.171993110903971E-4, 3.9178404756427685E-4, 8.091767257749142E-4, 6.670232974457477E-4, 0.002533170800493032, 0.0026920848010297685, 4.7669301737255916E-4, 0.0014626552515018807, 0.0018595327924724485, 0.0010233952350356466, 0.05059198576828216, 0.03548016094078688, 0.0327521977085618, 0.00721861419432154, 0.05070453451357802, 0.004669208507921822, 0.010048506251921364, 0.036535579335343626, 0.014807313904489642, 0.019729575612173415, 0.003021703342766616, 0.007788731848609571, 0.04568298450108695, 0.06997832869512488, 0.6292515441995198, 0.2119977981973288, 0.08024120945342034, 0.1633342666568366, 0.3289637543311071, 0.2043744281234609, 0.25198138478701787, 0.33575893035811366, 0.5083026163429301, 0.805300344106537, 0.5669224175135364, 0.7303904115379631, 0.976449444779663, 0.3493087264060735, 0.5559023816580492, 0.03187590044187826, 0.0498754449630391, 0.5192877917185358, 0.5055922992163517, 0.47874023941834803, 0.6413252289487726
0.9999975740851132, 0.999997802375235, 0.9999978518772512, 0.9999977660459268, 0.9999979715859262, 0.9999979473702042, 0.9999974998547656, 0.9999976318249905, 0.999997652810039, 0.999997312481644, 0.999997791003073, 0.9999977978877278, 0.9999978338324136, 0.9999980506721157, 0.9999978284152667, 0.9999984991194029, 0.9999981041440368, 0.9999976249705161, 0.9999978074533961, 0.9999979554025202, 0.9999987244560916, 0.9999987144876258, 0.9999948371219932, 0.999997476617446, 0.9999963876459521, 0.9999974716830539, 0.9999953056582754, 0.999997066800033, 0.9999978296462092, 0.9999871292838226, 0.9999937990812866, 0.9999957494594558, 0.9999973350953992, 0.9999953506812302, 0.9999996705253692, 0.9999908995772295, 0.9999821501109989, 0.9999506740320812, 0.999999057578885, 0.9999987579443047, 0.9999871930012821, 0.9999539991997043, 0.9999985414361237, 0.9999556596069595, 0.9999960862557613, 0.999952881376357, 0.9998469702867357, 0.9998909368607085, 0.9996312906476224, 0.9999455653385373, 0.9998366807577928, 0.998426548904629, 0.9994154506265932, 0.9993495073870953, 0.9988520759508825, 0.9994096447162056, 0.9993828006891383, 0.9996082159528112, 0.9991908232747772, 0.9993329767029087, 0.9974668291999506, 0.9973079151991707, 0.9995233069832512, 0.9985373447489725, 0.9981404672076284, 0.9989766047650932, 0.9494080142319854, 0.9645198390595006, 0.967247802292078, 0.9927813858059085, 0.9492954654864163, 0.9953307914923669, 0.9899514937484228, 0.9634644206649714, 0.9851926860957242, 0.9802704243877549, 0.9969782966572978, 0.9922112681515084, 0.9543170154989611, 0.9300216713051132, 0.3707484558004348, 0.788002201802873, 0.9197587905466276, 0.8366657333433885, 0.6710362456686874, 0.795625571876622, 0.7480186152130238, 0.6642410696418746, 0.4916973836570977, 0.19469965589375982, 0.43307758248665823, 0.26960958846218014, 0.023550555220239265, 0.6506912735938605, 0.44409761834207795, 0.9681240995581425, 0.9501245550369207, 0.4807122082815857, 0.4944077007835805, 0.5212597605814903, 0.3586747710512796
2.134536094353483E-6, 2.2536671214273846E-6, 2.1675062001546848E-6, 2.1666829291243713E-6, 2.0830340447186596E-6, 2.2603105663862807E-6, 2.0402598641870993E-6, 1.9623463204692547E-6, 1.7379763434597277E-6, 2.622741305056969E-6, 2.2266329480650594E-6, 2.3796059449408503E-6, 1.108256516018736E-6, 1.448183679955763E-6, 3.0955546368379403E-6, 2.1110926124464015E-6, 1.652796929503617E-6, 2.0533977261885264E-6, 2.390661328462217E-6, 2.5418699483201243E-6, 4.87519006610618E-7, 1.8312815164164925E-6, 6.636958145317228E-6, 1.3590544285213612E-6, 2.5627100131355696E-6, 5.154626875550517E-6, 5.308121160246807E-6, 1.1165794727166707E-6, 5.774127099616001E-6, 2.6657973286826E-6, 4.032234227620996E-6, 5.463370270844535E-6, 2.5434148242684998E-6, 6.200968220089373E-6, 1.3757684160642675E-5, 2.5556742316359042E-6, 3.736435075499907E-5, 3.0427231384237473E-5, 5.800676788713793E-6, 8.50874372040536E-5, 1.7309004597302712E-5, 1.919333959784561E-5, 4.112776415709725E-6, 1.8150086380267462E-4, 1.581160690313534E-5, 3.837487177470563E-7, 1.1093255026776546E-4, 2.254136245971027E-4, 6.606399849788035E-5, 1.2927202713232847E-4, 6.139438455638298E-5, 8.063660674996065E-4, 0.0019028393194781203, 6.288544760133159E-4, 4.88569951512118E-4, 4.621852110147245E-4, 1.717846937939507E-4, 0.001128585218883875, 0.003209493990639159, 0.0031397049537084634, 0.005195555116838338, 6.982607253557375E-4, 0.0054031846380999055, 0.0038311730716133518, 0.002175381372879624, 0.006223207916176939, 0.005193960057710581, 0.0140395838157967, 0.004184569326296283, 0.019215141087166113, 0.005874898033468272, 0.003453950091214913, 0.06985711136255954, 0.0011846260938750835, 0.008318901929516617, 0.07093637244936464, 0.06959000402362502, 0.3885497973766647, 0.09481697549927223, 0.1987446827131031, 0.07995329811892615, 0.07790961048366267, 0.19237741583900206, 0.5058470283818988, 0.058974791928332784, 0.14414151807265035, 0.07910267160615052, 0.3943499344754259, 0.7824050339469957, 0.2491633073360173, 0.8155531913870648, 0.3230076709878064, 0.43648459447177024, 0.9509617480696145, 0.3638658393512215, 0.983064079184812, 0.6997601146769092, 0.33526171542580047, 0.3384367826536727, 0.4146816762592694, 0.7016146481212058
0.9999978657546038, 0.9999977474738514, 0.9999978335010117, 0.9999978343366238, 0.9999979171132423, 0.9999977399508615, 0.9999979598365848, 0.9999980386432469, 0.9999982622426493, 0.999997377449649, 0.99999777350049, 0.9999976214006493, 0.9999988918067876, 0.999998552160358, 0.9999969046324889, 0.9999978889977656, 0.9999983472401893, 0.9999979467216054, 0.9999976094085239, 0.9999974581782269, 0.999999512531001, 0.9999981688144378, 0.9999933631012385, 0.9999986410658334, 0.9999974373221115, 0.9999948454182526, 0.9999946918847152, 0.9999988834415945, 0.999994225913978, 0.9999973342280675, 0.9999959677962276, 0.9999945366976947, 0.9999974566725673, 0.9999937990349294, 0.9999862423198942, 0.9999974443535502, 0.9999626356902179, 0.9999695727732768, 0.999994199325284, 0.9999149125663435, 0.999982690996612, 0.9999808066626372, 0.9999958872277455, 0.999818499138147, 0.9999841883970173, 0.999999616253777, 0.9998890674801717, 0.9997745863759893, 0.9999339360021458, 0.9998707279738225, 0.9999386056160874, 0.999193633933473, 0.9980971606808883, 0.9993711455247395, 0.9995114300504314, 0.9995378147893179, 0.9998282153076863, 0.9988714147826281, 0.9967905060113523, 0.9968602950469954, 0.9948044448834678, 0.9993017392761733, 0.9945968153622026, 0.9961688269287766, 0.9978246186272933, 0.9937767920843045, 0.9948060399423391, 0.9859604161842713, 0.9958154306777354, 0.9807848589129833, 0.9941251019667163, 0.9965460499091799, 0.9301428886375311, 0.998815373906576, 0.9916810980705281, 0.9290636275504722, 0.9304099959764074, 0.611450202623818, 0.9051830245008611, 0.8012553172871714, 0.920046701881044, 0.9220903895164236, 0.8076225841609647, 0.49415297161819305, 0.9410252080716731, 0.8558584819277668, 0.9208973283938682, 0.6056500655245963, 0.21759496605320103, 0.750836692664105, 0.18444680861289903, 0.6769923290120853, 0.5635154055283724, 0.0490382519304005, 0.6361341606488087, 0.016935920815109886, 0.300239885323228, 0.6647382845742048, 0.6615632173464123, 0.5853183237406248, 0.2983853518786658
1.9781309876021917E-6, 2.1207517740673733E-6, 2.3659446075648005E-6, 2.3560864722378365E-6, 2.4385079066334863E-6, 2.364484776274674E-6, 2.196169728125685E-6, 2.5280642069914952E-6, 2.156051915942173E-6, 1.9129828776583506E-6, 2.3661623992926698E-6, 2.0014021917592363E-6, 2.0253153413230897E-6, 1.8456217030925509E-6, 1.6116537649111114E-6, 2.053664110568046E-6, 1.6444744112289256E-6, 3.833169273720222E-6, 2.1035051181107894E-6, 2.64646716214358E-6, 1.4971191531879947E-6, 1.6554817648222216E-6, 1.7741904652620099E-6, 1.803697722010416E-6, 3.4457492584249184E-6, 1.7843945407831115E-6, 1.7668409416707892E-6, 1.06380062061259E-6, 1.474322657601667E-6, 1.1305933447015283E-5, 1.0786229735587668E-6, 4.343744109786488E-6, 3.4764409713937627E-6, 2.9904159483946246E-6, 9.285661528180183E-6, 3.978032186406096E-7, 2.6943000455905603E-5, 5.290521667686902E-6, 2.9093686722970455E-6, 1.37548757961753E-5, 7.784551084231946E-6, 8.097215863289322E-5, 4.001168548793119E-5, 2.2128374275045623E-5, 1.0726265261110124E-5, 5.5474972577699824E-5, 1.4524803492248635E-5, 8.556311507676221E-5, 3.916625295249115E-4, 1.5131409458689359E-6, 2.152431570358032E-4, 4.41357617221886E-4, 4.853886545546917E-4, 1.0124504434699905E-4, 3.575255261110085E-5, 0.002085373017846467, 0.003163442599702877, 0.0028391278347124306, 9.97501477160006E-5, 0.0036019661569115327, 0.0017207511975478166, 8.188947781317556E-4, 0.009811876208285483, 0.0033441802160006574, 7.743729139453857E-5, 0.006750872543073394, 0.006593951478648585, 4.315988005337314E-4, 0.00520803752387924, 0.0022736342257949397, 5.416742109309202E-4, 0.17984755755221782, 0.1488218422635995, 0.03829503968765398, 0.020621660158605597, 0.25032550612090304, 0.08568953188747346, 0.05083610443616096, 0.06441450790405381, 0.18137012069259018, 0.022460453237001705, 0.08366930871387969, 0.18078167669617293, 0.2726036483828336, 0.2072853783049347, 0.025224170071515804, 0.08955908086228447, 0.3257262834682426, 0.6037003155246199, 0.5539808798655147, 0.0611845152966912, 0.3575652751223772, 0.7426357350032586, 0.19833528082423724, 0.8746011842183478, 0.004448711115231161, 0.4668422727670684, 0.5980534770330371, 0.9851079387372749, 0.5153365790490563, 0.8551684009781599
0.9999980229171284, 0.99999787939135, 0.9999976350113144, 0.9999976450303352, 0.9999975617441283, 0.999997635656753, 0.9999978040308531, 0.9999974720316631, 0.9999978440561759, 0.9999980872171711, 0.9999976339137496, 0.9999979987048071, 0.9999979747628842, 0.9999981545746246, 0.9999983884466137, 0.9999979463990257, 0.9999983555908627, 0.9999961669291374, 0.9999978965619697, 0.9999973537494998, 0.9999985029790676, 0.9999983445801851, 0.9999982258368871, 0.999998196395461, 0.9999965543645146, 0.9999982156389764, 0.9999982332151695, 0.9999989362038213, 0.9999985257241836, 0.9999886940702187, 0.999998921401809, 0.9999956562896495, 0.9999965236583688, 0.9999970095872506, 0.9999907143445506, 0.999999602225084, 0.9999730570053713, 0.9999947094821723, 0.9999970906349355, 0.9999862451285124, 0.9999922154506028, 0.9999190278448433, 0.9999599883182407, 0.9999778716283751, 0.9999892737382932, 0.9999445250285859, 0.9999854751973307, 0.9999144368865772, 0.9996083374924761, 0.9999984868600625, 0.9997847568441084, 0.9995586423834004, 0.9995146113461011, 0.9998987549563753, 0.9999642474480741, 0.9979146269826189, 0.996836557401017, 0.997160872165529, 0.9999002498582841, 0.9963980338964661, 0.9982792488052654, 0.9991811052221399, 0.9901881237919472, 0.9966558197847392, 0.9999225627087501, 0.9932491274571857, 0.9934060485215956, 0.9995684011995218, 0.9947919624762027, 0.9977263657746892, 0.9994583257890112, 0.8201524424484797, 0.8511781577364669, 0.9617049603125757, 0.9793783398416306, 0.7496744938794272, 0.9143104681127179, 0.9491638955639803, 0.935585492096371, 0.8186298793077038, 0.9775395467631048, 0.9163306912860689, 0.8192183233037661, 0.7273963516171947, 0.7927146216951878, 0.9747758299284875, 0.9104409191377887, 0.6742737165317688, 0.3962996844753871, 0.4460191201345663, 0.9388154847034501, 0.6424347248774885, 0.2573642649967498, 0.8016647191758196, 0.12539881578179832, 0.9955512888847646, 0.5331577272329802, 0.40194652296686634, 0.01489206126281046, 0.4846634209508918, 0.14483159902199702
2.0106523919905045E-6, 1.99902235921547E-6, 2.298548532073718E-6, 2.173316615801083E-6, 2.1233796384318025E-6, 2.187350414716662E-6, 2.0398109680885703E-6, 2.1633506437684085E-6, 2.2465520399798316E-6, 2.4388697260991064E-6, 2.0321940257556267E-6, 2.5608916230925325E-6, 2.1284893200524485E-6, 2.2620047250112844E-6, 2.7909538654869146E-6, 3.482164408271246E-6, 3.354019331118671E-6, 1.9089802010368382E-6, 3.750254257911247E-6, 1.2076255127689493E-6, 6.064411454127089E-6, 1.8301126612339909E-6, 2.161001871211726E-6, 4.400266947903189E-6, 9.650381723315364E-7, 2.30297276268868E-6, 3.818921330739652E-6, 5.483956115743272E-6, 3.966833924191444E-6, 8.728227424665983E-7, 2.830656842081609E-6, 1.8239228203644078E-6, 5.625233919613486E-6, 1.9079662666399088E-5, 4.572385986038763E-6, 2.501457597092532E-5, 8.94801660059446E-6, 1.0295617449753343E-5, 8.821274793064662E-6, 1.8886735112737923E-5, 1.3252113113179377E-4, 7.400134401625239E-5, 1.3506771001646452E-5, 2.610434415939922E-6, 1.8169139302153205E-5, 6.783842309503941E-5, 3.1050340733605702E-6, 8.767250309795202E-5, 4.514107131324634E-5, 2.74827058508491E-4, 5.171501991384327E-4, 1.413143463952252E-4, 4.849654525787179E-4, 2.813244663626367E-4, 4.8673298300799665E-4, 5.323314292622313E-4, 1.615701931037753E-4, 1.9914288836567936E-4, 3.6230695519659913E-4, 0.0025230845646786186, 0.003434300212496099, 1.7705367958705198E-4, 0.005897509530641687, 0.0072330951175376985, 0.0062486717990288786, 0.028155202517062366, 0.016489463106926706, 0.007979952920397089, 0.004199604983586182, 0.013535025135128406, 0.013493100275778314, 0.015258857042069716, 0.018936597957172775, 0.030564873302505242, 0.1398393759483312, 0.05332259956307445, 0.0721656021400632, 0.17396869590563027, 0.07455353361892057, 0.03340750360134366, 0.09028803678895306, 0.3593223199900908, 0.08051880233987531, 0.32182563741073994, 0.10095780712799733, 0.23842863706119888, 0.9710329918622185, 0.774203224748258, 0.2340875134746029, 0.11098822161750622, 0.4228283201551368, 0.014031068904704468, 0.7635163606805574, 0.06847988522913905, 0.23386603215671636, 0.16936158539482268, 0.15226322888782376, 0.9576006727458273, 0.7636139001142644, 0.7663705382149536, 0.20393287084371498
0.9999979895895378, 0.999998002086836, 0.9999977017163143, 0.9999978268985764, 0.9999978776463996, 0.9999978129398085, 0.9999979602849061, 0.9999978368836286, 0.9999977537045099, 0.9999975612598346, 0.9999979681072315, 0.9999974392369819, 0.9999978717878106, 0.9999977380707505, 0.9999972091217489, 0.9999965179348596, 0.9999966471260417, 0.9999980911010079, 0.9999962498186518, 0.9999987935182693, 0.9999939359066932, 0.9999981700184754, 0.9999978390556596, 0.9999955998136568, 0.999999034998825, 0.9999976970513832, 0.999996181297411, 0.999994516080685, 0.9999960331892228, 0.9999991272246328, 0.9999971693645733, 0.9999981761122573, 0.9999943748121132, 0.9999809204913381, 0.9999954276509132, 0.9999749854267287, 0.9999910519860843, 0.9999897044122887, 0.9999911787281386, 0.999981113266985, 0.9998674788738448, 0.999925998690645, 0.9999864932322056, 0.9999973895671028, 0.9999818308619164, 0.9999321615779936, 0.9999968949675971, 0.9999123274977239, 0.9999548589340128, 0.9997251729419985, 0.9994828498020343, 0.9998586856538751, 0.9995150345478876, 0.999718675534131, 0.9995132670181193, 0.9994676685719173, 0.9998384298073252, 0.9998008571126489, 0.9996376930466039, 0.9974769154357412, 0.9965656997877199, 0.9998229463205928, 0.9941024904695143, 0.9927669048837099, 0.993751328201334, 0.9718447974829427, 0.9835105368936495, 0.9920200470798214, 0.9958003950166596, 0.9864649748648275, 0.9865068997273538, 0.9847411429582057, 0.981063402043017, 0.9694351266979446, 0.8601606240517176, 0.9466774004369215, 0.9278343978599797, 0.8260313040944041, 0.92544646638128, 0.9665924963987262, 0.9097119632111869, 0.6406776800100111, 0.9194811976601786, 0.678174362589662, 0.899042192872349, 0.7615713629387518, 0.028967008137698057, 0.22579677525170058, 0.765912486525449, 0.8890117783827323, 0.5771716798448542, 0.9859689310953245, 0.2364836393194903, 0.9315201147709724, 0.7661339678433579, 0.830638414605167, 0.8477367711123778, 0.04239932725552626, 0.2363860998856697, 0.23362946178503724, 0.7960671291562933
2.077215954260144E-6, 1.968217727361507E-6, 2.178430966095291E-6, 2.3849230229579643E-6, 2.007836022293995E-6, 2.037736674610353E-6, 1.862841670680288E-6, 2.4541181817374812E-6, 2.9894857705959607E-6, 2.111017084623958E-6, 2.0661185944705314E-6, 1.5995174783708179E-6, 2.235796303786614E-6, 2.44017156947329E-6, 1.8405701766303859E-6, 1.649019976034611E-6, 1.6277845849034181E-6, 1.7245185811569295E-6, 3.346979345993128E-6, 3.4916950455926974E-6, 2.3514449452270395E-6, 4.269005303498352E-6, 3.9018493253086204E-6, 1.5315126081349176E-6, 3.5493501833791333E-6, 7.18814591921291E-6, 4.251863640589308E-6, 2.1485672307193673E-6, 1.3238348185881712E-6, 2.6968410639219472E-6, 1.6366294619930972E-6, 1.1110217172428231E-5, 1.839128199789171E-5, 2.9895526015401436E-6, 3.0854559944028E-5, 1.1144175172294029E-5, 4.70116402549267E-5, 2.260696102495514E-5, 4.5967254274681316E-5, 4.928706000659989E-6, 2.5234475058559713E-5, 1.057193421392585E-5, 2.27238494354055E-5, 2.2588992840445822E-4, 1.1113892652419086E-5, 4.017912586681074E-5, 2.772757110210089E-4, 1.401029827959254E-4, 1.0004313100729355E-4, 2.6621254969866663E-5, 4.16511339399222E-4, 1.4782730286650648E-4, 0.001275868745688588, 9.368030461980871E-4, 4.876972281953365E-4, 6.560035104700275E-4, 9.448412526406121E-5, 2.3989571756460044E-4, 0.004601614467033283, 2.4003401004271826E-4, 1.425366925231343E-4, 0.0021928740841105116, 0.0033180903156122157, 0.0032984087257842557, 3.232855287553588E-4, 0.012845577733475097, 0.0015481062735798984, 0.005597145452394288, 0.02375966239019086, 0.014804905152747209, 0.014431880764161983, 0.003906745639584833, 3.547863817607113E-4, 0.037092614430828834, 0.07425493966338634, 0.06281634679621158, 0.1562757712304755, 0.1075212327515296, 0.052605316694597046, 0.12324905764888416, 0.1386566935749586, 0.19111558732009923, 0.07325248556352253, 0.2234062270112771, 0.3344588097388574, 0.3067355850752782, 0.33922863906809125, 0.06536821907793942, 0.15563165353100908, 0.6776897042569252, 0.49872001199123916, 0.14412993196746515, 0.9389010719113647, 0.11926855549310278, 0.1194020783682214, 0.08254720019698274, 0.15162614411032393, 0.7770793253443887, 0.48921082723531956, 0.8087068307666149, 0.39178922201423055
0.9999979239314298, 0.9999980320250658, 0.9999978217829395, 0.9999976152640664, 0.9999979924276932, 0.9999979624672529, 0.9999981373978368, 0.9999975459956484, 0.9999970105888037, 0.9999978891019342, 0.9999979340134185, 0.9999984006095677, 0.999997764270615, 0.9999975599522074, 0.9999981595103209, 0.9999983510594156, 0.9999983722682759, 0.9999982755793796, 0.9999966530830888, 0.9999965083742334, 0.9999976486046045, 0.9999957310854158, 0.9999960982385941, 0.99999846859143, 0.9999964507157346, 0.9999928118923278, 0.9999957481998178, 0.999997851455566, 0.9999986763350122, 0.9999973031948692, 0.9999983633953083, 0.9999888898371352, 0.9999816087220442, 0.9999970105034077, 0.9999691455176886, 0.999988855830579, 0.9999529883614263, 0.9999773930615902, 0.9999540327520312, 0.9999950713937851, 0.999974765527652, 0.9999894280682947, 0.9999772761555193, 0.9997741100742479, 0.9999888861082279, 0.9999598208749919, 0.9997227242897868, 0.9998598970182606, 0.9998999568699447, 0.9999733788171178, 0.9995834887014771, 0.9998521726981155, 0.9987241312558401, 0.9990631969542316, 0.9995123027722829, 0.9993439964904579, 0.9999055158752942, 0.9997601042832598, 0.9953983855344555, 0.999759965990162, 0.9998574633079024, 0.9978071259159936, 0.9966819096846384, 0.9967015912744948, 0.9996767144738412, 0.9871544222667495, 0.9984518937269184, 0.9944028545476256, 0.9762403376098234, 0.9851950948471987, 0.98556811923598, 0.9960932543606856, 0.999645213618487, 0.9629073855691098, 0.9257450603371132, 0.9371836532039033, 0.8437242287699172, 0.8924787672485739, 0.9473946833054705, 0.876750942351297, 0.8613433064251811, 0.8088844126800514, 0.9267475144366201, 0.7765937729886083, 0.6655411902612371, 0.6932644149247459, 0.6607713609320597, 0.9346317809220367, 0.8443683464690481, 0.32231029574306147, 0.5012799880089289, 0.8558700680324443, 0.0610989280887377, 0.8807314445068447, 0.8805979216318499, 0.9174527998030723, 0.8483738558897976, 0.22292067465564303, 0.5107891727645899, 0.19129316923331074, 0.608210777985799
2.019316791119028E-6, 2.123136397935552E-6, 2.0211208310057186E-6, 2.2738606302574765E-6, 2.3675696602123944E-6, 2.2557779658687954E-6, 2.0774745394408634E-6, 2.1147240629757977E-6, 2.2593754343931096E-6, 2.0000918004537225E-6, 2.5809558321286446E-6, 2.638941064766194E-6, 1.5472270288697957E-6, 2.3979939318985006E-6, 2.931227054465917E-6, 2.168779927537786E-6, 2.192404932095328E-6, 2.2667255510074673E-6, 3.212030269322035E-6, 4.224444254787356E-6, 3.2392919772574523E-6, 2.8678290378324213E-7, 1.5505139200591817E-6, 3.840409769979339E-6, 1.678399273323968E-6, 5.4188439487506815E-6, 4.245727660773111E-6, 3.922166749298966E-6, 2.3230305955934645E-6, 9.664468887404845E-7, 1.7905441211067233E-5, 4.325122881806638E-8, 3.1019875930875166E-6, 1.3343674085669667E-5, 1.896406285108628E-5, 2.00313365961263E-5, 7.643179288714857E-6, 3.6320922082622224E-6, 2.0490032784763933E-5, 1.8640365834588993E-5, 6.132595287646572E-6, 5.3021713427670775E-6, 9.042340578702582E-5, 4.627549406386326E-5, 5.413458490384926E-5, 1.303741986753058E-4, 1.7910285725216844E-4, 3.442547080773532E-4, 2.0721011282894878E-4, 5.1789390076469133E-5, 3.974517402003565E-4, 8.155673741971367E-5, 2.0994491865159896E-4, 1.2528174532357042E-4, 1.762067373115997E-4, 0.0014532521772132989, 0.0011076453267648662, 0.0016528035722373565, 7.698385818589759E-4, 0.0020548125793747028, 0.003088428585176985, 0.0017326947231460616, 0.007535555315919954, 0.002272245876923945, 0.010692589944250382, 0.0015969492250994869, 0.0045396752504595055, 0.008969480731836014, 0.0028304473525119786, 0.019849158228779012, 0.021890436415835775, 0.012475657369577491, 0.0038804073859209235, 0.03713723273307025, 0.0389296636275073, 0.1012501527485993, 0.27978818930833804, 0.03348596561518422, 0.09415170992557437, 0.19554986011985653, 0.26346533616849926, 0.32107257914314485, 0.08201871590808996, 0.04629143282525598, 0.1166465492680271, 0.8091637616224012, 0.26405806577505986, 0.040279452269290035, 0.6341165683184181, 0.37559218359216, 0.5383404059687521, 0.872300955538042, 0.09017711126937893, 0.5131657191775129, 0.15997155757318063, 0.5099749936556969, 0.43587333691105173, 0.17286752539384137, 0.5752283330286045, 0.6706894517002967, 0.7591352697035451
0.9999979809866117, 0.9999978778711082, 0.9999979798861415, 0.9999977270985776, 0.9999976326793995, 0.9999977452415835, 0.999997922621177, 0.9999978862961377, 0.9999977407696641, 0.9999980000060142, 0.999997419169164, 0.9999973611732492, 0.9999984528916456, 0.9999976021278262, 0.9999970688620864, 0.9999978315000538, 0.9999978076694563, 0.9999977343979277, 0.9999967881046827, 0.9999957756154447, 0.9999967609911105, 0.9999997132513087, 0.9999984495750044, 0.9999961596921945, 0.9999983216387278, 0.9999945812656044, 0.9999957543389089, 0.9999960779525855, 0.9999976770251159, 0.9999990335744655, 0.9999820946538995, 0.9999999567752215, 0.9999968980183702, 0.9999866563905493, 0.9999810359399505, 0.999979968666135, 0.9999923568569815, 0.999996367931098, 0.999979509970758, 0.9999813596365735, 0.9999938674080376, 0.9999946978327539, 0.9999095765965956, 0.9999537245082037, 0.9999458654168231, 0.9998696258025798, 0.9998208971437474, 0.9996557453207041, 0.9997927898880793, 0.9999482106119376, 0.999602548261936, 0.999918443263805, 0.9997900551030141, 0.9998747182552271, 0.9998237932639077, 0.9985467478289582, 0.9988923546739614, 0.9983471964278383, 0.9992301614183707, 0.9979451874214192, 0.99691157142116, 0.9982673052772201, 0.9924644446844294, 0.9977277541235909, 0.9893074100561163, 0.998403050774953, 0.9954603247499545, 0.9910305192682339, 0.9971695526481862, 0.980150841771383, 0.978109563584249, 0.9875243426305391, 0.996119592615218, 0.9628627672671072, 0.9610703363727193, 0.8987498472513908, 0.7202118106918818, 0.9665140343847686, 0.9058482900745585, 0.8044501398800656, 0.7365346638316362, 0.6789274208567779, 0.9179812840918485, 0.9537085671749067, 0.8833534507321059, 0.19083623837765945, 0.735941934224853, 0.9597205477307421, 0.3658834316815902, 0.6244078164080442, 0.46165959403147816, 0.12769904446182695, 0.909822888730413, 0.4868342808226249, 0.840028442426882, 0.4900250063444396, 0.5641266630889581, 0.827132474606385, 0.4247716669711958, 0.32931054829970313, 0.2408647302964713
2.242962603784E-6, 2.330337599327602E-6, 2.374766681417436E-6, 2.2643590926009857E-6, 2.3816728803562048E-6, 2.615757271370851E-6, 2.0805875937538087E-6, 2.3458518302095752E-6, 1.933016026758502E-6, 2.0470405616080893E-6, 2.1019012793736663E-6, 2.0750800164890397E-6, 1.8005452404037886E-6, 2.154042926080727E-6, 2.0058714031634446E-6, 2.514913913825029E-6, 1.9902561513616052E-6, 2.079330632137804E-6, 1.0571006274851966E-6, 1.7329123481182668E-6, 5.121226424824017E-6, 2.3996776586081533E-6, 2.8461651035224763E-6, 2.9315351349818403E-6, 4.771751084366115E-6, 7.457734428849218E-6, 2.2257637943256745E-6, 5.158305836691891E-7, 8.71473150493927E-6, 2.0359498668391396E-6, 9.144136604553448E-6, 5.829244827721514E-6, 1.1680766990093555E-5, 3.837015071590473E-6, 4.671279081530182E-6, 2.304957372885522E-6, 7.716188133576872E-6, 5.1653250209643945E-6, 2.97623754218102E-5, 4.672818454801408E-5, 1.0838805520499356E-5, 5.614436259067014E-5, 3.322285976439724E-5, 1.9325647294506687E-5, 5.915053728376577E-6, 1.962497850356543E-5, 2.825202645871987E-5, 7.772639337243808E-5, 2.486717573052857E-4, 3.858607303833616E-5, 3.571627310183501E-4, 3.86933180751212E-5, 8.746198298843512E-4, 4.625030891086977E-4, 0.001282104222366817, 2.198710889117596E-4, 4.926983803673903E-4, 0.0014284551535183793, 0.0029120134421896284, 0.001235089683239504, 3.409360373122447E-4, 2.1900468146455456E-4, 0.003714316358673842, 3.3425303289003354E-4, 0.012094896602932868, 0.012103346456155694, 0.014441668959758918, 0.008895953454497453, 9.561075989527256E-5, 0.016586811063029814, 0.00789273481880564, 0.013484723234312232, 0.017117932330576697, 0.0070308026918749125, 0.027593893577100834, 0.008172362745766876, 0.026801129613767502, 0.12502340470156953, 0.0034454165883673594, 0.11447637387564229, 0.05949528051439733, 0.17322895670788385, 0.07171552968463481, 0.07841949379096916, 0.13591935499367966, 0.754061605062324, 0.32934846893742253, 0.32517636753946855, 0.9608924231737694, 0.29944627845371463, 0.16770137454924744, 0.5323160214531707, 0.6732656888280503, 0.9659435658132984, 0.996777608218487, 0.5070612114602371, 0.7783776437390747, 0.7024107608728097, 0.5139271261036747, 0.6369059786810745, 0.9029815203613001
0.9999977572102162, 0.9999976707127606, 0.999997626352214, 0.9999977358552459, 0.9999976186225867, 0.9999973843208082, 0.9999979195833173, 0.9999976551073786, 0.9999980671341865, 0.9999979530395596, 0.9999978982292282, 0.9999979250339689, 0.9999981996171684, 0.999997846213291, 0.9999979941897904, 0.9999974852015722, 0.9999980097931099, 0.999997920816423, 0.9999989429837575, 0.9999982671407412, 0.9999948788653845, 0.9999976005475121, 0.9999971538822477, 0.9999970685211219, 0.9999952283117136, 0.999992542329178, 0.9999977742417646, 0.9999994842186143, 0.9999912853925609, 0.9999979651577955, 0.9999908558937258, 0.9999941707769596, 0.99998831923882, 0.9999961629892702, 0.9999953287258058, 0.9999976950651296, 0.9999922838409067, 0.9999948346803962, 0.9999702376296437, 0.9999532718375093, 0.9999891612179709, 0.999943855643429, 0.9999667771421569, 0.9999806743548646, 0.9999940849480639, 0.9999803750237364, 0.9999717479752024, 0.999922273645081, 0.9997513282641798, 0.9999614139283047, 0.9996428372696626, 0.9999613066825079, 0.999125380244725, 0.9995374970501629, 0.9987178957795265, 0.999780128911948, 0.999507301620058, 0.9985715448468672, 0.9970879865585673, 0.9987649103177779, 0.9996590639628657, 0.999780995318809, 0.9962856836413073, 0.9996657469672358, 0.9879051033970353, 0.987896653544069, 0.9855583310402158, 0.9911040465454161, 0.99990438924034, 0.9834131889371205, 0.9921072651811965, 0.9865152767657072, 0.9828820676694672, 0.992969197308239, 0.9724061064229953, 0.9918276372542161, 0.9731988703862492, 0.8749765952994112, 0.9965545834116434, 0.8855236261242997, 0.9405047194858444, 0.8267710432920335, 0.9282844703155663, 0.921580506209079, 0.8640806450064743, 0.2459383949376485, 0.6706515310626424, 0.6748236324605725, 0.039107576826071445, 0.7005537215463461, 0.8322986254508159, 0.4676839785469082, 0.32673431117211055, 0.034056434186717596, 0.0032223917814274924, 0.4929387885400978, 0.22162235626110793, 0.29758923912720225, 0.48607287389651643, 0.36309402131899365, 0.09701847963858418
2.175388488119089E-6, 2.246606974860188E-6, 2.1957252463648775E-6, 1.9879741243631895E-6, 2.2223852378066644E-6, 2.307694161437108E-6, 2.458110116924494E-6, 2.0004536905864493E-6, 2.2704912988542E-6, 1.9604095291883937E-6, 2.6103591344375516E-6, 1.841671338963918E-6, 1.717579616041546E-6, 2.6355017493068245E-6, 2.2179618159331528E-6, 1.948309968333623E-6, 2.5137232536206097E-6, 2.572266325246475E-6, 2.540330028716404E-6, 2.94732662302927E-6, 2.05127440483261E-6, 3.7899823274316883E-6, 2.9733804141729396E-6, 1.611874094258796E-6, 1.0735968607882724E-6, 5.321175040602841E-6, 2.504296573446536E-6, 1.0862687423677328E-6, 7.972826201291582E-6, 1.9633182075776332E-7, 1.424371627912583E-6, 8.103017511242636E-6, 4.331228311389941E-6, 7.637899459272508E-6, 2.676298544140177E-6, 1.2855671746128169E-5, 1.4487180994125204E-6, 7.337089629436551E-6, 2.146054003782128E-5, 8.416890464908507E-6, 5.3618589945226816E-6, 7.968083693835576E-5, 3.928705864729787E-5, 3.0298430149790685E-5, 4.248390482051875E-6, 1.7812755397232473E-4, 2.919686256126879E-4, 1.5914115716434072E-4, 4.468717023551578E-4, 1.8605336529503808E-4, 7.295681077851515E-5, 0.0011136049927099377, 3.6143748906589633E-4, 7.048039919290549E-4, 2.8453966351647516E-4, 9.731027320820611E-4, 0.001265898067736347, 0.0018906872706798096, 6.070424654338066E-4, 0.004317011472147194, 3.401032718300257E-5, 0.0015395773075785643, 0.008928599981083153, 0.005332930672758313, 7.149677608772764E-4, 0.003993308251225579, 0.007109852907337745, 0.01516771539064723, 0.024553728736999195, 0.04910032721503599, 0.0463999060526187, 0.0320475719254728, 0.04659515140219919, 0.019766023934240866, 0.020140551346779983, 0.07260993783479446, 0.017707900106118196, 0.2574771571947674, 0.03518206720812603, 0.3945509651931497, 0.16293543231295765, 0.2235471264766419, 0.3624346854479486, 0.9049257201847136, 0.29922713015877533, 0.5059070401454222, 0.02253424962952936, 0.30162996224574634, 0.19312235891793078, 0.4466124957540993, 0.5542052572638468, 0.908760383854558, 0.6911269662107654, 0.2663038482301257, 0.7353839057364786, 0.04729544899269259, 0.05364985263189075, 0.35592535618291976, 0.7238694095732334, 0.5898591866372125, 0.15118357301967297
0.9999978248758167, 0.9999977535516316, 0.9999978045459418, 0.9999980123124579, 0.9999977787343233, 0.9999976925209458, 0.9999975422361754, 0.9999979996727496, 0.999997729624459, 0.9999980397383551, 0.999997389734712, 0.999998158390947, 0.9999982825305311, 0.9999973645726659, 0.9999977821022994, 0.9999980520489156, 0.9999974863351535, 0.9999974278386061, 0.9999974597153196, 0.9999970530254513, 0.9999979487684388, 0.9999962100800146, 0.999997026656779, 0.9999983881540959, 0.9999989264334582, 0.9999946788667228, 0.9999974957579194, 0.99999891376651, 0.999992027179806, 0.9999998036729718, 0.9999985756712354, 0.9999918970151254, 0.9999956687752156, 0.9999923621387696, 0.9999973237041716, 0.9999871443492471, 0.9999985513025718, 0.9999926629541744, 0.9999785394635436, 0.9999915831146575, 0.999994638142996, 0.9999203191640111, 0.9999607129728608, 0.999969701573385, 0.9999957516145603, 0.9998218724815426, 0.9997080314069521, 0.9998408588460651, 0.9995531282984348, 0.9998139466357694, 0.999927043189948, 0.9988863950079108, 0.9996385625119363, 0.9992951960086841, 0.999715460338063, 0.9990268972680648, 0.9987341019327648, 0.9981093127296314, 0.9993929575352848, 0.9956829885279732, 0.999965989673225, 0.9984604226927591, 0.9910714000190579, 0.9946670693274211, 0.9992850322392536, 0.9960066917489229, 0.99289014709313, 0.9848322846096562, 0.9754462712632057, 0.9508996727853343, 0.9536000939474886, 0.9679524280745442, 0.953404848597806, 0.98023397606601, 0.9798594486531864, 0.9273900621650625, 0.9822920998946992, 0.7425228428051722, 0.9648179327920192, 0.605449034806961, 0.8370645676872122, 0.7764528735238277, 0.6375653145523122, 0.09507427981539715, 0.7007728698412716, 0.4940929598545642, 0.9774657503705239, 0.6983700377541233, 0.8068776410820396, 0.553387504245778, 0.4457947427360802, 0.09123961614581202, 0.30887303378919595, 0.7336961517697218, 0.26461609426346416, 0.9527045510072312, 0.9463501473682643, 0.6440746438170956, 0.27613059042664656, 0.4101408133626913, 0.8488164269803483
2.113016970568914E-6, 2.1666447736525193E-6, 2.2166514238914157E-6, 2.3743612191140976E-6, 2.1523139618624183E-6, 2.037501185906342E-6, 2.1678614040059557E-6, 2.047096872399221E-6, 2.0605007809508265E-6, 2.1321247297860158E-6, 2.4002293425185487E-6, 3.152792916201039E-6, 2.2222108519215432E-6, 1.8767477214651748E-6, 2.435480688458727E-6, 2.1676181575584043E-6, 1.8334644970268354E-6, 2.432796547300229E-6, 1.8650306499028959E-6, 1.3790087009322746E-6, 2.4321885753242687E-6, 1.4087993942145718E-6, 3.098809450778265E-6, 2.3660423405347022E-7, 4.273206012632056E-6, 2.808871563003215E-6, 2.1120473272407616E-6, 9.917246114349974E-6, 1.9307992365408043E-6, 4.435769766070166E-6, 1.0930734169015795E-5, 4.2665067537002125E-6, 1.1140708881838903E-5, 2.090057410253506E-5, 2.7462538518551264E-5, 1.5006719418587326E-5, 3.248058375757807E-5, 1.6723507291803774E-5, 2.3244746305407806E-5, 2.22166235262294E-5, 6.556773379123118E-5, 5.47668557243924E-5, 4.739532017250078E-5, 6.690865568157427E-6, 8.81813313906317E-5, 9.266121222611789E-5, 1.6259985235429165E-4, 5.983005713533434E-5, 2.5056075097496113E-4, 1.0162069142243147E-4, 1.2934385346107842E-5, 1.4134660784898283E-4, 1.6374888115399826E-4, 4.24205994743733E-4, 4.319140352596368E-4, 0.0018639503823517937, 0.0010663802644154164, 4.0185535804061377E-4, 1.0554570890633644E-4, 0.002849953257381081, 1.5440587547588535E-4, 0.0016134577670272531, 0.0048963569256694804, 0.0014758364127799752, 0.0034787111968218997, 0.015865134817629495, 0.005714430422816517, 0.0031066692332303745, 0.013203867734985685, 0.015980728191170725, 0.1236278605266483, 0.026053435437950762, 0.09533144025925909, 0.06421097580653538, 0.05821458558080382, 0.021287100270110867, 0.010211832655276394, 0.02694768419610218, 7.987154438652977E-4, 0.28883963132310836, 0.48796508360125734, 0.11145296089012495, 0.48419322413367144, 0.09083721578624869, 0.1793884139239578, 0.19204549388385586, 0.9779142019277759, 0.05329355393375457, 0.5497112971053888, 0.9610377124488834, 0.9360206255316732, 0.9917800843616457, 0.7810476484683616, 0.3016967249042618, 0.7053527403519595, 0.5561657598885058, 0.025592908082425037, 0.9547857474835063, 0.060421549290809416, 0.5729063713871901, 0.6561085226111859
0.9999978880955067, 0.9999978335556291, 0.9999977836127217, 0.9999976258635995, 0.999997847846894, 0.9999979627221908, 0.9999978322407023, 0.9999979531027513, 0.999997939679571, 0.9999978680030145, 0.9999976000686749, 0.999996847393138, 0.999997777903964, 0.9999981233213608, 0.9999975646629398, 0.9999978325223612, 0.9999981666055727, 0.9999975672627415, 0.9999981350202961, 0.9999986211052848, 0.9999975679626273, 0.9999985914097447, 0.9999969012340179, 0.9999997634525775, 0.9999957268572595, 0.9999971911634971, 0.9999978879931529, 0.9999900828078561, 0.9999980692634282, 0.9999955642353873, 0.999989069289938, 0.9999957335252102, 0.9999888592940923, 0.9999790994684319, 0.9999725374669168, 0.9999849932863025, 0.9999675194180833, 0.9999832764966846, 0.9999767552787253, 0.9999777834000098, 0.9999344323210746, 0.9999452331966575, 0.9999526046813328, 0.999993309136324, 0.9999118186710763, 0.9999073387887579, 0.9998374001503381, 0.999940169944312, 0.9997494392498852, 0.999898379310619, 0.9999870656156368, 0.9998586533964079, 0.9998362511674947, 0.9995757940061181, 0.9995680859655816, 0.9981360496180869, 0.9989336197359592, 0.9995981446422726, 0.9998944542919157, 0.9971500467685476, 0.9998455941259985, 0.9983865422333337, 0.9951036430745169, 0.9985241635872193, 0.9965212888032954, 0.9841348651826555, 0.9942855695778956, 0.9968933307668799, 0.9867961322650475, 0.9840192718088697, 0.8763721394735967, 0.9739465645625669, 0.9046685597410005, 0.935789024193669, 0.9417854144194286, 0.9787128997300152, 0.989788167344803, 0.9730523158040056, 0.9992012845561824, 0.7111603686767793, 0.5120349163988611, 0.8885470391101273, 0.5158067758663725, 0.909162784213851, 0.820611586076189, 0.8079545061163451, 0.022085798072432643, 0.9467064460663085, 0.45028870289456435, 0.038962287551285495, 0.0639793744681831, 0.00821991563844865, 0.21895235153169526, 0.6983032750958177, 0.29464725964813704, 0.4438342401114999, 0.974407091917596, 0.045214252516389705, 0.9395784507091438, 0.427093628612742, 0.3438914773887796
2.159260883225216E-6, 2.326749765535703E-6, 2.179443286428602E-6, 2.0051007035325603E-6, 2.641745074756788E-6, 2.0034859845213805E-6, 2.1699165051775265E-6, 2.137847977483892E-6, 1.9929550182627635E-6, 2.103236625895426E-6, 2.557234436495342E-6, 1.594566370829676E-6, 2.707307000437861E-6, 2.0512399141463017E-6, 1.4408471321006738E-6, 2.699344853898513E-6, 2.3077116504383583E-6, 1.2267263287050713E-6, 9.220329236215256E-7, 2.5182683095586663E-6, 4.0364216458976005E-6, 3.7989071582430884E-6, 1.6141289359545572E-6, 2.0990091010800645E-6, 8.85695997462181E-7, 7.451814106928731E-7, 2.547383321823641E-6, 2.1146311725446355E-6, 7.4105409991819475E-6, 1.580071266107513E-6, 1.6583154286850397E-6, 1.867922405040267E-8, 1.0316476157521904E-5, 1.3991833714012058E-5, 2.495254988716736E-6, 2.5694197954058847E-5, 1.078011751983719E-5, 5.036670824994611E-6, 8.907184293861206E-6, 6.435749286089965E-6, 4.2964007536700075E-5, 6.221269470030693E-5, 1.2220214301242272E-5, 9.649429279213074E-5, 1.3229417512904664E-5, 4.4072602220355595E-5, 8.307147795810956E-5, 1.1636648539172783E-4, 6.436442892619202E-4, 1.4305754238351642E-4, 7.132654529591196E-4, 1.5910099734555086E-4, 0.001249053236636177, 0.0013612416274227255, 1.1438261925739526E-4, 1.743659429023948E-4, 3.774773760067079E-4, 4.2922004763577885E-4, 1.383632901106505E-4, 1.0531387300033295E-6, 7.755241109311736E-4, 1.6675569496560951E-6, 1.729569964685494E-4, 0.004040256438755054, 0.007432841747942904, 0.015334804630939957, 0.003770876174682824, 0.009291842837328234, 0.0011714808143520163, 0.07619049064931839, 0.02337061358264518, 0.07397184630800871, 0.05182436479813888, 0.008601714014219965, 0.2353107680430584, 0.1049175970068387, 0.15640465410296392, 0.029647624855904685, 0.03602552615426811, 0.17370758697634398, 0.4319441629391305, 0.012845720850162341, 0.13914689635869018, 0.014877735072280532, 0.33290053206835, 0.5020830993162856, 0.2709843270717745, 0.8082269353003116, 0.5315522006728335, 0.07900200148769013, 0.1232616078331442, 0.915929775018674, 0.8865417895669924, 0.8004324972893144, 0.9501639585428074, 0.4414355182380183, 0.030836547816709307, 0.36463587683473153, 0.4345811937935123, 0.670809842769443, 0.8986306464057772
0.9999978410877292, 0.9999976735818678, 0.9999978207029362, 0.9999979951007563, 0.9999973586039395, 0.9999979967548052, 0.9999978302274473, 0.9999978632735224, 0.9999980072127681, 0.9999978968737904, 0.9999974428451477, 0.9999984055748088, 0.999997292774423, 0.9999979488736165, 0.999998559226527, 0.9999973007209474, 0.9999976923726541, 0.9999987743016944, 0.999999078034413, 0.9999974817635597, 0.9999959636144342, 0.9999962011557064, 0.9999983859991042, 0.9999979010272495, 0.9999991143526614, 0.9999992548551898, 0.9999974526580087, 0.999997886165749, 0.9999925894906222, 0.9999984200140609, 0.9999983417069098, 0.9999999813538077, 0.9999896835503165, 0.9999860082401296, 0.9999975047736268, 0.9999743058057661, 0.9999892198888425, 0.9999949633342402, 0.9999910928203477, 0.9999935643936512, 0.9999570359962324, 0.9999377873064096, 0.9999877797891131, 0.9999035057083338, 0.9999867705854982, 0.9999559273988509, 0.9999169285229763, 0.9998836335191493, 0.999356355713658, 0.9998569424591243, 0.9992867345493093, 0.9998408990044797, 0.9987509467640961, 0.9986387583737224, 0.9998856173810166, 0.9998256341154671, 0.9996225226248779, 0.9995707799528577, 0.999861636710166, 0.9999989468619522, 0.9992244758905118, 0.9999983324431113, 0.9998270430038124, 0.9959597435612991, 0.9925671582519575, 0.9846651953690982, 0.9962291238259143, 0.9907081571628694, 0.9988285191857663, 0.9238095093509143, 0.9766293864172916, 0.9260281536920336, 0.9481756352020257, 0.991398285985713, 0.7646892319571055, 0.8950824029931239, 0.8435953458972008, 0.9703523751442221, 0.9639744738458338, 0.8262924130236782, 0.5680558370609087, 0.987154279149995, 0.860853103641222, 0.9851222649277588, 0.6670994679316011, 0.4979169006839264, 0.7290156729281962, 0.19177306469954616, 0.4684477993273895, 0.920997998512243, 0.8767383921668422, 0.08407022498127059, 0.11345821043308135, 0.1995675027106574, 0.04983604145704899, 0.5585644817618937, 0.969163452183364, 0.6353641231652171, 0.5654188062064283, 0.32919015723046235, 0.10136935359414992
2.06242846872803E-6, 2.2787548368312216E-6, 2.1184396665364747E-6, 2.354794735527746E-6, 2.04511383854906E-6, 2.269783963645703E-6, 1.9200866646573534E-6, 2.105943876000891E-6, 2.1617960281771766E-6, 1.7319738254853458E-6, 1.9736629626547048E-6, 2.4465232384544717E-6, 2.01514601714325E-6, 2.7360104862258332E-6, 1.7932300958150228E-6, 1.8313751464457142E-6, 2.170165109895119E-6, 2.24891682575313E-6, 1.4401789395510772E-6, 2.828756014248908E-6, 1.7314566860820517E-6, 3.2752064504609074E-6, 3.543844168727355E-6, 3.5815368384780996E-6, 1.7577707087359124E-6, 1.3664081040020872E-6, 1.938764711369983E-6, 5.868391141090825E-6, 5.1530314093596014E-6, 7.693713004478668E-6, 1.4258190642260516E-6, 6.823104773091802E-6, 1.3717546739198978E-5, 3.78811516014802E-7, 8.651899128657E-6, 2.532698790338672E-6, 2.7889126138041667E-6, 1.2379300008662813E-5, 8.30710243963347E-6, 2.552844723713701E-6, 2.2019708557065836E-6, 1.2927370161171406E-6, 7.665101956204278E-5, 3.3988950860400556E-5, 3.4607471747173744E-5, 9.278080509768423E-5, 3.4468729141607046E-5, 8.196379942973105E-5, 1.727929536598268E-4, 2.0058016797414645E-5, 4.500989924690611E-5, 6.568854466054803E-4, 0.0021484781184822922, 2.658980503725674E-4, 5.053894801893489E-4, 0.001998401210769083, 6.023606574820835E-4, 5.320475084648445E-5, 0.001047689916909106, 3.994293350329102E-4, 0.0025780203988274163, 9.15066081214133E-4, 0.0038837911189863648, 0.0016566863314077262, 0.006195737869026488, 0.0034415973904966543, 0.019227761318032804, 0.024795209706755975, 0.002297894349436504, 0.014495725185321209, 0.022041836873850883, 0.0330686835150351, 1.4122869582831128E-4, 0.0015688696421578825, 0.03912055080151286, 0.07430952326948068, 0.04491405309005724, 0.07924181699540038, 0.00873493059487888, 0.00815687796013407, 0.010354518420656787, 0.24389506992196006, 0.7156085059369175, 0.27642438549121984, 0.6407894819826049, 0.38919034194319474, 0.7259732808659951, 0.2134720129162183, 0.575572681429141, 0.007979396211193101, 0.35044700089272723, 0.43479762616782236, 0.10792883813698108, 0.3302113998361518, 0.38098702728736467, 0.8554142035910202, 0.22174945025461465, 0.7524085419235801, 0.4809714894848457, 0.08895106105116611, 0.6362075587009819
0.9999979386946287, 0.9999977223497883, 0.9999978826656902, 0.9999976462164787, 0.9999979558733519, 0.9999977313333355, 0.999998080110508, 0.9999978943132398, 0.999997838333042, 0.9999982681328132, 0.9999980265889009, 0.9999975535688211, 0.9999979849417745, 0.9999972642622142, 0.9999982068716667, 0.9999981687982763, 0.9999978301081303, 0.9999977513684749, 0.9999985598792168, 0.9999971713939227, 0.9999982686109556, 0.999996724825306, 0.9999964562191291, 0.9999964186514737, 0.999998242299511, 0.9999986336426242, 0.9999980612708603, 0.9999941316308097, 0.9999948470673554, 0.999992306457448, 0.9999985742034557, 0.9999931771388708, 0.9999862824574025, 0.9999996211921068, 0.9999913481047645, 0.9999974673052465, 0.999997211091896, 0.9999876207227215, 0.9999916929215575, 0.9999974471853075, 0.9999977980353908, 0.9999987072656464, 0.9999233489852754, 0.9999660110521599, 0.9999653926017131, 0.9999072191984173, 0.9999655312717006, 0.9999180362018374, 0.9998272070471348, 0.99997994198755, 0.9999549901021659, 0.9993431145585926, 0.9978515218820301, 0.9997341019502861, 0.9994946105576692, 0.998001598789538, 0.9993976393429539, 0.9999467952495426, 0.9989523100838522, 0.9996005706652139, 0.997421979601349, 0.999084933919797, 0.99611620888127, 0.9983433136729866, 0.9938042621313032, 0.9965584026096428, 0.9807722386826677, 0.9752047902931006, 0.9977021056506677, 0.9855042748146665, 0.9779581631263017, 0.9669313164855005, 0.9998587713043637, 0.9984311303581229, 0.96087944919853, 0.9256904767305798, 0.955085946910131, 0.9207581830045563, 0.9912650694050673, 0.9918431220399178, 0.9896454815794729, 0.7561049300779785, 0.2843914940638377, 0.7235756145087445, 0.35921051801746867, 0.6108096580570025, 0.2740267191341857, 0.7865279870837691, 0.424427318570843, 0.9920206037887482, 0.6495529991071145, 0.5652023738323302, 0.8920711618629841, 0.6697886001642671, 0.6190129727126876, 0.14458579640903307, 0.7782505497451772, 0.24759145807645136, 0.5190285105152275, 0.9110489389490158, 0.3637924412989795
2.3062023960032266E-6, 2.0298367779789693E-6, 2.096365580505758E-6, 2.2868522841801887E-6, 2.4307035386941433E-6, 2.41066548680822E-6, 2.2847190267726873E-6, 1.7859052946115742E-6, 2.0630472475158926E-6, 2.18346106116176E-6, 2.4513600984416902E-6, 2.3060188689906384E-6, 2.0692396774915187E-6, 2.489584418778893E-6, 3.134974884523441E-6, 2.2011920300821756E-6, 2.1733996075304325E-6, 3.703374829768653E-6, 2.0998312051851777E-6, 2.2875495085919474E-6, 1.1557193534688416E-6, 4.713109756077487E-7, 3.1623412478855984E-6, 1.5279515672755089E-6, 3.623543401261472E-6, 1.7533719336173989E-6, 2.112897738384276E-6, 6.504821407917715E-6, 1.5119127826213654E-6, 1.1717165349542237E-7, 6.283981798648301E-7, 7.708362383685024E-6, 1.4889460948535701E-5, 3.7623352325603096E-6, 1.7987811722625624E-6, 1.832211190681265E-6, 1.6959447769296743E-5, 7.241578035202857E-8, 1.3004323962468532E-5, 1.1172236629840775E-5, 4.571290743044294E-5, 8.447529987003885E-5, 1.571709170189624E-5, 2.4523654970937128E-5, 1.7228312305946537E-5, 2.5825178512840037E-4, 3.5694586553564365E-4, 9.301624107784881E-5, 2.0303962374899884E-4, 1.5326110248970685E-4, 1.403528397657592E-4, 1.7259212561234524E-4, 0.0010061843615405302, 2.4297684157185826E-4, 9.995153785867373E-4, 3.866919922612262E-4, 0.002000521905046891, 3.328497494912626E-4, 2.1227241740966266E-4, 0.0016876336241717406, 4.856268191933992E-4, 0.004980493849476175, 3.7117143149966987E-4, 0.004556614707323488, 7.66530505835745E-5, 0.007851132168522151, 0.013954036422060638, 0.0017370567507166215, 0.01998031984538895, 0.0071808576897545405, 0.014368858390444376, 0.017170501922922903, 0.008352017955915966, 0.0464001194455276, 0.09950396884076665, 0.02408547828847554, 0.06898974518629218, 5.849714393715499E-4, 0.2826493126248543, 0.02000243485238196, 0.13671527306472814, 0.5795240630302702, 0.3793609654789957, 0.22422308532716398, 0.5733683027397473, 0.8318445446070513, 0.3394107388568002, 0.5608463498170708, 0.9846674066190136, 0.5172308404174342, 0.2039242378446844, 0.8163629457309316, 0.7732462231120203, 0.3433163600721384, 0.5170961694135262, 0.9075694797070138, 0.4063228459538595, 0.6748221801573155, 0.4148400014809267, 0.7764426812180169, 0.14120171184236108
0.9999976941246105, 0.9999979704303669, 0.9999979039238749, 0.9999977142686317, 0.9999975694064959, 0.9999975895964823, 0.9999977155329474, 0.9999982142824637, 0.9999979370421701, 0.9999978175390045, 0.9999975487336118, 0.9999976941083512, 0.9999979308954048, 0.9999975113239026, 0.9999968651712738, 0.9999977988580432, 0.9999978267195762, 0.9999962966985158, 0.9999979002432886, 0.9999977125416367, 0.9999988443884351, 0.9999995287425892, 0.9999968377210104, 0.9999984720815274, 0.9999963765283344, 0.9999982466580662, 0.9999978871445354, 0.9999934953196233, 0.9999984881303844, 0.9999998829070831, 0.9999993716392451, 0.9999922916617332, 0.9999851105885672, 0.9999962376863253, 0.9999982012218737, 0.9999981678212136, 0.9999830405879497, 0.9999999275887593, 0.9999869956809947, 0.9999888277652932, 0.9999542870955928, 0.9999155247021397, 0.9999842829101868, 0.9999754764369801, 0.999982771692613, 0.999741748216257, 0.999643054137155, 0.9999069837595669, 0.9997969604040507, 0.999846738899102, 0.9998596471613187, 0.9998274078753496, 0.998993815639307, 0.999757023159174, 0.9990004846216379, 0.9996133080083274, 0.997999478095182, 0.9996671502506853, 0.9997877275830123, 0.9983123663768217, 0.9995143731815201, 0.9950195061512892, 0.9996288285687484, 0.9954433852948954, 0.9999233469499145, 0.9921488678317546, 0.986045963578065, 0.9982629432496232, 0.9800196801547839, 0.9928191423104077, 0.9856311416098857, 0.9828294980770043, 0.991647982044, 0.9535998805545832, 0.9004960311593387, 0.9759145217114238, 0.9310102548136869, 0.9994150285605257, 0.7173506873751219, 0.9799975651477996, 0.8632847269352206, 0.4204759369697048, 0.6206390345210164, 0.7757769146729824, 0.4266316972603474, 0.1681554553929934, 0.6605892611430861, 0.4391536501829278, 0.015332593380780628, 0.4827691595825626, 0.7960757621551424, 0.1836370542689339, 0.22675377688797863, 0.6566836399278272, 0.48290383058648345, 0.09243052029294056, 0.5936771540461265, 0.32517781984359617, 0.585159998519045, 0.22355731878203702, 0.858798288157539
2.045297140108169E-6, 2.0732633109186066E-6, 1.9841263384203823E-6, 2.0909934548765946E-6, 2.1355383288214956E-6, 2.1482678743333337E-6, 2.133674476388027E-6, 1.9178313363132724E-6, 2.453743399412587E-6, 2.4252592803303348E-6, 1.9465989459559766E-6, 2.4469476716144E-6, 1.7660901716427207E-6, 2.4116707140177386E-6, 2.5490740267955455E-6, 2.0025340566029326E-6, 2.5422296921282523E-6, 1.5420784178711825E-6, 2.3379105727460136E-6, 4.691940343544508E-6, 1.2973355758784725E-6, 1.777384690862794E-6, 2.201411369276747E-6, 3.8309075667364136E-6, 3.859923675365205E-6, 7.64312816655231E-7, 2.217068361807546E-6, 7.598156320639056E-7, 3.284843966893736E-6, 5.834823846129172E-6, 3.4773677579215335E-6, 6.206228893470794E-6, 1.4029251095851747E-5, 7.15228418623451E-6, 1.3075496294532791E-5, 1.653439297191643E-5, 2.078126959914293E-6, 4.9857162620492404E-5, 3.208695103217891E-5, 3.6461276954338846E-5, 6.979334255223553E-5, 4.150929668200004E-6, 4.351848946746815E-6, 8.231689553875772E-5, 3.3844181158286055E-5, 1.5457362596603596E-5, 7.883000861367881E-5, 4.996228197081137E-5, 8.157159976389261E-5, 6.490129692483847E-4, 1.3563787629101501E-4, 2.9025265502997184E-4, 4.988707680706497E-5, 1.8157596009504942E-5, 5.276773311472788E-4, 0.001161797346539287, 0.0012561584988628085, 5.139392686991464E-4, 0.0014409156211025417, 0.001737213697605276, 0.0024333406148842004, 1.2713813848576423E-4, 0.0018154289205499067, 0.004151573597400297, 0.015400868245974617, 0.0010710382252165072, 0.008825909737743881, 0.004734145567889685, 0.027952702565327444, 0.002643793746463801, 0.03250519342078491, 0.009050980471959498, 0.013361032680091138, 0.08009301048514236, 0.07010841373407613, 0.1497093223889832, 0.009274304641318626, 0.3016224724207471, 0.07620958260899068, 0.032344578336855924, 0.2902687150840062, 0.2692094191871211, 0.07426308421802272, 0.8327389456922306, 0.16178144668693042, 0.5250062623826759, 0.04085576154757809, 0.20997459522947617, 0.3359439437851206, 0.312954430245616, 0.15312164409938916, 0.9754218412568926, 0.9156943812788867, 0.9599114020020236, 0.9144618995079778, 0.5215517768515772, 0.566708888196366, 0.012712961368836623, 0.7784622935749109, 0.1429740285617406, 0.23567890681282536
0.9999979550080446, 0.9999979269943992, 0.9999980160377743, 0.9999979100090135, 0.9999978655664093, 0.9999978519044221, 0.9999978674472986, 0.9999980833080229, 0.9999975464903109, 0.9999975748281721, 0.9999980535014567, 0.9999975532984721, 0.9999982341252752, 0.9999975884307652, 0.9999974511238433, 0.9999979975209907, 0.9999974578886975, 0.9999984581786989, 0.9999976621737257, 0.9999953081029223, 0.9999987027014071, 0.9999982227215239, 0.9999977986388952, 0.9999961691548533, 0.9999961401238057, 0.9999992357263994, 0.9999977829931713, 0.9999992402078655, 0.9999967151858339, 0.9999941652306454, 0.9999965226349807, 0.9999937938135433, 0.9999859707772195, 0.9999928477590644, 0.9999869245069443, 0.9999834656706507, 0.9999979218764513, 0.9999501428686052, 0.9999679130538716, 0.999963538726155, 0.999930206662286, 0.9999958490725829, 0.9999956481542478, 0.9999176831065612, 0.9999661558204846, 0.9999845426384218, 0.9999211699970008, 0.9999500377653804, 0.9999184284016425, 0.9993509870322, 0.9998643621604378, 0.9997097473476235, 0.9999501129253305, 0.9999818424070687, 0.9994723226727554, 0.9988382026541249, 0.9987438415018758, 0.9994860607314285, 0.9985590843790186, 0.998262786304313, 0.9975666593903593, 0.9998728618621204, 0.9981845710796233, 0.9958484264037426, 0.9845991317547077, 0.9989289617750502, 0.9911740902626549, 0.9952658544324973, 0.9720472974350266, 0.9973562062538096, 0.9674948065795124, 0.9909490195281888, 0.9866389673204257, 0.9199069895146214, 0.9298915862663494, 0.8502906776110869, 0.990725695358681, 0.6983775275793878, 0.923790417390887, 0.9676554216630453, 0.7097312849162257, 0.7307905808129643, 0.9257369157823905, 0.1672610543089111, 0.8382185533133537, 0.4749937376175151, 0.9591442384526262, 0.7900254047706373, 0.6640560562149906, 0.6870455697543906, 0.8468783559006736, 0.024578158743087084, 0.08430561872134032, 0.040088597997891655, 0.08553810049191889, 0.4784482231484986, 0.43329111180372587, 0.9872870386312766, 0.22153770642498385, 0.8570259714383056, 0.7643210931869747
2.251389340277264E-6, 2.1584500844403304E-6, 2.080618686664605E-6, 2.481549152387958E-6, 2.1297160446087603E-6, 2.461871316895701E-6, 2.1785311931086336E-6, 2.0767934086854923E-6, 2.396631273629461E-6, 2.534315970482071E-6, 2.0286797598810855E-6, 2.086827435563302E-6, 1.848022179134581E-6, 1.8866102579131283E-6, 2.2696376451457302E-6, 1.916421971326941E-6, 3.692732829421055E-6, 1.71907454532372E-6, 3.058090446672328E-6, 2.3052201858550046E-6, 2.5881831612088456E-6, 2.5336603790011036E-6, 2.6725001408753818E-6, 1.911414440187484E-6, 6.49126868574371E-6, 5.241236664496111E-6, 7.212942694424936E-7, 5.990864049059451E-6, 6.8680451012292784E-6, 1.3193755889072513E-6, 2.268605581541266E-6, 7.667557209942191E-7, 9.551685660239571E-7, 1.7223389164783706E-5, 9.219482661004767E-6, 2.182287458245527E-5, 7.050514045553585E-6, 1.743204589641464E-5, 5.60674326097969E-6, 3.430633540708033E-5, 6.0419185685391385E-5, 5.107069146918273E-6, 3.221376328743252E-5, 7.324842211542188E-5, 1.876282322029999E-4, 1.1557162869155011E-5, 6.497803768877979E-5, 1.616056829548431E-4, 1.331203024884282E-4, 2.052900477579419E-4, 1.0238128708320552E-4, 5.003570253936723E-4, 5.31289492436845E-5, 0.002640775441587482, 0.001044024618595503, 0.002428321589188859, 1.8011785774545762E-4, 0.002795040602090477, 0.011378959868367218, 0.0016775815922435045, 2.1896532667089455E-4, 3.548520022004155E-5, 4.2684160346415524E-4, 0.0018722698581038074, 0.011724466122395793, 0.010381403493342196, 0.013642262612129034, 0.052586070129354665, 0.014715726525202219, 0.057091454569302556, 0.029979392473622104, 0.005612984308821265, 0.02242523615517164, 0.02646088463981103, 0.14770883317596561, 0.18519130743785828, 0.14743716403778806, 0.26426449501071514, 0.057077173570708635, 0.15304814304702521, 0.08659500215078494, 0.43516613281847816, 0.2582551274952946, 0.5905690368096009, 0.009234355031209143, 0.6179142381094779, 0.20160332284834656, 0.24958480682548687, 0.1346461535118753, 0.6433443147521426, 0.7757001082116785, 0.9197103559993173, 0.1246755181801955, 0.8009051314092166, 0.0253459978622639, 0.4107547841823616, 0.3117653626677304, 0.423914619629845, 0.0852141377956929, 0.026049074656909647, 0.5780748130985894
0.9999977495114795, 0.9999978418721869, 0.999997919719489, 0.9999975186824441, 0.9999978705155569, 0.9999975383548692, 0.9999978215597735, 0.9999979234894728, 0.999997603512409, 0.99999746678629, 0.999997971462543, 0.9999979134267124, 0.9999981521179405, 0.9999981134954249, 0.9999977305267305, 0.9999980838264373, 0.9999963073364364, 0.99999828105332, 0.999996941953512, 0.9999976948905162, 0.999997412005049, 0.9999974663976579, 0.9999973276133304, 0.999998088775242, 0.9999935087772032, 0.9999947588671143, 0.999999278805229, 0.9999940093375231, 0.9999931320439872, 0.9999986806461498, 0.9999977314729477, 0.999999233269451, 0.999999044860171, 0.9999827767746635, 0.9999907805207469, 0.9999781771299208, 0.9999929496488372, 0.9999825679801841, 0.9999943932596336, 0.9999656936658732, 0.9999395808624559, 0.9999948929349728, 0.9999677862416707, 0.9999267515797927, 0.9998123717708377, 0.9999884428378644, 0.9999350219656858, 0.9998383943219408, 0.9998668796990805, 0.9997947099553953, 0.999897618715981, 0.999499642975791, 0.999946871147639, 0.9973592245592969, 0.9989559753829047, 0.9975716784343801, 0.999819882144098, 0.9972049593987147, 0.9886210401328331, 0.9983224184077294, 0.9997810346733784, 0.9999645148000299, 0.9995731583967925, 0.9981277301420196, 0.9882755338795847, 0.9896185965071375, 0.9863577373880236, 0.947413929870716, 0.9852842734748767, 0.9429085454308979, 0.9700206075265504, 0.9943870156914207, 0.9775747638450775, 0.9735391153601237, 0.8522911668243733, 0.8148086925622283, 0.852562835962551, 0.7357355049893766, 0.9429228264298227, 0.8469518569530133, 0.9134049978491909, 0.5648338671815675, 0.7417448725048715, 0.40943096319057765, 0.9907656449688687, 0.3820857618904933, 0.7983966771515161, 0.7504151931745824, 0.8653538464880567, 0.35665568524805286, 0.22429989178843007, 0.08028964400061338, 0.8753244818197385, 0.19909486859077066, 0.9746540021377035, 0.589245215817721, 0.6882346373322052, 0.5760853803701618, 0.9147858622043309, 0.973950925343069, 0.42192518690154496
2.0692854501007217E-6, 2.16283240010012E-6, 2.2431066441691433E-6, 2.2216917167899208E-6, 2.300510933788922E-6, 2.265218949365351E-6, 2.1456548696082477E-6, 2.614815754257595E-6, 1.817134958188377E-6, 1.7557827881978839E-6, 2.5061481024817227E-6, 1.8925351548446078E-6, 2.3847098443985366E-6, 2.641977252706089E-6, 2.375860315038316E-6, 2.483457266225886E-6, 2.5632012282299335E-6, 2.266325238552519E-6, 1.6985895130195183E-6, 2.798123557767617E-6, 2.6705638277500393E-6, 1.7028453171907889E-6, 1.8122980283744902E-6, 4.054824370765546E-6, 5.410096173656369E-6, 4.305703529397434E-6, 3.126506405778769E-6, 8.718218366062416E-7, 8.989866674079706E-6, 1.373965122534404E-5, 4.753070492428569E-6, 2.0873211400260165E-6, 8.365202262932865E-6, 1.9676811602385E-5, 3.3329853637833823E-6, 1.0263567161249683E-5, 4.3686493910015375E-6, 8.736567251226782E-6, 5.619823533268617E-6, 1.3178180656191805E-5, 1.4067399752138376E-6, 9.13578503320544E-6, 1.2631819420708651E-5, 1.1105327678895446E-7, 1.1170829603396833E-5, 3.7881251315011136E-6, 6.980681328305313E-5, 3.2028949914943025E-4, 5.6326048570378726E-5, 2.529298433275147E-5, 6.066465626760035E-5, 2.702400517727621E-4, 3.9629676827043836E-5, 2.2723483138308037E-4, 2.2579470219592808E-5, 0.0014739912314689983, 0.0010043545109824782, 0.004178404657993794, 4.531379638533999E-4, 0.0011970691717004087, 0.002516737588396922, 0.005603029336770238, 5.552939033158198E-4, 0.0022020229201674853, 0.005005688550850018, 0.036425668635040855, 0.007130043527762113, 0.011511691110547631, 0.027581648341237337, 0.006553783396391884, 0.0060988265431111, 0.03833551353290813, 0.010818435162097717, 0.016067960630958153, 0.04396303040674148, 0.17021756923062126, 0.003782523970669636, 0.04885630402958672, 0.07577622434782133, 0.4031105886100099, 0.1910131155347779, 0.24282856525871976, 0.41130802065106736, 0.26393189284881724, 0.8596132151348875, 0.01990951835048896, 0.4656435894791158, 0.10260804228155718, 0.005190258596541625, 0.4838805847235384, 0.21494715447737886, 0.5219501601011697, 0.09667862439516212, 0.5338854954946749, 0.1506146318731003, 0.10362704899401677, 0.9552079740154485, 0.6448373691404706, 0.21450249990274134, 0.7760249303675965, 0.8201864383656731
0.9999979318648978, 0.999997837369411, 0.9999977579428823, 0.9999977794119431, 0.9999977006030044, 0.9999977359049816, 0.9999978554520328, 0.9999973862109217, 0.9999981829586407, 0.9999982444632554, 0.9999974939338477, 0.9999981075457689, 0.9999976155087577, 0.9999973581930451, 0.9999976243095324, 0.9999975165928932, 0.9999974369096888, 0.9999977339052925, 0.9999983015037, 0.9999972019729001, 0.9999973295228592, 0.9999982972385382, 0.9999981877271517, 0.9999959452303011, 0.999994589994935, 0.9999956943386286, 0.9999968735472596, 0.9999991282150433, 0.9999910102323923, 0.9999862603947113, 0.9999952479408305, 0.9999979127273718, 0.9999916348595793, 0.9999803232790272, 0.9999966670173077, 0.9999897364979886, 0.9999956313560753, 0.9999912634633977, 0.9999943802023907, 0.9999868218238502, 0.999998593313978, 0.9999908642186917, 0.9999873682370602, 0.9999998889678965, 0.999988829197738, 0.9999962119439025, 0.9999301931875467, 0.9996797105018365, 0.9999436739527597, 0.9999747070176027, 0.9999393353453715, 0.9997297599948933, 0.9999603703251021, 0.9997727651697691, 0.9999774205309145, 0.9985260087701244, 0.9989956454894627, 0.9958215953425497, 0.9995468620371477, 0.9988029308287306, 0.9974832624122898, 0.9943969706634165, 0.9994447060970157, 0.9977979770808607, 0.9949943114498088, 0.9635743313653766, 0.992869956472533, 0.988488308890208, 0.9724183516595498, 0.9934462166042279, 0.9939011734572796, 0.9616644864671895, 0.9891815648379688, 0.9839320393693421, 0.9560369695934304, 0.8297824307693981, 0.9962174760293943, 0.9511436959704235, 0.9242237756520802, 0.5968894113901662, 0.8089868844654735, 0.7571714347412938, 0.5886919793488989, 0.736068107151116, 0.14038678486523715, 0.9800904816495887, 0.5343564105209594, 0.8973919577184926, 0.9948097414035871, 0.516119415276634, 0.7850528455226741, 0.4780498398988338, 0.9033213756047945, 0.4661145045051893, 0.8493853681269863, 0.8963729510060308, 0.04479202598447675, 0.3551626308593215, 0.7854975000969667, 0.2239750696324857, 0.17981356163453271
2.1201447744750896E-6, 2.3689728458336373E-6, 2.353879476127E-6, 2.194954022512481E-6, 2.2564756073831567E-6, 2.3726072378300904E-6, 2.28591718129748E-6, 2.2532189219100478E-6, 2.0325005319765463E-6, 2.0562712252405093E-6, 2.1033739723207134E-6, 2.1167616233072405E-6, 2.400921034865793E-6, 1.7677419327376536E-6, 3.075487409448135E-6, 1.8697834740007226E-6, 2.9200930482500733E-6, 1.3158887494032376E-6, 2.231228132316256E-6, 3.137956570503625E-6, 2.6863990317264152E-6, 2.832332537114122E-6, 9.387028224649945E-7, 1.9996391711771584E-6, 3.2846269998971164E-6, 5.875582034319488E-6, 3.227598024597687E-6, 4.8463849963439116E-6, 4.573694820723582E-6, 8.66144483888063E-6, 9.25235499236252E-6, 2.373599539447739E-6, 1.097866278173033E-5, 2.939609106719987E-6, 1.840993958545971E-5, 1.1115298285091027E-5, 1.5908799245701503E-5, 7.675991151392109E-5, 2.588055288092102E-6, 1.3090920040223343E-5, 4.5585054665303234E-5, 1.784146418013655E-5, 3.3157724813154106E-6, 4.1833700961232205E-5, 2.0753807280642924E-5, 2.4105695829242113E-4, 1.8290681047407084E-4, 4.346452409261662E-4, 2.6307299698390086E-4, 9.131529496933933E-5, 2.180404799176134E-4, 1.7858459264029636E-5, 2.3652372559040393E-4, 4.7489710823393354E-4, 8.480364082598368E-4, 5.502232509696932E-4, 2.2023394545265593E-4, 0.0013172413341491962, 2.615121408769323E-4, 9.367101160138254E-4, 3.2230548896125327E-4, 0.002989393767037919, 0.002092218601761926, 3.937978698517869E-4, 0.0019084453137281907, 0.0034340759139024736, 9.000760346884629E-4, 0.0167504035296009, 0.0036333768349551127, 0.0077821829203826, 0.00124110136621554, 0.04278961178219189, 0.0679143579850615, 0.012327520390492428, 0.203269085511671, 0.08295648688874355, 0.009457725170422636, 0.05356094663736541, 0.07900229943322719, 0.16868996507764725, 0.2595021969105837, 0.040263217941381116, 0.3344717245586463, 0.7291746324511537, 0.24943117693897274, 0.23714508045126437, 0.3193104764744519, 0.9107255942241327, 0.41608382291959756, 0.3440608118618984, 0.48690811386817084, 0.9043438520151931, 0.23701926743535343, 0.9303573037302902, 0.9187893638760016, 0.2582221690858369, 0.08364514522091777, 0.7532499873107437, 0.20980763201395974, 0.5272963214909988, 0.42596638672299486
0.9999978808590523, 0.9999976312686945, 0.9999976472650456, 0.9999978060440258, 0.9999977437473456, 0.9999976275156625, 0.9999977142274922, 0.9999977471405707, 0.9999979677274978, 0.9999979448743538, 0.9999978967599102, 0.9999978833154162, 0.9999975993545188, 0.999998232333003, 0.9999969246607825, 0.9999981305016704, 0.9999970802509234, 0.9999986841926255, 0.9999977688271352, 0.9999968621087518, 0.9999973136450443, 0.9999971676945489, 0.9999990613466377, 0.9999980004149527, 0.9999967154139222, 0.9999941245017685, 0.999996772596454, 0.999995153667386, 0.9999954265266705, 0.9999913386680704, 0.9999907476492812, 0.999997626447306, 0.9999890214617634, 0.9999970603958509, 0.9999815901167249, 0.9999888847035066, 0.9999840912300837, 0.9999232400913131, 0.9999974119485215, 0.9999869090859248, 0.9999544149464311, 0.9999821585391, 0.9999966843387637, 0.9999581663008534, 0.9999792461936988, 0.9997589430448487, 0.999817093190288, 0.9995653547624539, 0.9997369270037951, 0.9999086847056088, 0.9997819595208212, 0.9999821415420392, 0.9997634762748158, 0.9995251028921527, 0.9991519635921762, 0.9994497767494885, 0.9997797660571401, 0.9986827586662614, 0.9997384878593173, 0.9990632898842619, 0.999677694511825, 0.9970106062331514, 0.997907781398385, 0.9996062021305413, 0.9980915546865027, 0.9965659240871956, 0.9990999239655078, 0.9832495964706356, 0.9963666231653233, 0.992217817079897, 0.9987588986339117, 0.9572103882177591, 0.9320856420152569, 0.9876724796097922, 0.7967309144884275, 0.9170435131120245, 0.9905422748296087, 0.9464390533628169, 0.9209977005668125, 0.8313100349225301, 0.740497803089608, 0.9597367820587858, 0.6655282754412314, 0.2708253675489707, 0.7505688230612996, 0.7628549195489849, 0.6806895235255347, 0.08927440577603829, 0.5839161770803384, 0.6559391881381734, 0.5130918861317573, 0.09565614798485625, 0.7629807325645585, 0.06964269626987823, 0.08121063612413897, 0.7417778309141744, 0.9163548547790248, 0.24675001268935845, 0.7901923679859842, 0.47270367850906786, 0.5740336132769852