1.0E-4, 1.2022644346174131E-4, 1.445439770745928E-4, 1.7378008287493763E-4, 2.089296130854041E-4, 2.511886431509582E-4, 3.019951720402019E-4, 3.630780547701018E-4, 4.3651583224016654E-4, 5.248074602497734E-4, 6.309573444801943E-4, 7.585775750291852E-4, 9.120108393559115E-4, 0.0010964781961431873, 0.0013182567385564101, 0.0015848931924611173, 0.001905460717963252, 0.0022908676527677793, 0.0027542287033381747, 0.0033113112148259213, 0.0039810717055349856, 0.0047863009232264, 0.00575439937337159, 0.006918309709189391, 0.008317637711026742, 0.01000000000000004, 0.01202264434617418, 0.014454397707459338, 0.017378008287493835, 0.020892961308540493, 0.025118864315095923, 0.030199517204020317, 0.036307805477010326, 0.043651583224016834, 0.05248074602497755, 0.06309573444801969, 0.07585775750291883, 0.09120108393559152, 0.10964781961431916, 0.13182567385564148, 0.15848931924611226, 0.1905460717963258, 0.2290867652767786, 0.2754228703338182, 0.33113112148259294, 0.3981071705534995, 0.47863009232264103, 0.5754399373371601, 0.6918309709189404, 0.8317637711026757, 1.0000000000000058, 1.2022644346174198, 1.4454397707459357, 1.7378008287493854, 2.0892961308540516, 2.511886431509595, 3.019951720402034, 3.6307805477010344, 4.365158322401684, 5.248074602497756, 6.309573444801967, 7.585775750291878, 9.120108393559146, 10.964781961431907, 13.182567385564141, 15.848931924611222, 19.05460717963258, 22.908676527677866, 27.54228703338183, 33.11311214825931, 39.810717055349976, 47.86300923226415, 57.54399373371608, 69.18309709189413, 83.17637711026768, 100.00000000000071, 120.22644346174216, 144.54397707459384, 173.78008287493887, 208.92961308540558, 251.18864315096002, 301.99517204020407, 363.07805477010436, 436.5158322401697, 524.8074602497771, 630.9573444801988, 758.5775750291906, 912.010839355918, 1096.4781961431952, 1318.2567385564196, 1584.8931924611288, 1905.4607179632658, 2290.867652767796, 2754.2287033381945, 3311.3112148259447, 3981.071705535014, 4786.300923226434, 5754.399373371632, 6918.309709189441, 8317.637711026802, 10000.0
4.321556569465172E-4, 2.829975739196927E-4, 3.3149749287310305E-4, 3.3928496710946936E-4, 5.000140153072021E-4, 5.303674364996822E-4, 8.168114086770542E-4, 4.6697269087235364E-4, 2.0552931000777214E-4, 4.6305699391554003E-4, 6.555075536094305E-4, 6.358939932126001E-4, 8.253160975309113E-4, 5.99568553815343E-4, 2.157346360988255E-4, 3.2976000432930266E-4, 6.50064643410384E-4, 3.323677915234532E-4, 4.3714556244599766E-4, 2.8849368798229214E-4, 1.388179585555772E-4, 1.0815682151206008E-4, 6.486496192492468E-5, 0.0014388995176403724, 8.912656485537572E-5, 1.890344460620092E-4, 1.9358308031239128E-4, 7.531130119245747E-4, 8.432584102125014E-4, 7.999597247343184E-4, 0.00252526323158076, 9.356237430672106E-4, 7.710592414969389E-5, 0.001257232051972586, 0.0014495956373449244, 0.011016761273225914, 5.341691304305224E-4, 0.010654750815676585, 0.018420078870551818, 0.0042272799814195745, 0.0015310365473476463, 0.003384057308737785, 7.213066859439034E-4, 0.043716893469693124, 0.0030961654898626506, 0.055123793316987135, 0.016563525738762564, 0.010846594805609283, 0.02441558981793575, 0.016780392422391537, 0.006981636199899274, 0.03214352253178029, 0.010637212374966868, 0.010043095578392251, 0.028686876274605408, 0.003658117568656727, 0.0028689760210665748, 0.002241074317686903, 0.009896042317302102, 0.0012886238033849896, 0.006657237296925492, 0.010900905404481034, 0.005377890253888804, 0.003930519580940266, 0.013666015852380814, 0.007529290428021269, 0.0031927945839781797, 0.0055263799311152575, 0.0026942462742069115, 0.006832436270665118, 0.003938564861950503, 0.003981498064940274, 8.646697369003539E-4, 0.002838387467420879, 0.0011710719557841932, 0.0011900671518874006, 0.001335988968278451, 5.504765063495658E-4, 4.504796841836877E-4, 0.0015431320827803663, 4.814491916749668E-4, 4.1276742682680705E-4, 4.4029413475932364E-4, 3.3877972222638155E-4, 1.9683871970670955E-4, 2.2829234703540102E-4, 3.1476670171011337E-4, 1.2862587743271833E-4, 5.345978972256609E-4, 6.472435947311103E-4, 2.650239339362444E-4, 5.184674310692331E-4, 3.9537206292687395E-4, 2.253422825884972E-4, 4.398274967969051E-4, 2.544533393682236E-4, 4.929988389981575E-4, 4.4201577473575865E-4, 2.4142928841401363E-4, 5.350441176825982E-4, 1.8958541746808867E-4
0.9995678443430778, 0.9997170024260417, 0.9996685025071368, 0.9996607150328924, 0.9994999859846898, 0.999469632563501, 0.9991831885912869, 0.9995330273091387, 0.9997944706900045, 0.9995369430060848, 0.999344492446392, 0.9993641060067744, 0.999174683902474, 0.9994004314461884, 0.9997842653638684, 0.9996702399956371, 0.9993499353565845, 0.9996676322085065, 0.9995628544375492, 0.9997115063120036, 0.9998611820414297, 0.9998918431785143, 0.9999351350380766, 0.9985611004823332, 0.9999108734351447, 0.9998109655539758, 0.9998064169196833, 0.9992468869880727, 0.9991567415897741, 0.9992000402752496, 0.9974747367683819, 0.9990643762568949, 0.999922894075877, 0.9987427679480501, 0.9985504043626459, 0.9889832387267449, 0.9994658308695953, 0.9893452491842847, 0.9815799211294487, 0.99577272001859, 0.9984689634526157, 0.9966159426912706, 0.9992786933140307, 0.9562831065302878, 0.9969038345101907, 0.9448762066830726, 0.9834364742612214, 0.9891534051944135, 0.9755844101821312, 0.9832196075776101, 0.9930183638001825, 0.967856477468248, 0.9893627876250056, 0.9899569044215707, 0.9713131237254342, 0.9963418824313091, 0.9971310239789086, 0.9977589256824444, 0.9901039576827302, 0.9987113761966027, 0.993342762703068, 0.9890990945956363, 0.9946221097461493, 0.9960694804189706, 0.9863339841476383, 0.9924707095718568, 0.9968072054160128, 0.9944736200689929, 0.9973057537259419, 0.9931675637292097, 0.9960614351379926, 0.9960185019351068, 0.9991353302630901, 0.9971616125327205, 0.9988289280441687, 0.9988099328479076, 0.9986640110318015, 0.9994495234936502, 0.9995495203156561, 0.9984568679174837, 0.9995185508085029, 0.999587232573217, 0.99955970586517, 0.9996612202777898, 0.9998031612802636, 0.9997717076529844, 0.9996852332980546, 0.9998713741221518, 0.9994654021024848, 0.999352756405179, 0.9997349760661749, 0.999481532568764, 0.9996046279368713, 0.9997746577174247, 0.9995601725032305, 0.9997455466605117, 0.9995070011605851, 0.999557984224862, 0.9997585707109643, 0.999464955882152, 0.9998104145835789
1.737954017794474E-4, 4.0966148837641436E-4, 3.1805304139841356E-4, 3.690483225197946E-4, 3.7669835200422825E-4, 7.962251833500203E-4, 3.163123113472926E-4, 9.004019556576909E-4, 5.148646494773875E-4, 4.74379943648046E-4, 3.923238788219049E-4, 3.151310792349365E-4, 3.5814625665462046E-4, 4.2641899770897926E-4, 4.7570231556630545E-4, 3.4224555581263694E-4, 7.670100895278094E-4, 5.44515227510925E-4, 5.452449745336622E-4, 2.812450182293684E-4, 2.3605976579131084E-4, 7.312659411378986E-4, 1.1481142119521308E-4, 7.730638409329472E-4, 5.600582766007419E-4, 0.001284061429643656, 2.8330492211531494E-4, 1.4300979080435726E-5, 0.0012176496592878183, 4.4449977802216655E-4, 0.0017567902494092114, 0.0018990602325291792, 0.0018069611413242274, 7.545538549765581E-5, 0.0016566102621319815, 0.006005957123617174, 0.007855253685046991, 0.0016790980371007536, 0.003442229182151215, 0.0067102429163445835, 0.002374116588805519, 0.0038737070071270434, 0.007711533310163343, 0.0016632492452933797, 0.005880213747057581, 0.0010558504060514315, 0.017249503191744592, 0.005579954575282275, 0.06600633903210701, 0.02253614968300658, 0.01826648061617405, 0.08248420597322821, 0.044681923904538734, 0.008734765909138114, 8.83412641341382E-5, 0.009491256726325451, 0.0409994359346749, 0.0109244155990453, 0.001605657715681573, 0.02070791783834986, 0.0016597301855741332, 0.004015152385949018, 0.002993368961915315, 0.00819987221717401, 0.017009907463072113, 0.006484315090345555, 0.004745476995434495, 0.004366591443242631, 0.0010588591918205858, 6.126986380522287E-4, 8.688314930150598E-4, 0.0014695110240799483, 1.518791424221632E-4, 0.002867855231817769, 7.595218681489364E-5, 7.877062663954643E-4, 5.186107302268834E-4, 0.002397637324837066, 7.756384915553675E-4, 7.456826408117762E-4, 0.0015767334657314225, 0.0010106659624934881, 6.096517509233696E-4, 1.9535893829427872E-4, 4.995978803589052E-4, 4.6898394439847356E-4, 2.087672069124272E-4, 0.0011427340327592804, 2.656242477170525E-4, 9.105718356308789E-4, 5.278377944161021E-4, 1.3718547817572271E-4, 3.738295651526144E-4, 3.216608690454234E-4, 2.8071678155812884E-4, 3.1325381808222077E-4, 3.3721432415061234E-4, 3.7557402503787547E-4, 4.8197468104394436E-4, 3.9939410388649356E-4, 4.8118655906083906E-4
0.9998262045982111, 0.9995903385116317, 0.9996819469586149, 0.9996309516775098, 0.9996233016480047, 0.9992037748166323, 0.9996836876886488, 0.9990995980443288, 0.9994851353505002, 0.9995256200563463, 0.9996076761211539, 0.9996848689207964, 0.9996418537433692, 0.9995735810022984, 0.999524297684422, 0.9996577544441533, 0.9992329899104738, 0.9994554847724799, 0.9994547550254734, 0.9997187549817803, 0.9997639402341848, 0.9992687340589077, 0.9998851885787897, 0.9992269361590358, 0.9994399417233987, 0.9987159385703466, 0.9997166950779071, 0.9999856990208863, 0.9987823503407056, 0.9995555002219835, 0.9982432097505942, 0.9981009397674873, 0.9981930388586535, 0.999924544614537, 0.9983433897378803, 0.9939940428763322, 0.9921447463148938, 0.998320901962904, 0.9965577708178606, 0.9932897570836836, 0.9976258834111329, 0.9961262929928653, 0.992288466689874, 0.9983367507547017, 0.994119786252924, 0.9989441495939934, 0.9827504968082225, 0.9944200454247455, 0.9339936609678519, 0.977463850316938, 0.9817335193838406, 0.9175157940268619, 0.9553180760954465, 0.9912652340908634, 0.9999116587358454, 0.9905087432736994, 0.9590005640653163, 0.9890755844009662, 0.998394342284341, 0.9792920821616756, 0.9983402698144199, 0.9959848476140905, 0.9970066310380157, 0.9918001277827511, 0.9829900925369518, 0.9935156849096788, 0.9952545230045041, 0.9956334085568183, 0.9989411408083045, 0.9993873013621244, 0.9991311685070194, 0.9985304889757967, 0.9998481208575811, 0.9971321447682975, 0.9999240478132246, 0.9992122937336808, 0.999481389269997, 0.9976023626751314, 0.9992243615084441, 0.9992543173592209, 0.9984232665343238, 0.9989893340372766, 0.9993903482493588, 0.9998046410617318, 0.9995004021197973, 0.999531016055688, 0.9997912327931539, 0.9988572659671463, 0.9997343757526499, 0.9990894281643212, 0.9994721622059732, 0.9998628145218161, 0.9996261704344007, 0.9996783391308164, 0.9997192832183253, 0.9996867461823133, 0.9996627856762296, 0.999624425975015, 0.9995180253188636, 0.9996006058965908, 0.9995188134411978
8.320144673238854E-4, 2.254151655151403E-4, 5.117960282701173E-4, 2.703522617401267E-4, 5.768790566252297E-4, 4.8117703445186427E-4, 7.89858552311794E-4, 6.725812378829956E-4, 2.0491319241968233E-4, 4.2546065585278865E-4, 3.6945925330772195E-4, 2.763011925173411E-4, 3.6875957589832054E-4, 4.8184367846083225E-4, 4.6619525702394117E-4, 4.6598607239928865E-4, 5.144064450277042E-4, 2.717369924273151E-4, 7.689355162453239E-4, 3.187982309724635E-4, 4.818066557510307E-4, 9.473437560593781E-5, 0.001221347143832572, 3.4548368121295903E-4, 7.203000421381663E-5, 0.002059707613066256, 2.133274445723899E-4, 0.001312375766530868, 0.0021756556162789513, 0.003828525287573327, 7.584340206018071E-4, 7.942467944249427E-4, 0.001450595870758418, 0.0067082133709887625, 3.158823860525146E-4, 0.0025921684441053672, 0.003979240028294601, 0.00752688537560605, 0.00665920057140386, 0.0015816463139926235, 0.028394937830475364, 0.011632107218942657, 0.0010364686812339911, 0.006292053724279477, 0.001528626743523547, 0.006106904633432387, 0.029276103785856267, 0.025011106487863997, 0.04501364015060025, 0.018614378232198664, 0.029097469636573906, 0.01204582799951659, 0.034099623195852025, 0.012354875737312317, 0.004887785911583645, 0.0028940182676811164, 0.003333551023968863, 0.01897198595290803, 0.00748831066985223, 0.02873456778956401, 0.0067088309887375075, 0.0051666633840679495, 0.0013171191883089642, 0.012093164000722152, 2.767775486559362E-4, 0.0012248958229564627, 0.004108759209626547, 6.428889987203657E-4, 0.012210899684684102, 0.0032076948422569973, 0.0027738562134300977, 3.0912860531262564E-4, 7.267691052358517E-4, 1.326663294861155E-5, 0.0014527521768558588, 3.964396315480896E-4, 2.488540351317987E-4, 1.8298325935165198E-4, 0.0018562258961802689, 0.0018201507576280354, 0.0013275209793547592, 1.7846080827427745E-4, 1.7142196245481826E-4, 2.9786469434762205E-4, 5.824421845724648E-4, 6.465633177723984E-4, 7.117439891886216E-4, 2.058742501316658E-4, 1.234775963213832E-4, 4.602639547925547E-5, 5.246307257341523E-4, 5.30454570745817E-4, 4.986533639199935E-4, 4.89778839613529E-4, 3.7140850664061243E-4, 3.5262946452624313E-4, 4.8642022912264793E-4, 3.558738938829087E-4, 4.233542336099308E-4, 3.959397618643083E-4, 3.0693366891862417E-4
0.9991679855326682, 0.9997745848344791, 0.9994882039717318, 0.9997296477382844, 0.9994231209433825, 0.9995188229655607, 0.9992101414476766, 0.9993274187621164, 0.9997950868075731, 0.9995745393441375, 0.9996305407466953, 0.9997236988074798, 0.9996312404241231, 0.9995181563214871, 0.9995338047429808, 0.9995340139275878, 0.9994855935550077, 0.9997282630075699, 0.9992310644837725, 0.9996812017690164, 0.9995181933442134, 0.9999052656244369, 0.9987786528561372, 0.9996545163187823, 0.9999279699957785, 0.9979402923869213, 0.999786672555396, 0.9986876242334319, 0.9978243443837117, 0.996171474712398, 0.9992415659793953, 0.9992057532055657, 0.99854940412919, 0.9932917866289681, 0.9996841176139717, 0.9974078315558846, 0.9960207599716668, 0.9924731146243349, 0.9933407994285884, 0.9984183536859659, 0.9716050621695245, 0.9883678927809798, 0.9989635313188173, 0.9937079462756332, 0.9984713732564762, 0.9938930953665955, 0.9707238962141416, 0.9749888935121327, 0.9549863598493855, 0.981385621767748, 0.9709025303635245, 0.9879541720004732, 0.965900376804142, 0.9876451242626999, 0.9951122140884251, 0.9971059817324037, 0.9966664489759872, 0.9810280140470371, 0.992511689330211, 0.9712654322104484, 0.9932911690112685, 0.9948333366159415, 0.9986828808117169, 0.9879068359993307, 0.9997232224513816, 0.9987751041769797, 0.9958912407902817, 0.9993571110012814, 0.987789100315268, 0.9967923051578788, 0.9972261437867287, 0.9996908713947262, 0.9992732308947821, 0.9999867333672352, 0.9985472478230263, 0.9996035603685347, 0.9997511459649635, 0.9998170167406495, 0.9981437741038347, 0.9981798492425674, 0.9986724790206657, 0.9998215391915256, 0.9998285780376774, 0.9997021353052933, 0.9994175578153476, 0.999353436681723, 0.999288256011102, 0.9997941257497502, 0.9998765224035231, 0.9999539736041823, 0.9994753692741555, 0.9994695454291286, 0.9995013466357476, 0.9995102211602841, 0.9996285914933286, 0.9996473705356225, 0.9995135797704952, 0.999644126105988, 0.9995766457657658, 0.9996040602381213, 0.9996930663309432
3.4392557320241926E-4, 2.752247875869619E-4, 4.4530997320239374E-4, 3.691602701661784E-4, 6.471059128931285E-4, 4.89423341416521E-4, 3.6932043964660495E-4, 8.362117334406211E-4, 1.7230055792937958E-4, 4.5148223773034454E-4, 5.84709234668438E-4, 9.312105741355347E-4, 3.085783989867142E-4, 7.283055200839317E-4, 2.2547015672208601E-4, 8.328284832232638E-4, 5.05270021561815E-4, 5.381067467297024E-4, 6.594973706421337E-4, 6.878782962958341E-4, 3.326180855586936E-4, 1.7711038461651774E-4, 2.8756847151675206E-4, 2.8609703288470355E-4, 5.53581622485705E-4, 5.16416004559712E-4, 3.2400214299304784E-4, 3.2865097876254475E-4, 2.3549669195306404E-4, 0.0010104816281884758, 0.0027129684128105263, 0.0013380473175803856, 0.004656605171352869, 0.0017522269001827614, 0.002094047518597681, 0.003194229111573447, 0.004094399320018753, 7.969926334854861E-5, 0.00212242247086168, 0.018106841119687845, 0.015363563977063534, 0.02841600252406834, 0.002339186594021055, 0.012378423330745687, 0.004560852553910784, 0.0019636043527439945, 0.04130088413691292, 0.004484354868670106, 0.017256495604823507, 0.00786471348345012, 0.0652729997335658, 0.008929067392817888, 0.02149806521360389, 0.029443390522017828, 0.027506713184726007, 0.03863735754954841, 0.009414368504850633, 1.727475779123766E-4, 0.0011774807464008294, 9.93901913681866E-4, 0.004176153478699126, 0.001912121280540738, 1.21741588608241E-4, 0.007845766356627402, 5.318907272432779E-6, 0.006547656476403957, 0.0016294715545813582, 8.092676275448562E-4, 0.009012470926911802, 0.001228218991051115, 7.726436537357653E-4, 1.831282139703222E-4, 4.784223423220154E-4, 0.002595243213662698, 0.001078919816350375, 9.721453447821106E-4, 0.0011435873876546516, 0.0012434189990981098, 6.379542819197157E-4, 3.204906742404019E-4, 1.7681770067487067E-5, 0.0016047480950466377, 1.8537847254827128E-4, 2.847632883691193E-4, 4.1050001117159387E-4, 7.577802394800569E-4, 3.9191120117196276E-4, 2.3221290646711738E-4, 1.0515146871824732E-4, 7.522618715137498E-4, 9.670819654933197E-4, 3.986015463252669E-4, 3.1887734254206455E-4, 3.785195511690608E-4, 3.4687939114458593E-4, 3.1534072132373935E-4, 2.7607893225629725E-4, 5.960213127728506E-4, 3.668444774535726E-4, 3.743045427586247E-4, 4.5779207641783457E-4
0.9996560744267965, 0.9997247752124253, 0.9995546900268162, 0.9996308397298314, 0.9993528940870927, 0.9995105766585894, 0.9996306795603241, 0.9991637882665518, 0.9998276994420902, 0.9995485177623084, 0.9994152907653641, 0.9990687894258576, 0.9996914216010102, 0.9992716944799412, 0.9997745298432932, 0.9991671715167908, 0.9994947299784686, 0.9994618932532887, 0.9993405026293743, 0.9993121217037063, 0.999667381914447, 0.9998228896154249, 0.9997124315284983, 0.9997139029670594, 0.9994464183775464, 0.9994835839954562, 0.9996759978570237, 0.9996713490212381, 0.9997645033080224, 0.9989895183718244, 0.9972870315872485, 0.9986619526823918, 0.9953433948286926, 0.9982477730999074, 0.9979059524815029, 0.996805770888389, 0.9959056006799589, 0.9999203007366323, 0.9978775775291454, 0.981893158880393, 0.9846364360229354, 0.9715839974759604, 0.9976608134059293, 0.9876215766692572, 0.9954391474460763, 0.998036395647263, 0.9586991158630175, 0.9955156451313271, 0.9827435043951653, 0.992135286516567, 0.9347270002664012, 0.9910709326071405, 0.9785019347864419, 0.9705566094779751, 0.9724932868152134, 0.961362642450488, 0.9905856314952004, 0.9998272524221139, 0.9988225192535534, 0.9990060980863313, 0.995823846521268, 0.9980878787194047, 0.9998782584114421, 0.9921542336433934, 0.9999946810926467, 0.9934523435234235, 0.998370528445486, 0.9991907323725577, 0.9909875290731378, 0.9987717810089571, 0.9992273563462234, 0.9998168717860676, 0.9995215776577183, 0.9974047567863361, 0.9989210801837446, 0.9990278546552461, 0.9988564126125302, 0.9987565810009411, 0.9993620457182208, 0.9996795093256204, 0.999982318229638, 0.9983952519047806, 0.9998146215272996, 0.9997152367116807, 0.9995894999888146, 0.9992422197605975, 0.9996080887990229, 0.9997677870935299, 0.9998948485312213, 0.9992477381283774, 0.9990329180350646, 0.9996013984539269, 0.9996811226573368, 0.9996214804485032, 0.9996531206091855, 0.9996846592792392, 0.9997239210680914, 0.9994039786868096, 0.9996331555221976, 0.9996256954570281, 0.9995422079237926
3.810292577980266E-4, 5.273996269618466E-4, 2.3005368369068612E-4, 3.3297460679663896E-4, 3.020580019157972E-4, 1.4951636167129592E-4, 2.742141809890376E-4, 3.368550187436547E-4, 2.513194132340449E-4, 3.811871050893609E-4, 6.090870163519115E-4, 2.3812372354353696E-4, 4.4484857547616614E-4, 9.984634981922203E-4, 4.06909950403234E-4, 4.035910568530765E-4, 1.6181356962638145E-4, 1.5319394185671093E-4, 2.8676342785879634E-4, 7.256855524757444E-4, 1.632522870963337E-4, 1.5556927733879596E-4, 0.001127648786096289, 7.038382253830551E-4, 7.913122149620982E-4, 0.001989916033403429, 1.0942044385476484E-4, 1.9119218979957576E-4, 0.001609641088781036, 3.45177502432335E-4, 0.001540918188509014, 0.004462054778838303, 8.525831841804592E-4, 6.57903054626886E-4, 8.277879695109268E-4, 0.007594865496952659, 0.0045891604759616, 0.01678593458603913, 0.0035330171414588354, 0.004480419132737034, 0.0016600890628952138, 0.001711571532253747, 0.018883538395271078, 0.0031372447443818964, 0.01874456630551105, 0.022566966562097956, 0.001109969032276671, 0.020170506753611366, 0.01011200846075513, 0.03789336985063891, 0.007540164398806015, 0.0014250525676304192, 0.010205259056047368, 0.012192730126877452, 0.005917150324316832, 0.02020065225714285, 0.03264859460474188, 0.021196721767609825, 0.016192877874888986, 0.003583212063070308, 0.04813724621453671, 0.004078850282235225, 0.00966694488746694, 0.006262153872041754, 0.010467725763765385, 0.0015335883955583714, 0.0028461454149440327, 0.010676039723309981, 0.00530530033405854, 0.0052958003844408505, 0.0010880555544610883, 1.4853230017782774E-4, 2.887201431589631E-4, 0.0038242974180838353, 0.003241161264885833, 0.0013649451412714691, 4.312255775081749E-4, 3.007963135317061E-4, 1.3484837275616699E-5, 4.0128234706733774E-4, 7.375641390771704E-4, 3.4523770255122333E-4, 3.8927004265618646E-4, 1.2058623323189018E-4, 0.0011603883034132637, 9.619997875417812E-4, 0.0010780554547756287, 6.42861774525441E-4, 2.3397372842578687E-4, 1.3703260781592697E-4, 4.6914666994902305E-4, 4.951978766861778E-4, 3.80973278982E-4, 6.379969050447623E-4, 2.464114923209819E-4, 2.0515582819640365E-4, 4.3747939713172264E-4, 4.497919523490184E-4, 4.1635357124287587E-4, 2.3098637116342581E-4, 4.714149968398128E-4
0.9996189707421979, 0.9994726003730457, 0.9997699463162961, 0.9996670253933192, 0.9996979419980769, 0.9998504836383405, 0.999725785819007, 0.9996631449812907, 0.9997486805867455, 0.999618812894903, 0.9993909129836563, 0.9997618762764566, 0.9995551514245417, 0.9990015365018288, 0.9995930900495794, 0.9995964089431596, 0.999838186430385, 0.9998468060581303, 0.9997132365721269, 0.999274314447513, 0.9998367477128841, 0.9998444307226638, 0.9988723512139036, 0.9992961617746114, 0.9992086877850501, 0.9980100839666315, 0.999890579556116, 0.9998088078102317, 0.9983903589111838, 0.9996548224975693, 0.9984590818114981, 0.9955379452211678, 0.999147416815818, 0.9993420969453655, 0.9991722120305154, 0.9924051345030559, 0.9954108395240387, 0.9832140654140177, 0.9964669828584983, 0.9955195808672436, 0.998339910937087, 0.9982884284678042, 0.9811164616047084, 0.9968627552556634, 0.9812554336944705, 0.9774330334378458, 0.9988900309677515, 0.9798294932463831, 0.9898879915391999, 0.9621066301493749, 0.9924598356012522, 0.9985749474324335, 0.9897947409438906, 0.9878072698731618, 0.994082849675728, 0.9797993477428095, 0.9673514053951991, 0.9788032782324835, 0.9838071221250838, 0.9964167879368718, 0.9518627537855084, 0.9959211497177844, 0.9903330551124868, 0.9937378461279347, 0.9895322742360503, 0.9984664116044778, 0.9971538545850017, 0.9893239602767059, 0.9946946996658529, 0.9947041996156937, 0.9989119444455241, 0.9998514676998311, 0.9997112798567359, 0.9961757025819822, 0.9967588387351861, 0.9986350548586869, 0.9995687744226286, 0.9996992036864915, 0.999986515162731, 0.9995987176528947, 0.9992624358611194, 0.9996547622972307, 0.999610729957039, 0.9998794137668859, 0.9988396116966209, 0.9990380002124698, 0.9989219445452109, 0.9993571382256765, 0.9997660262716594, 0.9998629673920352, 0.9995308533304468, 0.9995048021234686, 0.999619026720726, 0.9993620030950652, 0.9997535885079002, 0.9997948441717808, 0.9995625206025659, 0.9995502080475651, 0.9995836464287184, 0.9997690136286168, 0.9995285850027692
3.531822783631321E-4, 5.437309956218212E-4, 3.946803136602637E-4, 3.8752913335997645E-4, 6.04564298094129E-4, 3.813464145123813E-4, 4.751705828190435E-4, 5.061486541486481E-4, 8.909178812698303E-4, 4.24381855443883E-4, 1.524256101175076E-4, 2.5973266001700236E-4, 4.099709491572534E-4, 4.909390575617815E-4, 4.0378905554765403E-4, 4.145801225998087E-4, 3.8819766398929395E-4, 9.426647029175425E-4, 1.5039649123767826E-4, 8.915095041539473E-4, 3.962213049218282E-4, 3.151814909754763E-4, 5.747474965618056E-4, 1.490993864033262E-4, 5.383125364946712E-4, 0.0011027621305507106, 2.533000841921469E-4, 7.600953004557594E-4, 5.919068527977019E-4, 1.317677606088724E-4, 5.446170302483267E-4, 0.0027593485299982415, 5.428831327933333E-4, 6.499987566486918E-4, 0.003378081364514023, 2.3164927308609454E-4, 0.014289630292067961, 2.9772641764280565E-6, 0.004000069661914586, 9.655955238282057E-4, 0.004085656549902146, 2.1880928545202696E-6, 0.003761441882395721, 0.02293665388555908, 0.002744056536060918, 0.010795829363315529, 0.0015165319383027057, 0.011880729357391838, 0.0010268544726856317, 0.035096971577553746, 0.04010893863792386, 0.0022168528142944583, 0.02936455395377167, 0.012736416732943807, 0.0036906853960372112, 0.002929000058634562, 2.1103037506623682E-4, 0.017193998329607815, 4.972545400836774E-4, 0.006100449711205009, 0.0011262756847652254, 0.008727006923436368, 1.7335505955120797E-4, 0.012869152605830391, 0.005565271677553267, 0.0032219280383751514, 0.0037893592381518255, 0.0036920515684908694, 0.005716424244632236, 0.002829909926453065, 0.0016871698265243569, 5.065607543622273E-4, 3.6620653967671217E-4, 5.067354001037031E-4, 0.0023001089776460482, 0.0012580359198491042, 0.0017452963439107089, 1.7459510072649403E-4, 1.5482430481295788E-4, 4.809787384026545E-4, 3.986029403231176E-4, 7.025908233629428E-4, 4.834265945328738E-4, 8.30951182731627E-4, 7.487282578152563E-4, 3.304793577091048E-4, 4.70173941754973E-4, 6.217750767611597E-4, 5.685389386504034E-4, 2.408164905697758E-4, 5.060832202246563E-4, 5.718481785493596E-4, 4.2466857649693397E-4, 1.9134781738379967E-4, 3.784941514037646E-4, 3.6403752514417706E-4, 5.238936685197861E-4, 3.983701235886171E-4, 4.208223042136538E-4, 4.488501925223212E-4, 4.078659190370061E-4
0.9996468177216427, 0.99945626900438, 0.9996053196863247, 0.9996124708666639, 0.9993954357019015, 0.9996186535854845, 0.9995248294171678, 0.9994938513458419, 0.9991090821187194, 0.9995756181445478, 0.9998475743899052, 0.9997402673399832, 0.9995900290508741, 0.9995090609424258, 0.9995962109444104, 0.9995854198773937, 0.9996118023360028, 0.9990573352970284, 0.9998496035087385, 0.999108490495853, 0.9996037786951111, 0.9996848185090093, 0.9994252525034303, 0.9998509006135917, 0.9994616874634984, 0.9988972378694677, 0.9997466999157828, 0.9992399046995639, 0.9994080931471643, 0.9998682322393636, 0.9994553829698125, 0.9972406514700161, 0.9994571168672134, 0.9993500012433665, 0.9966219186354555, 0.9997683507269883, 0.9857103697079492, 0.9999970227357743, 0.9959999303381071, 0.9990344044761744, 0.9959143434500731, 0.9999978119070854, 0.9962385581176063, 0.9770633461144663, 0.9972559434639982, 0.9892041706366919, 0.998483468061653, 0.9881192706426398, 0.9989731455273548, 0.9649030284224316, 0.9598910613621001, 0.9977831471856436, 0.9706354460461771, 0.9872635832670571, 0.9963093146040187, 0.9970709999413659, 0.9997889696248193, 0.9828060016704111, 0.9995027454598596, 0.993899550288831, 0.9988737243151471, 0.9912729930764176, 0.9998266449404996, 0.9871308473941632, 0.9944347283224393, 0.9967780719615758, 0.9962106407618071, 0.9963079484315942, 0.9942835757553992, 0.9971700900736157, 0.998312830173806, 0.999493439245753, 0.9996337934603826, 0.9994932645999611, 0.9976998910222875, 0.9987419640801066, 0.998254703656128, 0.9998254048993628, 0.9998451756952614, 0.9995190212615841, 0.9996013970598754, 0.9992974091766631, 0.9995165734054761, 0.9991690488173394, 0.9992512717422379, 0.9996695206422389, 0.9995298260580867, 0.9993782249231993, 0.9994314610612736, 0.9997591835094569, 0.9994939167795558, 0.999428151821215, 0.9995753314237861, 0.9998086521825785, 0.9996215058480022, 0.9996359624750726, 0.9994761063312417, 0.9996016298765532, 0.9995791776962775, 0.9995511498076418, 0.9995921340807543
0.0010905020560379704, 3.487345357108501E-4, 0.0012603450470047494, 5.126936430634034E-4, 2.5473358383959173E-4, 3.88442604064859E-4, 3.958797954838765E-4, 3.720612509945211E-4, 2.93056409232423E-4, 5.035123019157355E-4, 3.325295668916595E-4, 2.430656840793936E-4, 3.993215401735218E-4, 1.2659125149766613E-4, 3.0492970477555715E-4, 2.332702284888427E-4, 1.7101329870963236E-4, 4.896223633242729E-4, 7.644992402496332E-4, 8.953142688505862E-4, 0.0010611095163377891, 3.7160408047031074E-4, 5.96195549306656E-4, 8.169216090694572E-5, 3.733957242784613E-4, 0.003905225454517602, 9.58636051241603E-4, 6.836773714892177E-4, 0.0023486040262874893, 0.0012051886236451007, 1.989658563591062E-4, 0.005373975741961582, 2.67271197401855E-4, 0.001445977248547376, 9.944321892309013E-4, 0.002191838471583241, 0.004706521131490867, 0.002585970986039918, 6.212259284810845E-4, 0.002248252486513509, 0.002694805868583945, 9.307849480517352E-5, 0.008112478049483673, 0.0051874134901872685, 0.07473558658732576, 0.007447473285761955, 0.010764805679806224, 0.003976444490819534, 0.047667234482282106, 0.008809216338969597, 0.006911233342270557, 0.004758895083714638, 0.01326705943146392, 0.022349033591822925, 0.00490011240362823, 0.027299283296739363, 0.047196588552447544, 0.005015612721381256, 7.297242366176545E-4, 0.009997237672928778, 5.755337428405312E-4, 0.006390564069515624, 0.00434514161810867, 0.0012106825328636575, 0.0025984114571324887, 4.611360873060179E-4, 0.004677990773686934, 0.002964305835856166, 0.00486442440819387, 0.001540977352570695, 0.0019083021269117018, 0.0011779577219819958, 6.367100854531935E-5, 9.718554700744414E-4, 8.150578488058959E-4, 0.0012893341815987773, 9.950699175195754E-5, 0.002804380270480363, 2.8053288061727854E-4, 0.0013970134768349998, 4.290113529278536E-5, 4.958025777917936E-4, 3.4929159526365635E-4, 9.356687988689339E-4, 6.741367818615417E-4, 2.8111299029912095E-4, 2.0699955011966534E-4, 5.05935509108742E-4, 4.4196149620631935E-4, 6.037506334655835E-4, 2.1103690357079236E-4, 4.7337430379824864E-4, 3.477698182299898E-4, 3.500051328202518E-4, 4.244950079715518E-4, 3.018943491413452E-4, 5.948871135246594E-4, 4.420153699311157E-4, 3.2967912600051193E-4, 3.1396926511112174E-4, 3.465980606220773E-4
0.9989094979439636, 0.9996512654642782, 0.9987396549530114, 0.9994873063569274, 0.999745266416177, 0.9996115573959594, 0.9996041202045153, 0.9996279387489976, 0.9997069435907815, 0.9994964876981091, 0.9996674704331463, 0.9997569343159401, 0.9996006784598478, 0.9998734087484885, 0.9996950702952174, 0.9997667297715404, 0.999828986701292, 0.9995103776366961, 0.9992355007596979, 0.9991046857311858, 0.9989388904836892, 0.9996283959195329, 0.9994038044507003, 0.9999183078391166, 0.9996266042756926, 0.9960947745454753, 0.9990413639487304, 0.9993163226285422, 0.9976513959737382, 0.998794811376362, 0.9998010341435979, 0.9946260242580437, 0.9997327288026188, 0.9985540227514369, 0.9990055678107853, 0.9978081615284318, 0.9952934788684908, 0.9974140290139102, 0.9993787740715709, 0.9977517475135512, 0.997305194131425, 0.9999069215051479, 0.9918875219505183, 0.994812586509838, 0.9252644134126574, 0.9925525267142857, 0.9892351943202029, 0.9960235555091728, 0.9523327655176473, 0.9911907836610535, 0.9930887666577405, 0.9952411049162692, 0.9867329405686021, 0.9776509664082494, 0.9950998875964042, 0.9727007167033082, 0.9528034114476067, 0.9949843872785914, 0.9992702757632755, 0.9900027623271218, 0.9994244662572246, 0.9936094359304775, 0.9956548583819756, 0.9987893174671199, 0.9974015885428826, 0.9995388639127131, 0.9953220092263253, 0.9970356941641293, 0.9951355755916246, 0.9984590226472957, 0.9980916978730388, 0.998822042277958, 0.999936328991182, 0.9990281445300463, 0.9991849421511383, 0.9987106658183529, 0.9999004930082053, 0.997195619729445, 0.9997194671193995, 0.9986029865231332, 0.9999570988647118, 0.999504197422443, 0.9996507084047601, 0.9990643312010686, 0.9993258632182351, 0.9997188870096853, 0.9997930004494991, 0.9994940644910575, 0.9995580385039806, 0.9993962493665745, 0.9997889630963395, 0.9995266256964543, 0.9996522301814589, 0.9996499948671398, 0.9995755049920061, 0.9996981056514167, 0.999405112886407, 0.9995579846302126, 0.9996703208739447, 0.9996860307352968, 0.9996534019392578
3.1019878486849726E-4, 5.445739970317196E-4, 3.089023354321623E-4, 6.681087500300352E-4, 5.277518560367262E-4, 3.8609967385559284E-4, 4.244941989807417E-4, 1.8060559848138416E-4, 1.699775848807675E-4, 2.1976519060378213E-4, 4.256239351819861E-4, 4.873317173183147E-4, 6.452771517059179E-4, 8.420921468918715E-4, 1.7922714497682016E-4, 3.9015115442536576E-4, 3.2305735730006526E-4, 0.0012117717062125888, 6.454601841059001E-4, 3.425441435814952E-4, 5.319326490540338E-4, 6.958819593819061E-4, 8.203700422073833E-4, 0.0010549837259242211, 5.216333708466516E-4, 1.8202543210298267E-4, 8.163047679495927E-4, 4.808969796827122E-4, 2.149426016748771E-4, 0.00249234445144171, 2.546826689999891E-4, 0.001459309842431027, 0.002346458866993923, 0.011619822686422164, 0.003507253465953822, 0.01263447181411321, 9.3538647141791E-4, 0.005823065653834582, 0.007482632298682635, 0.003998689837256564, 0.013925499833863195, 0.0011903049494913112, 0.00945170934938715, 0.02930786710016951, 0.01411692322255105, 0.013506634049196345, 0.01987225681691306, 0.012900816806218714, 0.07549408697273786, 0.017778345343484665, 0.005635266372737174, 0.04289996152980466, 0.003094302866572739, 0.004186710408487488, 0.003837592273294499, 0.03129075039739348, 0.04428897093510195, 0.044609716515834334, 0.016542181497133893, 0.0059308642434300505, 0.0032380870343775153, 0.004858819382079282, 0.005002410307817574, 0.008245388480394472, 0.01299413215758559, 0.006357138903059147, 0.005191021615106371, 2.7335491457405447E-4, 9.268841557195473E-4, 0.0026002748030743293, 5.649167790694266E-4, 9.961465836590506E-4, 0.0012524988737553705, 0.0026644461453530694, 5.770455394599298E-4, 0.0014984937815407376, 0.002858601508961105, 8.318123164959613E-4, 7.043315560380783E-4, 6.631098278270429E-4, 3.4493826047993486E-4, 5.269561679605169E-4, 1.129274898071771E-4, 7.560895237523051E-4, 5.301186570325568E-4, 8.672096057836974E-4, 2.345318207336673E-4, 6.912747768646099E-4, 5.721896225294757E-4, 6.031802912251651E-4, 3.069497582303118E-4, 5.614804452925633E-4, 5.529555932170449E-4, 2.2213475380794675E-4, 2.4895802214666826E-4, 5.044879064473175E-4, 4.5139604329632287E-4, 2.527531266794782E-4, 5.241643639651654E-4, 2.85824046558037E-4, 4.2900110083279354E-4
0.9996898012151385, 0.9994554260029561, 0.9996910976645618, 0.9993318912499823, 0.9994722481439626, 0.9996139003261543, 0.9995755058010148, 0.9998193944015187, 0.9998300224151027, 0.9997802348093849, 0.9995743760648284, 0.9995126682826624, 0.9993547228482264, 0.9991579078531072, 0.9998207728549688, 0.9996098488455797, 0.9996769426426981, 0.9987882282937973, 0.9993545398159066, 0.9996574558564083, 0.9994680673509596, 0.9993041180406119, 0.999179629957771, 0.998945016274089, 0.9994783666291351, 0.9998179745679101, 0.9991836952320746, 0.9995191030202937, 0.999785057398347, 0.9975076555485338, 0.9997453173310028, 0.9985406901576073, 0.9976535411330022, 0.9883801773136304, 0.9964927465341198, 0.9873655281858927, 0.9990646135285746, 0.9941769343461827, 0.9925173677012734, 0.9960013101627054, 0.9860745001661729, 0.998809695050478, 0.9905482906506055, 0.9706921328998098, 0.9858830767774047, 0.9864933659508025, 0.9801277431831039, 0.987099183193783, 0.9245059130272949, 0.9822216546565588, 0.9943647336272894, 0.9571000384701938, 0.9969056971333738, 0.9958132895914709, 0.9961624077267297, 0.9687092496026141, 0.9557110290648493, 0.9553902834841768, 0.9834578185028734, 0.9940691357564708, 0.9967619129655602, 0.9951411806179724, 0.9949975896921166, 0.9917546115196185, 0.9870058678424447, 0.9936428610969374, 0.994808978384797, 0.9997266450853473, 0.9990731158442848, 0.9973997251969425, 0.999435083221046, 0.9990038534164327, 0.9987475011261814, 0.9973355538546635, 0.999422954460588, 0.99850150621859, 0.9971413984908801, 0.9991681876837081, 0.99929566844406, 0.9993368901723775, 0.9996550617393646, 0.9994730438318217, 0.9998870725104417, 0.9992439104764237, 0.9994698813431302, 0.9991327903944378, 0.9997654681789532, 0.9993087252234842, 0.9994278103775603, 0.9993968197086239, 0.9996930502421901, 0.9994385195545947, 0.9994470444064949, 0.9997778652461256, 0.9997510419774719, 0.9994955120938588, 0.9995486039563675, 0.9997472468735035, 0.9994758356364858, 0.9997141759535667, 0.9995709988992593
5.790749293227543E-4, 0.0016751986080074004, 5.440479076360858E-4, 5.153520207684926E-4, 4.1105537801320777E-4, 2.510163407588449E-4, 4.765090511221594E-4, 3.2490482638077847E-4, 4.18362217560206E-4, 5.143700770562343E-4, 2.3950538228043224E-4, 3.6533524812901435E-4, 4.860173718933985E-4, 6.46975586035757E-4, 6.511226160090281E-5, 5.202559963059109E-4, 1.539373051908763E-4, 2.3550859049201872E-4, 3.8321789306959477E-4, 7.94448120544927E-4, 3.694232349835755E-4, 0.0010739141833446797, 1.780973000374839E-4, 4.1373814872871714E-4, 0.001763678185277976, 1.5293737215558295E-4, 1.7764913625973027E-5, 0.0016839751055254455, 0.0032158629675317074, 6.444318079232073E-4, 7.088830918501837E-4, 0.0017432424522122398, 0.0017837039787781408, 0.0011404315040907881, 7.048877044917284E-5, 0.001797849367918207, 0.0054049223229943825, 0.002591951455901079, 0.006650309606079558, 0.023165154162003817, 4.763877035919526E-4, 0.01588287394019978, 0.03292056388876811, 0.008410128950720484, 0.004792080408363547, 0.003940990627033897, 0.0024156342267075658, 0.02060018457059407, 0.014050927611142424, 0.01813034207111916, 0.0029389377134021273, 0.0020411646730677264, 0.012477863072972762, 0.0063386693419616395, 0.004747188952703181, 0.14581464439894792, 0.03689101570086634, 0.026562733212489382, 0.011340344088858891, 0.013753008851353003, 0.006779521662129796, 0.009781862622998145, 0.0013575685006251175, 0.007693067925098335, 8.481528234353455E-4, 1.7784009465981088E-4, 0.0016800334938302753, 0.006159118053013939, 0.0016782221213776818, 0.0019125185679089926, 1.1865017696450217E-4, 6.512007040875749E-4, 0.006621447458890936, 1.721243676001149E-4, 0.0028315747290210765, 8.025476558169709E-6, 1.9574697821040515E-4, 4.046947788570879E-4, 0.0011923275680639335, 7.536239527366735E-5, 2.372243956071862E-4, 1.3473872518654333E-4, 2.3633978901555397E-4, 6.92861841279876E-4, 5.044822666629366E-4, 1.4605419993214512E-4, 4.334550952435263E-4, 1.3476121334673975E-4, 7.212984522386714E-4, 1.5154167007306978E-4, 5.946820215617173E-4, 3.6757532509463023E-4, 6.62079189683089E-4, 1.8242795651551716E-4, 9.655219245573534E-4, 4.2762689112061476E-4, 5.968733065182083E-4, 3.445163398780077E-4, 3.0079962988905804E-4, 3.7808886927522814E-4, 3.920177546745552E-4
0.9994209250706831, 0.9983248013919882, 0.999455952092364, 0.9994846479792319, 0.9995889446219928, 0.9997489836592438, 0.9995234909488875, 0.9996750951736373, 0.9995816377824587, 0.9994856299229689, 0.9997604946177041, 0.9996346647518409, 0.9995139826281054, 0.9993530244139673, 0.9999348877383872, 0.9994797440037174, 0.9998460626948115, 0.999764491409461, 0.9996167821069302, 0.9992055518794744, 0.999630576765012, 0.9989260858166601, 0.9998219026999893, 0.9995862618512891, 0.9982363218146839, 0.9998470626278081, 0.9999822350863795, 0.9983160248944721, 0.9967841370324985, 0.9993555681920826, 0.9992911169081354, 0.9982567575477657, 0.9982162960212357, 0.998859568495921, 0.9999295112295318, 0.9982021506320373, 0.9945950776769621, 0.9974080485441209, 0.9933496903939784, 0.976834845838026, 0.999523612296403, 0.9841171260598023, 0.967079436111196, 0.9915898710493158, 0.9952079195916913, 0.9960590093730192, 0.9975843657732726, 0.9793998154293597, 0.9859490723888988, 0.9818696579288739, 0.9970610622866066, 0.9979588353269421, 0.9875221369269709, 0.9936613306580379, 0.9952528110472844, 0.8541853556011241, 0.9631089842990886, 0.9734372667873369, 0.9886596559111771, 0.9862469911485781, 0.9932204783378304, 0.9902181373770728, 0.9986424314994767, 0.9923069320749393, 0.9991518471765666, 0.9998221599052879, 0.9983199665061813, 0.9938408819470339, 0.9983217778788415, 0.9980874814322833, 0.999881349822929, 0.9993487992959406, 0.9933785525410129, 0.9998278756324458, 0.9971684252708147, 0.9999919745233473, 0.9998042530218777, 0.9995953052210345, 0.9988076724320817, 0.9999246376044383, 0.9997627756042909, 0.9998652612749722, 0.9997636602114205, 0.999307138158847, 0.9994955177336601, 0.9998539457997517, 0.9995665449047464, 0.9998652387868141, 0.9992787015476469, 0.9998484583296884, 0.9994053179782836, 0.99963242467519, 0.999337920809729, 0.9998175720436357, 0.9990344780752621, 0.9995723731087681, 0.999403126694095, 0.999655483660002, 0.9996992003698216, 0.9996219111315618, 0.9996079822447007
8.735326077751494E-4, 5.068347488600988E-4, 5.712120176538777E-4, 3.440495424717272E-4, 4.188061181841867E-4, 2.5961671607044063E-4, 3.440612764751879E-4, 7.700705008233605E-4, 5.659847245072748E-4, 2.4083996982316542E-4, 1.554841465529976E-4, 2.9489326033531457E-4, 4.222195322129197E-4, 8.888825203767266E-4, 2.1808132734724064E-4, 2.533789869290262E-4, 7.51714917581124E-4, 2.9071070750072035E-4, 4.051746490538388E-4, 5.143846032632628E-4, 1.9864896885859757E-4, 8.347728842649283E-4, 0.001329420038942208, 9.169499378094295E-4, 3.6508115905504145E-4, 4.365964317902056E-4, 0.0026189582942799947, 8.912994714662607E-4, 1.4547293418762505E-4, 4.2742793695405533E-4, 3.8957046209691856E-4, 0.003738431396262905, 3.8257538682174826E-4, 0.0022592483604685844, 0.002425181299052258, 0.005941735461320456, 0.0013579165101722415, 2.1845762654746845E-4, 0.002185252917640159, 0.011564782639743025, 0.01663823943178886, 0.0026837470157863447, 0.013024936134578429, 0.003925676973422762, 0.015537283977406722, 0.05171101389849819, 0.011651114214842745, 0.0401133803757412, 0.05522072311456284, 0.0077219381417998854, 0.056353271628221964, 0.03889823522162088, 0.05642550398203524, 0.09018072308461597, 0.0024426558488598983, 0.024387735432919153, 0.07189348218094631, 0.0040898490831563356, 4.7616297207036086E-4, 2.2481979690798515E-4, 0.018408893503543834, 0.0040952209252913645, 0.019436485792727075, 0.00707564958307033, 0.0011970338624550396, 0.0011333796404446048, 0.005405526289175409, 0.0020981922742351125, 0.004400230191344044, 2.1251023227174086E-4, 0.00536168572234904, 4.4233905702219245E-6, 9.029217966133431E-4, 0.001994498089905317, 7.523778515956011E-4, 2.0375073068876464E-5, 0.0014499251146595019, 8.992471364542621E-4, 0.0012717211215775765, 9.137692343775352E-4, 7.871082827650214E-5, 8.268287037213953E-4, 7.755443275513597E-4, 2.1736603277262975E-4, 2.374772999696544E-4, 4.7932136697584034E-4, 7.455720518540266E-4, 3.64861299578894E-4, 6.277167656125546E-5, 2.628115721712114E-4, 6.23223811503427E-5, 4.884222259662753E-4, 3.908534201491937E-4, 3.263792812864168E-4, 5.137606514000036E-4, 2.7394375377877986E-4, 3.054577757228387E-4, 5.310820669553206E-4, 4.5354915344766964E-4, 3.2771412221696723E-4, 4.726246130732823E-4
0.9991264673922223, 0.9994931652511347, 0.9994287879823573, 0.9996559504575446, 0.9995811938818342, 0.999740383283927, 0.9996559387235272, 0.9992299294991573, 0.9994340152755301, 0.9997591600301722, 0.9998445158534114, 0.9997051067396701, 0.9995777804677738, 0.9991111174796128, 0.9997819186726485, 0.9997466210130915, 0.999248285082411, 0.9997092892925046, 0.9995948253509123, 0.9994856153967492, 0.9998013510310996, 0.9991652271157817, 0.9986705799610457, 0.9990830500622474, 0.9996349188409464, 0.9995634035682344, 0.9973810417057559, 0.9991087005285354, 0.9998545270658025, 0.9995725720630191, 0.9996104295379119, 0.9962615686037551, 0.9996174246131466, 0.9977407516395306, 0.9975748187009957, 0.9940582645387336, 0.9986420834898395, 0.9997815423734657, 0.9978147470823691, 0.9884352173602491, 0.9833617605682307, 0.9973162529842776, 0.9869750638654279, 0.9960743230265698, 0.984462716022645, 0.9482889861015193, 0.9883488857851912, 0.959886619624271, 0.9447792768854532, 0.9922780618581801, 0.9436467283717567, 0.9611017647783682, 0.9435744960179694, 0.9098192769153739, 0.9975573441511515, 0.9756122645670873, 0.9281065178190528, 0.9959101509169034, 0.9995238370278923, 0.9997751802030825, 0.9815911064964842, 0.9959047790747696, 0.9805635142073483, 0.9929243504169004, 0.9988029661375591, 0.998866620359537, 0.9945944737109041, 0.9979018077257913, 0.9955997698088265, 0.9997874897677239, 0.9946383142776739, 0.99999557660959, 0.9990970782034773, 0.9980055019100932, 0.9992476221482701, 0.9999796249270378, 0.9985500748853727, 0.9991007528633258, 0.99872827887818, 0.9990862307656178, 0.9999212891715425, 0.9991731712960933, 0.9992244556724257, 0.9997826339670748, 0.9997625227001294, 0.9995206786329054, 0.9992544279479786, 0.9996351387007416, 0.9999372283235985, 0.99973718842791, 0.9999376776187263, 0.9995115777740295, 0.9996091465796034, 0.9996736207189082, 0.9994862393483156, 0.9997260562462635, 0.9996945422240681, 0.9994689179332606, 0.9995464508466833, 0.9996722858781835, 0.999527375387495
3.8464077806227943E-4, 3.5914888521353886E-4, 5.842794740412287E-4, 3.551264196137113E-4, 2.5887110497032576E-5, 3.72761445884052E-4, 6.129689705215466E-4, 8.393972442915063E-4, 3.664466130320139E-4, 3.2233337655012415E-4, 6.042352390113735E-4, 4.549776222477651E-4, 3.146317565307002E-5, 5.906571178815609E-4, 5.957484451384171E-4, 0.0016932041893807865, 5.425039279337526E-4, 1.7761673144314977E-4, 1.922182036765655E-4, 4.700030955033783E-4, 4.577730963521913E-4, 0.0013132308503073695, 1.8989197337824018E-4, 8.502122015775038E-4, 0.0010143701264798315, 0.0010740406341074003, 0.0023676842521332393, 0.0012374631839059118, 0.0019224361580640567, 7.098163861248489E-4, 7.270396799377023E-4, 0.0039313517876872015, 0.0014603625374973186, 1.4979988304507233E-4, 0.0016399631795999473, 0.012870698671449927, 0.0036159363736924265, 0.002403996563230774, 0.0013850895328471812, 0.00281225911096949, 7.847060241770575E-5, 0.0018923818443204055, 0.00785126188056625, 0.01848057560722352, 0.004697170282238712, 0.027560641352734436, 0.00851481093212316, 0.0036948479040937532, 4.307441999592044E-4, 0.016243574779200985, 0.020965064310539294, 0.010772115856376947, 0.004212356781592499, 0.03595615238572758, 0.008128305573572416, 0.011552845491177455, 0.04083148785876442, 5.686539988687639E-4, 0.0027586534383158114, 0.01202834421313949, 0.038096068656587746, 0.006931969204878117, 0.013683305509550341, 0.021793377016692178, 0.008454381406265653, 0.0027927685812221856, 0.002177088546354135, 0.005609118919343363, 5.613029823542085E-4, 0.0035577147609570153, 0.005319543758915392, 2.458095637604819E-4, 3.1959333624907173E-4, 6.934048273142504E-4, 8.881346437631071E-4, 4.277759488100796E-4, 0.002488881022635382, 4.289023655340558E-4, 4.5100024297045106E-4, 0.0012538739367637312, 7.003450550175576E-4, 2.4255546422047823E-4, 6.139691942003526E-4, 6.118595226555011E-4, 2.4147818710920817E-4, 8.973354302919331E-4, 0.0010121079457367154, 9.92407289576302E-4, 7.567676880729664E-4, 1.840381707667719E-4, 2.506988884928979E-4, 3.1605748214016483E-4, 4.364266324791721E-4, 4.7827265959959203E-4, 4.1625976982315356E-4, 5.157709451105706E-4, 3.246350171965881E-4, 3.276822256435214E-4, 3.679447548182845E-4, 4.638993785653876E-4, 4.13592612730974E-4
0.9996153592219749, 0.9996408511147883, 0.9994157205259518, 0.9996448735803874, 0.9999741128895104, 0.9996272385540915, 0.9993870310294433, 0.9991606027557028, 0.9996335533869792, 0.9996776666234426, 0.9993957647609839, 0.9995450223777522, 0.9999685368243343, 0.9994093428821513, 0.9994042515548563, 0.9983067958106158, 0.9994574960720443, 0.9998223832685842, 0.9998077817963477, 0.9995299969044589, 0.9995422269036324, 0.9986867691496758, 0.9998101080266147, 0.9991497877984329, 0.9989856298735361, 0.998925959365891, 0.9976323157478594, 0.9987625368160633, 0.998077563841957, 0.999290183613918, 0.9992729603200522, 0.9960686482122842, 0.9985396374625004, 0.9998502001169415, 0.9983600368204356, 0.9871293013285269, 0.9963840636262954, 0.997596003436734, 0.9986149104671155, 0.9971877408890389, 0.9999215293976101, 0.998107618155625, 0.9921487381194538, 0.9815194243927238, 0.995302829717704, 0.9724393586472523, 0.9914851890678653, 0.9963051520958941, 0.9995692558000145, 0.9837564252208837, 0.9790349356894538, 0.9892278841437308, 0.9957876432184102, 0.9640438476143006, 0.9918716944264789, 0.988447154508818, 0.9591685121412992, 0.9994313460012513, 0.9972413465616858, 0.987971655786859, 0.9619039313433608, 0.9930680307951634, 0.9863166944904874, 0.978206622983315, 0.9915456185936788, 0.9972072314187449, 0.9978229114536458, 0.9943908810806241, 0.9994386970176097, 0.9964422852390392, 0.9946804562410396, 0.999754190436225, 0.9996804066638356, 0.9993065951727105, 0.9991118653563007, 0.9995722240512769, 0.9975111189774671, 0.9995710976346531, 0.9995489997572773, 0.9987461260634306, 0.9992996549447528, 0.9997574445358298, 0.9993860308057542, 0.9993881404772554, 0.9997585218131932, 0.9991026645698013, 0.9989878920545504, 0.9990075927106371, 0.9992432323119883, 0.9998159618294964, 0.9997493011115568, 0.9996839425176832, 0.9995635733674139, 0.9995217273403075, 0.9995837402305603, 0.9994842290545913, 0.9996753649833916, 0.9996723177743584, 0.9996320552455268, 0.9995361006217317, 0.9995864073871688
7.586552552622658E-4, 5.190248752024902E-4, 4.2177838103517806E-4, 5.363779302637647E-4, 1.9394251634659168E-4, 3.6343733703456593E-4, 3.651371583694549E-4, 2.7386845774882954E-4, 4.1778993589333636E-4, 4.3050059360693086E-4, 3.1664052885522023E-4, 6.766445077324708E-4, 3.3947581584608004E-4, 7.151358967650142E-4, 4.2440615655021463E-4, 4.901683737508814E-4, 2.1126946595179325E-4, 6.541053408791698E-4, 5.262561007420632E-4, 5.698346332178813E-4, 9.49299033193633E-4, 3.354519119935398E-4, 4.6546474419081516E-4, 0.0017821945371421482, 2.8236433845100746E-4, 0.0019747394013198863, 8.797183442920136E-4, 0.00124419941426397, 9.312104190968306E-4, 3.531603388621336E-5, 0.0027786213264465575, 1.56398451422748E-4, 4.467839038973637E-4, 0.002264927480935675, 6.267333318903108E-4, 0.003152334304070657, 0.0029985286437485344, 0.0026087104520811167, 0.002444755344847844, 0.0019575955897628374, 0.010439676843509712, 0.002184006953641041, 0.0017537262253152844, 0.005945186401008013, 0.012707885544749766, 0.01609150871137446, 0.024916729508030783, 0.015464309210288706, 0.03154284538388538, 0.0010506213211776867, 0.006111366286566692, 0.028925383824763853, 4.251724256121689E-4, 0.056303627747576176, 0.03030376807979023, 0.014305001195648412, 0.005702500072201406, 0.0015746580807246462, 0.01578052657763419, 0.005132130756009561, 0.006935361543310978, 0.009404427970196132, 0.0034756712131425484, 0.0023665545600884148, 0.001827371624508039, 0.010267845628119563, 0.0022109064702045228, 0.002915406407425856, 0.004139460770482134, 0.00322800429855306, 0.0020574265097985742, 0.004204328976992037, 0.0016747406460842617, 2.3137080188975062E-4, 0.0012938265917382937, 0.001791306977635223, 1.2525925269194545E-4, 3.384249316110985E-4, 8.712785836686634E-4, 6.530881384607173E-5, 5.844973393827699E-4, 4.484666870263449E-4, 3.783190362059599E-4, 5.5216702659026E-4, 3.33079819793147E-4, 7.883729181189184E-4, 4.094952158986173E-4, 5.458057333073462E-4, 5.765643038156392E-4, 8.188866901912904E-4, 4.5254445538509165E-4, 4.4949263206950276E-4, 5.823057741711967E-4, 4.53336970386695E-4, 5.600177908094118E-4, 2.990806022322781E-4, 3.1390946268711455E-4, 6.551006372584045E-4, 4.64433918485105E-4, 4.4399264830557224E-4, 5.319807669777444E-4
0.999241344744715, 0.9994809751248166, 0.9995782216189637, 0.9994636220697322, 0.9998060574836706, 0.9996365626629848, 0.9996348628416247, 0.9997261315422644, 0.9995822100640978, 0.9995694994063775, 0.999683359471139, 0.9993233554922794, 0.9996605241841684, 0.9992848641031941, 0.9995755938434012, 0.9995098316262448, 0.999788730534035, 0.9993458946591093, 0.9994737438992661, 0.9994301653667742, 0.9990507009668005, 0.9996645480880173, 0.9995345352558418, 0.998217805462846, 0.9997176356615394, 0.9980252605986908, 0.9991202816557404, 0.9987558005857264, 0.999068789580913, 0.9999646839661116, 0.9972213786735084, 0.9998436015485872, 0.9995532160960353, 0.9977350725190471, 0.9993732666681338, 0.9968476656959454, 0.9970014713562234, 0.997391289547918, 0.9975552446550914, 0.9980424044102391, 0.9895603231564634, 0.9978159930464069, 0.9982462737746552, 0.9940548135989727, 0.9872921144553107, 0.9839084912886201, 0.9750832704919791, 0.9845356907896864, 0.9684571546161638, 0.9989493786788334, 0.9938886337134564, 0.9710746161752974, 0.9995748275742858, 0.9436963722524113, 0.9696962319202777, 0.9856949988043747, 0.9942974999279147, 0.9984253419193722, 0.9842194734224408, 0.9948678692439693, 0.9930646384566231, 0.9905955720298769, 0.9965243287868365, 0.9976334454398802, 0.9981726283755427, 0.9897321543719207, 0.9977890935298448, 0.9970845935926028, 0.9958605392294131, 0.9967719957014357, 0.9979425734902028, 0.9957956710231428, 0.998325259353982, 0.9997686291981185, 0.9987061734084793, 0.9982086930223842, 0.9998747407471678, 0.9996615750683849, 0.9991287214162972, 0.9999346911863121, 0.9994155026607173, 0.9995515333127825, 0.9996216809638547, 0.9994478329736723, 0.9996669201803527, 0.9992116270818631, 0.9995905047837329, 0.9994541942663404, 0.9994234356960083, 0.9991811133092806, 0.9995474555448486, 0.9995505073679991, 0.999417694225906, 0.9995466630295501, 0.9994399822091757, 0.9997009193977775, 0.9996860905369136, 0.9993448993623876, 0.9995355660815552, 0.9995560073519898, 0.9994680192332629
3.566762243375224E-4, 7.980132082130898E-4, 2.621606303281538E-4, 7.103627916859785E-4, 2.973393812944203E-4, 3.201895776706776E-4, 3.552999589622164E-4, 2.90898470166002E-4, 6.904358342104625E-4, 2.2212287083505505E-4, 5.118976487196694E-4, 5.060565620165821E-4, 2.3014897193567203E-4, 7.014948640351104E-4, 8.169418301115355E-4, 6.147003929144119E-4, 5.065776613460212E-4, 2.56382324521237E-4, 1.6456822217905632E-4, 1.9341199072171614E-4, 8.041732920616206E-5, 0.001177608743171812, 0.0011844111109772485, 8.327763452740423E-5, 6.755794097085357E-4, 7.820571297824702E-4, 2.8391693827588944E-4, 0.003210991695796812, 2.0436246795037098E-4, 3.693279105651409E-4, 3.3083040572857124E-4, 4.7418684640733347E-4, 3.717372815332763E-4, 1.2159543597697496E-4, 9.295818200412238E-4, 0.002708829854408195, 4.7155525174439217E-4, 0.002016043434025724, 0.007422172223319553, 0.011895040918373916, 0.0051547894814913614, 0.006927383171086677, 0.0018192918226200678, 0.004165366685677556, 0.019714502689893117, 0.025320236981655822, 0.01719844148119614, 0.001705720688773359, 0.008318792633481054, 0.04853868291413038, 0.010902459623863913, 0.026478263396885384, 8.735076989208122E-5, 0.018632113220758865, 8.857004056327627E-4, 0.0036681475431740054, 0.03840959868284649, 0.003617165792349105, 0.011856656721985508, 9.408873178722772E-4, 0.006951038302436687, 0.04875287780264841, 0.003410552908153959, 0.017580974687726073, 0.004385138683796951, 0.00452519789811682, 6.74972423337411E-5, 0.007351047925711183, 0.0011901221841650492, 6.240397473603987E-4, 0.0020296452535911976, 0.007911174537200565, 0.00102139565050869, 0.005398989727525004, 6.273722086487387E-4, 4.781362856614911E-4, 3.3361779116441526E-4, 0.003018132231236509, 7.813678963159566E-4, 6.103055151334409E-4, 1.8295588699830255E-4, 7.025712788324011E-4, 6.848446171234157E-4, 7.30989385533952E-4, 1.592559030105128E-4, 3.848775835864149E-4, 1.9558539472783795E-4, 0.001061022705274947, 5.753927518496178E-4, 4.033332585834325E-4, 9.066848008084795E-4, 4.939006505116504E-4, 3.5332935443133963E-4, 2.2804945680606056E-4, 3.580211150342647E-4, 5.844277674213623E-4, 4.1579283379429E-4, 4.859808569817265E-4, 3.531508997769309E-4, 3.811236207096891E-4, 2.8222698295673077E-4
0.999643323775649, 0.9992019867917866, 0.9997378393696683, 0.9992896372083135, 0.9997026606187148, 0.999679810422357, 0.9996447000410641, 0.9997091015298456, 0.9993095641657807, 0.9997778771291442, 0.99948810235127, 0.9994939434379896, 0.9997698510281099, 0.9992985051359464, 0.999183058169896, 0.9993852996070176, 0.9994934223386305, 0.999743617675449, 0.9998354317778205, 0.9998065880093586, 0.9999195826707894, 0.9988223912568513, 0.9988155888890443, 0.9999167223654549, 0.9993244205903143, 0.9992179428702047, 0.9997160830617985, 0.9967890083041864, 0.999795637532039, 0.9996306720894751, 0.9996691695942627, 0.9995258131535457, 0.9996282627184887, 0.9998784045639918, 0.999070418179964, 0.9972911701455822, 0.999528444748224, 0.9979839565659779, 0.9925778277766887, 0.9881049590816953, 0.99484521051855, 0.9930726168289423, 0.998180708177404, 0.9958346333143219, 0.980285497310079, 0.9746797630183404, 0.9828015585188301, 0.998294279311264, 0.9916812073665263, 0.9514613170858829, 0.9890975403761529, 0.9735217366031026, 0.9999126492301218, 0.9813678867792571, 0.9991142995944289, 0.996331852456851, 0.961590401317166, 0.996382834207676, 0.988143343278077, 0.9990591126820612, 0.9930489616975101, 0.9512471221973322, 0.9965894470917972, 0.9824190253123616, 0.99561486131625, 0.9954748021018557, 0.9999325027576041, 0.9926489520742314, 0.9988098778159146, 0.9993759602526986, 0.9979703547464479, 0.9920888254626714, 0.9989786043495482, 0.9946010102725658, 0.9993726277912846, 0.9995218637143846, 0.9996663822087831, 0.9969818677686946, 0.9992186321034633, 0.9993896944850139, 0.9998170441130927, 0.9992974287207047, 0.99931515538285, 0.9992690106145812, 0.9998407440970153, 0.9996151224169912, 0.9998044146051775, 0.9989389772947765, 0.9994246072482632, 0.999596666741379, 0.9990933151995393, 0.9995060993497242, 0.9996466706453148, 0.9997719505430969, 0.9996419788848879, 0.9994155722323254, 0.9995842071659017, 0.999514019142445, 0.9996468491002294, 0.9996188763791699, 0.9997177730175395
5.508409938263024E-4, 5.619064905937495E-4, 5.05605927810523E-4, 2.560112476426091E-4, 5.089762084608497E-4, 3.1343058987252513E-4, 1.491560799830355E-4, 4.715907565076274E-4, 4.568578746593603E-4, 3.8119169146235386E-4, 3.940436834228081E-4, 4.23729365091028E-4, 9.546909762231082E-4, 3.589487757805988E-4, 5.237670460315025E-4, 1.3815507787738796E-4, 1.918154535962989E-4, 3.31083477754394E-4, 8.52414189753006E-4, 5.450721027160988E-4, 8.041893536099771E-4, 1.0604158993858786E-4, 3.0771889569259324E-4, 4.896285008113947E-4, 3.3908247271065804E-4, 0.0013747897011487176, 3.731069969087513E-4, 9.800605000598798E-4, 3.219648157804121E-4, 0.0021025888823307504, 2.2302355269022077E-4, 3.583965094679578E-4, 8.950243001933961E-4, 0.0020598882355931858, 0.0036068927664293323, 6.961561808601397E-4, 0.00914595624740275, 0.001939773308655511, 0.008553614365523168, 7.284888507447122E-4, 0.007759133971280555, 0.001819685522491189, 0.009570511461931991, 7.392952638762859E-4, 0.0069774741948569405, 0.04061294207321648, 0.003800159462211353, 0.011257007632374312, 0.009151866977720611, 0.006426506426421285, 0.006000927443523006, 0.03186505651089154, 0.031118076476006326, 0.013703056149745783, 0.05401753542449665, 0.0019186609105890807, 0.002693070300921941, 0.03195679685599832, 0.01036258674992704, 0.002293323932890216, 0.017732960230687815, 0.029178920547072537, 0.001323369091552245, 0.0014782086783125866, 0.007292602293248276, 0.001965308461271429, 0.004607113192510767, 0.002974892153191019, 0.0015098527088684105, 0.001510366739481469, 0.0011772804581133471, 0.002000864709822411, 0.0026066612423901927, 0.00128061745232779, 0.0016043192975488522, 2.6882805122019175E-5, 9.557215094730381E-4, 4.631455174825081E-6, 0.0017538291293608139, 0.0010462725394862812, 3.1130739630526576E-4, 8.442105490384295E-4, 9.115782668894842E-4, 7.418277704799828E-4, 4.5725041318852916E-4, 7.056250773114859E-4, 4.0738253272814325E-4, 2.043652730915925E-4, 4.5055728078854246E-4, 2.9098346189589857E-4, 4.805832494589237E-4, 1.9485444771673646E-4, 1.7299176982839845E-4, 2.8210041779692377E-4, 5.907397207356667E-4, 4.5940209084358507E-4, 4.316177894310392E-4, 3.506526518162888E-4, 4.8319210073423467E-4, 3.898343026672124E-4, 3.941674803139331E-4
0.9994491590061729, 0.9994380935094328, 0.9994943940721551, 0.9997439887523304, 0.9994910237915464, 0.9996865694101361, 0.9998508439200263, 0.9995284092434994, 0.9995431421253405, 0.9996188083085379, 0.9996059563165938, 0.9995762706349287, 0.9990453090237754, 0.9996410512242339, 0.9994762329539741, 0.999861844922119, 0.9998081845464057, 0.9996689165222152, 0.9991475858102056, 0.9994549278972488, 0.9991958106463626, 0.9998939584100275, 0.9996922811042801, 0.9995103714991602, 0.9996609175272829, 0.9986252102988475, 0.9996268930031182, 0.9990199394999197, 0.9996780351841619, 0.9978974111177099, 0.9997769764473311, 0.9996416034905694, 0.9991049756997772, 0.9979401117643829, 0.9963931072336558, 0.9993038438191267, 0.9908540437526305, 0.998060226691287, 0.9914463856344344, 0.9992715111492955, 0.9922408660286837, 0.9981803144775118, 0.9904294885381129, 0.9992607047361064, 0.993022525805106, 0.9593870579268262, 0.9961998405378022, 0.9887429923676214, 0.9908481330222884, 0.9935734935736412, 0.9939990725564682, 0.9681349434891555, 0.9688819235239612, 0.9862969438502149, 0.9459824645754954, 0.9980813390895021, 0.9973069296990871, 0.9680432031440512, 0.9896374132500781, 0.9977066760670784, 0.9822670397692748, 0.9708210794529337, 0.99867663090838, 0.9985217913216804, 0.9927073977066783, 0.9980346915387672, 0.9953928868074562, 0.9970251078468175, 0.9984901472911752, 0.9984896332605353, 0.9988227195418008, 0.9979991352903147, 0.9973933387576079, 0.9987193825478329, 0.998395680702483, 0.9999731171947078, 0.9990442784906765, 0.9999953685447316, 0.9982461708707359, 0.9989537274604384, 0.9996886926035756, 0.9991557894509873, 0.9990884217330244, 0.999258172229376, 0.9995427495868672, 0.9992943749227637, 0.9995926174674279, 0.9997956347269686, 0.9995494427194058, 0.9997090165381828, 0.99951941675029, 0.9998051455525527, 0.9998270082297419, 0.9997178995823433, 0.9994092602792453, 0.9995405979093696, 0.9995683822108589, 0.9996493473476096, 0.9995168078988569, 0.9996101656968973, 0.9996058325200639
3.314210963907718E-4, 5.719007662978955E-4, 0.0010520517067280633, 4.451431938304047E-4, 3.224157766419768E-4, 2.809942423055941E-4, 5.20240714588558E-4, 5.991191863104991E-4, 9.682758198103028E-4, 4.720454972792355E-4, 3.712467695257488E-4, 6.52523435104138E-4, 4.891937242863657E-4, 4.18552121882946E-4, 5.480021850875168E-4, 9.636494841398476E-5, 6.826358296756125E-4, 3.3453959998054096E-4, 2.413989493154538E-4, 1.5294423015214638E-4, 2.0141408839485092E-4, 0.0013137965726874982, 3.996763857426482E-4, 3.917482767796939E-4, 2.2778228602854823E-4, 2.995307775300669E-4, 2.267356863194874E-4, 8.886048011021914E-4, 0.0017900258556612565, 0.0026966451700334492, 0.0016332303326907628, 0.0052716264066134545, 2.527001649329152E-4, 0.0073891967899108865, 0.00220619640624049, 1.5640523826135214E-4, 0.0020974704053415266, 0.006164486668728455, 0.0015949647090089812, 2.978329195609591E-4, 0.0017981428159178454, 0.0028097496597637743, 0.021682441860818313, 0.015169634188050004, 0.0013856511960026762, 0.006645825865662964, 0.0013398348931692185, 0.011188217888145606, 0.020828751274437698, 0.012833043046691224, 0.003311468781846714, 0.0010871804398157959, 0.008719336344460094, 0.0060598368016537875, 8.278785762037832E-5, 0.016614551923043824, 0.009948523413320953, 0.02240150944294514, 0.043216463719282054, 0.003970854587754235, 0.003511491513940923, 0.02372740293154159, 0.019466155122101977, 0.005482719608074458, 0.008182449563406868, 0.005500123123974255, 0.007129609894101162, 6.768512603515123E-4, 0.004300192289284188, 0.0023518348037065494, 0.002020628587888677, 3.8501987252453993E-4, 0.0011278931577653416, 0.005813475057057401, 4.583620341792479E-4, 2.080937048237301E-4, 0.0024065498709892746, 5.471293619490011E-4, 4.926656835899722E-4, 9.721085049119484E-4, 0.0010661983295081252, 4.6557464399236406E-4, 1.0964902716067721E-5, 9.66858057995752E-4, 3.419165510539293E-4, 6.971004973519608E-4, 3.7383693863760406E-4, 5.383419580895273E-4, 2.949135489522859E-4, 7.958789119585528E-4, 6.193706273309716E-4, 1.9708438081350718E-4, 1.7983537866945358E-4, 4.1665397400555276E-4, 4.7994857040478634E-4, 3.027425987611413E-4, 5.245051911935993E-4, 3.470450173454396E-4, 4.3922813931694584E-4, 5.935073718298487E-4, 5.040047418392621E-4
0.9996685789036283, 0.9994280992335097, 0.9989479482932713, 0.999554856806175, 0.9996775842233568, 0.999719005757695, 0.9994797592854155, 0.9994008808136873, 0.999031724180202, 0.9995279545026958, 0.9996287532304763, 0.999347476564903, 0.9995108062756785, 0.9995814478781241, 0.9994519978149157, 0.9999036350515682, 0.9993173641703014, 0.9996654603999856, 0.9997586010506853, 0.9998470557698454, 0.9997985859116709, 0.9986862034273024, 0.9996003236142632, 0.9996082517232419, 0.9997722177139688, 0.9997004692225444, 0.9997732643136703, 0.999111395198889, 0.9982099741443143, 0.9973033548299093, 0.9983667696673019, 0.9947283735934228, 0.9997472998350582, 0.9926108032101076, 0.997793803593797, 0.9998435947617837, 0.9979025295946865, 0.9938355133312926, 0.9984050352909865, 0.9997021670804179, 0.998201857184102, 0.9971902503402132, 0.9783175581391415, 0.9848303658119147, 0.9986143488039327, 0.9933541741342751, 0.9986601651068949, 0.9888117821118514, 0.979171248725567, 0.9871669569533534, 0.9966885312181357, 0.9989128195601241, 0.9912806636555294, 0.9939401631982615, 0.9999172121423698, 0.9833854480769323, 0.9900514765865894, 0.977598490557058, 0.9567835362807993, 0.9960291454122409, 0.9964885084860661, 0.9762725970685375, 0.9805338448778562, 0.9945172803918845, 0.9918175504366229, 0.994499876876061, 0.9928703901058284, 0.9993231487396986, 0.9956998077106548, 0.9976481651962669, 0.9979793714121067, 0.9996149801273965, 0.9988721068422264, 0.994186524942862, 0.9995416379657714, 0.9997919062950351, 0.9975934501289911, 0.9994528706380297, 0.9995073343164782, 0.9990278914948589, 0.9989338016705541, 0.9995344253559105, 0.9999890350970513, 0.9990331419424225, 0.9996580834485688, 0.9993028995030003, 0.999626163061524, 0.9994616580421009, 0.9997050864509877, 0.9992041210877879, 0.9993806293727087, 0.9998029156189995, 0.9998201646218464, 0.999583346025445, 0.999520051429544, 0.9996972574011309, 0.9994754948085683, 0.9996529549827848, 0.999560771860498, 0.9994064926286745, 0.9994959952580296
3.908082613754745E-4, 6.596974211250692E-4, 3.8663218704430066E-4, 2.901762970791079E-4, 6.976254780712166E-4, 2.934348906243052E-4, 5.331698424441945E-4, 2.694755844545849E-4, 1.858992935759242E-4, 6.116273310110242E-4, 3.772097741899876E-4, 2.491112204285823E-4, 9.326919676967203E-4, 5.069427702754359E-4, 9.645387505642184E-4, 3.715156530213447E-4, 3.2445201620663177E-4, 5.472376213123014E-4, 2.4192611119926914E-4, 2.987466107004723E-4, 5.505670181020881E-4, 2.923987648543792E-4, 3.422731133813717E-4, 1.0759795804988559E-4, 1.4580454286947228E-4, 0.002113012106354201, 1.0249777014443608E-4, 0.001967855669632365, 8.084997746684231E-4, 2.8954417976585593E-4, 8.104160137449848E-4, 8.920418389903105E-4, 1.3057143293720118E-5, 0.0010966750018472642, 6.892749614181336E-4, 1.9271930640390404E-4, 0.0025882510872532313, 0.004414845162715481, 0.009010836247482274, 0.0030152889793639416, 2.5906637593905643E-4, 0.007181515201870024, 0.03821088964432526, 0.010961238753597002, 0.02243604003954186, 0.057214194345556114, 0.0025913314359365617, 0.016325004120704832, 0.03718712825721458, 0.009675446082151727, 0.006036016024380633, 0.10580913959083509, 0.0325975808311132, 0.06336003220843059, 0.020977558793200072, 0.007351391042635959, 0.03874787405552454, 0.0035024371908904907, 0.007067680174896727, 0.009357525283910553, 0.015195710542193406, 0.00268515587607486, 0.0037933579530984, 0.015563961793576123, 0.009595859866499627, 3.4370817037064584E-4, 0.0017765393689357176, 0.011051767110598678, 0.006572740251179389, 0.005659595765604174, 0.0019098463716857336, 0.0035707704758800416, 0.005576087528716014, 1.9660350884868807E-4, 5.150744613438389E-5, 0.002002138121133008, 0.003241663525852274, 8.423413268269508E-4, 5.383322646446056E-4, 3.3926550741568764E-5, 8.683460156563025E-4, 8.320784549621482E-4, 5.721890936440611E-4, 2.3339982060892328E-4, 2.928812476504718E-4, 2.2974797267239899E-4, 2.3406085471822016E-4, 0.0010562166910553705, 6.628042075637526E-4, 4.4689916833307204E-4, 4.7221104649647133E-4, 7.904861832657641E-4, 6.100053954547183E-4, 5.121243133390809E-4, 2.9534262424051137E-4, 5.803215081366876E-4, 5.845669527020972E-4, 3.5726167377982555E-4, 3.0065350060997026E-4, 3.2927197604335195E-4, 3.583881492881793E-4
0.9996091917386406, 0.9993403025788592, 0.9996133678129507, 0.9997098237029195, 0.9993023745219516, 0.9997065651093785, 0.9994668301575594, 0.9997305244155295, 0.9998141007064184, 0.9993883726689723, 0.999622790225813, 0.9997508887795931, 0.9990673080323031, 0.9994930572296998, 0.999035461249459, 0.9996284843469688, 0.9996755479837642, 0.9994527623786836, 0.9997580738887606, 0.999701253389298, 0.9994494329818548, 0.9997076012351673, 0.999657726886621, 0.9998924020419435, 0.9998541954571203, 0.9978869878936233, 0.999897502229826, 0.9980321443303513, 0.9991915002253899, 0.9997104558202413, 0.9991895839862815, 0.9991079581610144, 0.9999869428567133, 0.9989033249980733, 0.9993107250386027, 0.9998072806936134, 0.9974117489127571, 0.9955851548372897, 0.9909891637524706, 0.996984711020606, 0.9997409336240973, 0.9928184847981336, 0.961789110355647, 0.989038761246382, 0.9775639599605092, 0.9427858056544228, 0.9974086685640386, 0.9836749958792742, 0.9628128717427816, 0.9903245539179049, 0.993963983975563, 0.8941908604091597, 0.9674024191689463, 0.9366399677915168, 0.9790224412068094, 0.9926486089573965, 0.9612521259443934, 0.9964975628091888, 0.9929323198251353, 0.9906424747161552, 0.984804289457849, 0.9973148441239884, 0.9962066420468394, 0.9844360382064721, 0.9904041401336051, 0.999656291829742, 0.9982234606310337, 0.9889482328893179, 0.9934272597488275, 0.9943404042343221, 0.998090153628296, 0.9964292295241115, 0.9944239124712357, 0.99980339649126, 0.9999484925540585, 0.9979978618787697, 0.9967583364741854, 0.9991576586731984, 0.9994616677351582, 0.9999660734493185, 0.9991316539843745, 0.9991679215451789, 0.9994278109064382, 0.9997666001793807, 0.9997071187524874, 0.9997702520271922, 0.9997659391453257, 0.9989437833090188, 0.9993371957926319, 0.9995531008313686, 0.9995277889537607, 0.9992095138170219, 0.9993899946045302, 0.9994878756863518, 0.9997046573760133, 0.9994196784916038, 0.9994154330470698, 0.999642738326298, 0.9996993464991812, 0.9996707280238601, 0.9996416118506768
2.062004993066684E-4, 4.549238554646624E-4, 3.3913408848576217E-4, 4.93052628764461E-4, 3.747646403408581E-4, 8.160627018812363E-4, 4.436861902092776E-4, 3.4625527312223355E-4, 2.3590133704229702E-4, 4.6953646017749984E-4, 4.953504792619369E-4, 6.466416177984837E-4, 4.93852593802004E-4, 3.793434059793754E-4, 4.4774126865865585E-4, 5.741738675654326E-4, 0.0011611967837153766, 8.241995920815759E-4, 1.4121982247546918E-4, 5.876688034925444E-4, 8.774884639505419E-4, 8.965576004890045E-4, 5.7062453963227554E-5, 0.0013480159571749217, 7.517809724306876E-4, 0.0014146251098873526, 8.122491186269686E-5, 7.904572164767676E-5, 0.0018774317128047, 0.0012202127997044255, 6.451179313113383E-4, 8.11469369119485E-4, 0.0011316980847795853, 1.779142714700584E-4, 0.003155335490812231, 0.0023447821711597163, 0.010258074468706227, 5.846996249051506E-4, 0.006841811311502128, 0.010321757370519644, 1.7548647594054986E-4, 0.003442195919589542, 0.006420507017627085, 0.007887001452679636, 0.017957601739833587, 0.006936327995174019, 0.002077555818674258, 0.03748546963572101, 6.194512529763747E-4, 0.01884631628885242, 0.0016074425113060341, 0.08468659618643186, 0.0483722715967456, 0.03312403482930682, 0.018276165553211404, 0.0057152540895187495, 0.013187509604680311, 0.010595940661237029, 0.006424424729205543, 0.006749772487448553, 0.018421058190714334, 0.004657894849883232, 4.4362520714040597E-4, 0.0033083978891479794, 0.007209316411613466, 2.5634369640763297E-4, 9.119193453367949E-4, 0.0015303160789476695, 3.237198215799205E-4, 0.002278866055774774, 0.0017568215245378329, 1.1394079990861752E-4, 0.0011748080433833371, 6.349203262026749E-4, 0.001382360919877264, 0.001005740743018299, 8.175320840414601E-4, 5.158848930466194E-4, 3.203332364591269E-4, 4.1891276121313594E-5, 0.0011576621557343263, 3.02777025797148E-4, 0.0011487853320452154, 8.523882867752432E-4, 3.874106640565471E-4, 7.34189139451225E-5, 3.759434320319572E-4, 2.748308006834785E-4, 4.966182532463504E-4, 5.319609636118125E-4, 6.671664053108772E-4, 6.25927222526068E-4, 3.322991379323646E-4, 2.7897779287620796E-4, 4.759604420976537E-4, 3.3960512076729307E-4, 3.343609033744114E-4, 3.629283122126119E-4, 5.722828645633653E-4, 4.051216217775271E-4, 4.231298524256023E-4
0.9997937995006982, 0.9995450761445446, 0.9996608659115215, 0.9995069473712077, 0.9996252353596418, 0.9991839372981154, 0.9995563138098013, 0.9996537447268898, 0.9997640986629589, 0.9995304635398118, 0.999504649520721, 0.9993533583821953, 0.9995061474062047, 0.9996206565939966, 0.9995522587313252, 0.9994258261324264, 0.9988388032162755, 0.9991758004078911, 0.999858780177501, 0.9994123311964936, 0.9991225115360701, 0.9991034423995488, 0.9999429375460451, 0.9986519840428562, 0.999248219027592, 0.9985853748901098, 0.9999187750881383, 0.9999209542783295, 0.9981225682871862, 0.9987797872003372, 0.9993548820686868, 0.9991885306309456, 0.9988683019152055, 0.999822085728545, 0.9968446645091638, 0.9976552178288703, 0.9897419255313408, 0.9994153003750702, 0.9931581886884432, 0.989678242629511, 0.9998245135240706, 0.9965578040803339, 0.9935794929824014, 0.9921129985473368, 0.9820423982601694, 0.993063672004848, 0.9979224441813914, 0.9625145303643057, 0.9993805487469749, 0.981153683711182, 0.9983925574887055, 0.9153134038135569, 0.9516277284032691, 0.966875965170628, 0.9817238344468281, 0.9942847459105043, 0.9868124903953777, 0.9894040593388448, 0.9935755752708413, 0.9932502275125689, 0.9815789418091642, 0.9953421051499789, 0.9995563747928196, 0.9966916021109605, 0.9927906835884671, 0.9997436563036227, 0.9990880806547363, 0.9984696839208504, 0.9996762801784759, 0.997721133944122, 0.9982431784753225, 0.999886059200055, 0.9988251919563762, 0.9993650796737275, 0.9986176390801782, 0.9989942592568191, 0.9991824679160375, 0.9994841151069199, 0.9996796667633078, 0.9999581087239027, 0.9988423378444222, 0.999697222974305, 0.9988512146678666, 0.9991476117130729, 0.9996125893359717, 0.999926581086129, 0.999624056567659, 0.9997251691995437, 0.9995033817469707, 0.9994680390361318, 0.999332833594711, 0.9993740727775742, 0.9996677008622008, 0.9997210222065568, 0.9995240395578959, 0.9996603948789132, 0.9996656390969084, 0.9996370716877725, 0.9994277171357066, 0.9995948783778194, 0.99957687014777
4.2349354663408483E-4, 0.001592889366001197, 8.050923554826089E-4, 3.5353082436252086E-4, 6.901561103287493E-4, 4.534884686462361E-4, 4.990087669782862E-4, 3.046347812379344E-4, 3.7216826699145757E-4, 2.23564744814849E-4, 3.4446709431242874E-4, 2.14910084905946E-4, 4.915856813852266E-4, 1.842750330242381E-4, 3.1465226563132955E-4, 3.0052182940787245E-4, 0.0010085777056552695, 1.4322938719443616E-4, 4.658905345390073E-4, 4.010655369256146E-4, 1.8465327430852068E-4, 2.837327598417287E-4, 9.395707354250013E-4, 0.002343276853228258, 7.1486665587016E-4, 4.466841966298551E-4, 3.2542496656342906E-4, 1.2446172703459136E-4, 0.0021486603287554744, 0.0010285355186230973, 5.684513677789104E-4, 0.001049231727016464, 4.717837965654809E-4, 0.0024827049425450703, 0.006450098326805364, 0.0015040799301812475, 0.0057768242845320245, 0.008758841508532096, 0.008202747311602206, 0.004363129265023188, 0.00399928974835681, 0.008731541656056495, 8.594966171841488E-4, 1.752294633284271E-4, 0.012862740093587392, 0.0072153303130009835, 0.057986944283823394, 0.0029751001080810698, 0.023165430958162068, 0.035033927682997554, 0.05279834903105524, 0.024858686880257844, 0.011527880855674376, 0.030339427885312978, 0.012425035325777004, 0.04840103739169187, 0.01223397556282105, 0.007828320544033294, 0.01530530721676249, 3.630692723741143E-4, 0.0035170591938171883, 0.032641053990981626, 0.0033401140780693834, 0.00217157727322392, 0.0022975649447064717, 0.002976881739055829, 0.0016653336708640034, 0.006421942849155632, 8.730115295080636E-4, 3.6594485844251715E-4, 0.0012193689134892016, 0.00115451193807241, 0.001960191632826852, 7.044987177699971E-4, 2.544633164564291E-4, 0.001193825632622584, 0.0010867100665201395, 0.0013226698050886037, 1.296658235031569E-4, 2.820090278866944E-4, 5.550958676599211E-4, 0.00145314976684201, 1.912180232245802E-4, 0.0010181237650400319, 4.1005055950277215E-4, 5.02512667582139E-5, 5.816285589431793E-4, 5.439983930395427E-4, 1.3604894084691095E-4, 8.085208959082873E-4, 5.508518501389278E-4, 4.308164207070162E-4, 5.28462847886216E-4, 4.3184990810248665E-4, 4.8365012036263606E-4, 4.3207036030017E-4, 3.6807425540220625E-4, 3.214969683007743E-4, 3.3611996941905605E-4, 3.4012899733705743E-4, 2.7856786651616044E-4
0.9995765064533759, 0.9984071106339956, 0.9991949076445142, 0.9996464691756242, 0.9993098438896647, 0.9995465115313358, 0.9995009912330033, 0.9996953652187777, 0.9996278317330316, 0.9997764352552156, 0.9996555329056818, 0.9997850899150775, 0.9995084143186198, 0.9998157249669866, 0.9996853477343907, 0.9996994781705748, 0.9989914222943466, 0.9998567706128113, 0.999534109465459, 0.9995989344630312, 0.9998153467256956, 0.9997162672401255, 0.999060429264552, 0.9976567231467403, 0.9992851333441303, 0.9995533158033224, 0.9996745750334147, 0.9998755382729797, 0.9978513396712388, 0.9989714644813601, 0.999431548632234, 0.9989507682730054, 0.9995282162034183, 0.9975172950574122, 0.9935499016732194, 0.9984959200698829, 0.9942231757154482, 0.9912411584914512, 0.9917972526883571, 0.995636870735021, 0.996000710251615, 0.9912684583439529, 0.9991405033828353, 0.9998247705366692, 0.9871372599064384, 0.9927846696870094, 0.9420130557161415, 0.997024899891932, 0.9768345690418289, 0.9649660723169274, 0.9472016509689952, 0.9751413131198262, 0.9884721191443289, 0.9696605721146472, 0.9875749646741633, 0.9515989626082985, 0.9877660244371921, 0.992171679455953, 0.9846946927831879, 0.9996369307276242, 0.9964829408062073, 0.9673589460090247, 0.9966598859219816, 0.9978284227267544, 0.9977024350552438, 0.997023118260975, 0.9983346663291348, 0.9935780571507778, 0.9991269884705432, 0.9996340551417563, 0.9987806310865037, 0.9988454880621154, 0.9980398083670635, 0.999295501282249, 0.9997455366833308, 0.9988061743675211, 0.9989132899333986, 0.9986773301948972, 0.9998703341763496, 0.9997179909722154, 0.9994449041320159, 0.9985468502329772, 0.99980878197683, 0.9989818762350677, 0.9995899494402988, 0.9999497487327894, 0.999418371441382, 0.9994560016072237, 0.999863951059253, 0.9991914791042109, 0.9994491481501901, 0.9995691835794639, 0.9994715371518698, 0.9995681500914283, 0.9995163498796654, 0.9995679296399212, 0.9996319257444838, 0.9996785030317029, 0.9996638800304138, 0.9996598710024299, 0.9997214321336638
5.326759557331914E-4, 3.959235941239001E-4, 4.564591375185345E-4, 5.923255089653112E-4, 3.5225922730712945E-4, 7.509485898977279E-4, 3.490156058247617E-4, 1.3213858444312103E-4, 5.316919325916937E-4, 4.6909257587267306E-4, 3.517556924070961E-4, 1.7607171329938427E-4, 5.143703920626652E-4, 2.7574767944595416E-4, 4.440168674648137E-4, 7.540892912974565E-4, 7.452287145898956E-4, 4.8486753234344097E-4, 5.982313796689493E-4, 1.976843720684989E-4, 8.491615286153808E-5, 3.257602404620587E-5, 9.52379694747103E-4, 6.775300974042027E-4, 0.0016216441310809922, 7.803503924829229E-4, 4.369174794528062E-4, 6.36733109711963E-4, 0.0017914292006297374, 7.609294021900983E-4, 1.3968707763545914E-4, 6.751663569825499E-5, 0.0014529761935701073, 0.004690638650018767, 0.0033768863145383797, 0.002466371643520029, 0.011127296362216925, 0.0024565579253067278, 0.002160713513808201, 0.003981563324937275, 0.0014028229264282355, 0.0023406521783549635, 0.03443591650431167, 0.014286425349104268, 0.021338143559086722, 0.005414359499686109, 0.021719608289267927, 0.05025070447236044, 0.042276865613757, 0.00632332866914586, 0.03430908211776548, 0.006810283812501218, 0.055131688870618374, 0.02401344283843728, 0.029144318298047638, 0.024588171578347716, 0.012487494513723933, 0.010856350537293568, 0.0016471663079446522, 0.005197955977258965, 0.02334519039257044, 0.01349646171950504, 0.0032097784923710566, 0.002505450007209787, 0.0026547818324120457, 0.009100637127955443, 1.1175372569799001E-4, 0.004777319658214588, 2.812055250133046E-4, 0.0021203312277276627, 2.9838390354303915E-4, 0.0028101672047576545, 0.0011250844504574224, 0.0020066168681170528, 7.720297294190979E-4, 5.820725105229918E-4, 2.999545111414346E-4, 0.0023163707174315763, 1.2303151518070952E-4, 0.001614076122421388, 0.001596068522214146, 0.0014176563070312422, 2.8388802426391243E-4, 3.470589428474992E-4, 1.8381986506678036E-5, 3.0799608584549873E-4, 4.2138813889455945E-4, 6.604645835453019E-4, 2.977143357043165E-4, 7.476761652233273E-4, 1.4833281145839672E-4, 2.790887895140048E-4, 4.88487357524694E-4, 3.1465861649666513E-4, 4.75020216654833E-4, 3.449441439322817E-4, 3.04221044872292E-4, 2.2167536725576416E-4, 3.8148994989877817E-4, 4.3491114626297315E-4, 5.450712696079161E-4
0.9994673240442671, 0.9996040764058725, 0.9995435408624429, 0.9994076744910435, 0.9996477407726979, 0.9992490514100869, 0.9996509843942136, 0.9998678614155789, 0.9994683080674301, 0.9995309074241148, 0.9996482443075775, 0.9998239282866797, 0.9994856296079451, 0.9997242523205552, 0.9995559831325267, 0.9992459107086994, 0.999254771285383, 0.9995151324676705, 0.9994017686202838, 0.9998023156279497, 0.9999150838471522, 0.9999674239759587, 0.9990476203052439, 0.9993224699025817, 0.9983783558689479, 0.9992196496075031, 0.9995630825205545, 0.9993632668903003, 0.9982085707993783, 0.9992390705978025, 0.9998603129223759, 0.9999324833642522, 0.9985470238064378, 0.9953093613499862, 0.9966231136854087, 0.99753362835651, 0.9888727036377711, 0.9975434420746855, 0.9978392864862218, 0.9960184366750806, 0.9985971770736053, 0.9976593478215671, 0.965564083495695, 0.985713574650934, 0.9786618564408238, 0.9945856405003404, 0.9782803917107229, 0.9497492955277181, 0.9577231343862632, 0.9936766713308924, 0.9656909178822758, 0.9931897161874973, 0.9448683111293072, 0.9759865571615917, 0.9708556817019508, 0.9754118284216203, 0.9875125054862516, 0.9891436494627515, 0.9983528336921096, 0.9948020440227193, 0.9766548096075088, 0.9865035382805101, 0.9967902215077236, 0.997494549992813, 0.9973452181675597, 0.9908993628720862, 0.9998882462743885, 0.9952226803417601, 0.9997187944750195, 0.9978796687722808, 0.9997016160964148, 0.9971898327952331, 0.998874915549576, 0.9979933831319132, 0.9992279702704587, 0.9994179274895262, 0.9997000454889562, 0.9976836292825803, 0.9998769684848493, 0.9983859238775474, 0.998403931477667, 0.9985823436930337, 0.9997161119757157, 0.9996529410573075, 0.9999816180134099, 0.9996920039145397, 0.9995786118611432, 0.9993395354163869, 0.9997022856646116, 0.9992523238348378, 0.9998516671884533, 0.999720911210853, 0.999511512642159, 0.9996853413833628, 0.9995249797833461, 0.9996550558555908, 0.9996957789561548, 0.9997783246326162, 0.9996185100497051, 0.9995650888538549, 0.9994549287311302
6.217641923870502E-4, 1.8872091197231588E-4, 4.042734346078338E-4, 2.7923086740745976E-4, 4.79308100545299E-4, 3.699178397830443E-4, 2.240706391349284E-4, 3.23691003746367E-4, 3.0158296600466634E-4, 3.920372842262992E-4, 5.153282317406703E-4, 2.2189216593057485E-4, 6.319816077077832E-4, 3.9083323560076735E-4, 7.493948467538283E-4, 4.992215176980097E-4, 4.8235808880033905E-4, 2.0248930695052243E-4, 5.425184966614946E-4, 6.020385735757563E-4, 5.565317728718138E-4, 6.400126926450667E-4, 0.0017398161401768577, 0.0012763282749849387, 0.002003531839606097, 0.0014014992290210596, 0.0010375060938859469, 3.26478271625702E-4, 1.737598972832502E-4, 7.108304810483782E-5, 3.2639235664996043E-4, 0.0059211097349837144, 0.001166282972819305, 8.184240216162425E-5, 0.0046884261634734335, 4.4729872913850787E-4, 0.005098852435174477, 0.005121281511289355, 4.079145801404948E-4, 0.0051535890662804795, 0.003463910619067337, 0.001464994817625432, 0.007976534931795912, 0.011028401305534749, 0.008198063725017192, 0.028732454468665403, 0.011301416107001541, 0.0013290049859889862, 0.013199163193284562, 0.0020899165159199043, 0.0817474827249071, 0.002709827959542187, 0.004283432775461414, 0.013309686651838227, 0.016765998554667552, 0.03795623961435772, 0.00625905560878145, 0.0360584019490961, 0.006451568626417581, 0.011288897930349505, 0.00980740986462347, 0.0022806137099667576, 9.333100656757258E-4, 0.0013153963549751794, 0.004883845849226496, 0.019547433225324644, 0.00114667464450196, 0.0015719616735303012, 0.0013021191948685677, 0.002808172822200748, 0.0012160517014615205, 0.0033002343210904858, 0.0019607923216312297, 0.001335140606427226, 0.001354493864816537, 6.416980282602245E-5, 1.649783015348549E-4, 4.8722364032170165E-4, 1.3550875316405446E-4, 0.0014438241218400322, 9.867342939872178E-4, 0.0014329189715664137, 7.640264110711837E-4, 4.520152621481613E-4, 1.270040418781572E-4, 4.7991461999054904E-4, 9.52840694120992E-4, 4.136615796780192E-4, 5.344782183156036E-4, 4.586702406486E-4, 4.328914958671628E-4, 7.082379632680153E-4, 5.061324104429703E-4, 4.538278830547213E-4, 4.1912647894873454E-4, 5.304946733310869E-4, 4.4891715212919125E-4, 4.59811737480022E-4, 6.158278248579786E-4, 3.814543048253592E-4, 3.647063689022475E-4
0.9993782358076034, 0.9998112790879887, 0.9995957265653769, 0.9997207691325981, 0.9995206918994697, 0.9996300821602179, 0.9997759293608445, 0.999676308996223, 0.9996984170340123, 0.9996079627157234, 0.9994846717682562, 0.9997781078340742, 0.9993680183922619, 0.9996091667644095, 0.9992506051532303, 0.9995007784822733, 0.9995176419111874, 0.9997975106930286, 0.9994574815033024, 0.999397961426466, 0.9994434682271012, 0.9993599873073679, 0.9982601838597747, 0.9987236717249991, 0.9979964681604128, 0.9985985007709797, 0.9989624939060752, 0.9996735217283459, 0.9998262401027256, 0.9999289169519114, 0.9996736076433639, 0.9940788902650287, 0.9988337170271668, 0.9999181575978542, 0.995311573836478, 0.99955270127079, 0.9949011475647933, 0.9948787184887752, 0.9995920854198744, 0.9948464109337531, 0.9965360893809218, 0.9985350051823991, 0.9920234650681781, 0.9889715986944246, 0.9918019362749522, 0.9712675455313211, 0.9886985838929353, 0.998670995013942, 0.9868008368067076, 0.9979100834841863, 0.9182525172750694, 0.9972901720405494, 0.9957165672245978, 0.9866903133481608, 0.983234001445331, 0.9620437603856793, 0.9937409443913254, 0.9639415980507807, 0.9935484313736578, 0.9887111020695715, 0.9901925901354124, 0.9977193862900102, 0.9990666899342721, 0.9986846036448587, 0.9951161541508198, 0.9804525667746526, 0.9988533253553121, 0.998428038326561, 0.9986978808052858, 0.9971918271777601, 0.9987839482984777, 0.9966997656789026, 0.9980392076785474, 0.9986648593935777, 0.9986455061352763, 0.9999358301970309, 0.9998350216988068, 0.9995127763598752, 0.9998644912470703, 0.9985561758781256, 0.9990132657057286, 0.998567081028296, 0.9992359735888621, 0.9995479847378811, 0.9998729959581294, 0.9995200853799071, 0.999047159306016, 0.9995863384202407, 0.9994655217818194, 0.9995413297595307, 0.9995671085043978, 0.999291762036728, 0.9994938675897568, 0.9995461721170096, 0.9995808735212981, 0.9994695053265095, 0.9995510828475859, 0.9995401882623293, 0.9993841721751581, 0.9996185456953299, 0.9996352936313031