1.0, 1.096478196143185, 1.202264434617413, 1.318256738556407, 1.4454397707459274, 1.5848931924611136, 1.7378008287493756, 1.9054607179632472, 2.0892961308540396, 2.290867652767773, 2.51188643150958, 2.7542287033381663, 3.0199517204020156, 3.3113112148259103, 3.630780547701013, 3.9810717055349722, 4.36515832240166, 4.786300923226384, 5.248074602497727, 5.754399373371571, 6.309573444801935, 6.9183097091893675, 7.585775750291842, 8.317637711026714, 9.120108393559104, 10.000000000000005, 10.964781961431857, 12.022644346174138, 13.18256738556408, 14.454397707459288, 15.848931924611149, 17.37800828749377, 19.05460717963249, 20.892961308540418, 22.90867652767776, 25.118864315095834, 27.542287033381704, 30.199517204020207, 33.11311214825916, 36.30780547701019, 39.81071705534979, 43.651583224016676, 47.86300923226393, 52.480746024977364, 57.54399373371581, 63.09573444801946, 69.1830970918938, 75.85775750291855, 83.1763771102673, 91.2010839355912, 100.0
0.9192781626061981, 0.9194734255104737, 0.9193989513407351, 0.9198425558969212, 0.9200668709898119, 0.920281322178388, 0.9208137649631278, 0.920908206878988, 0.921575507136471, 0.9219777219401212, 0.9226383201727444, 0.9230023294307869, 0.9244952672326184, 0.9252510294443207, 0.9265496294896888, 0.9280607994809165, 0.9295704055827393, 0.9322556162407533, 0.9340046378237361, 0.936605325482972, 0.9403478698293457, 0.943934443525331, 0.947036588157134, 0.9526122596146365, 0.9571663578549713, 0.962916775618384, 0.967987722665963, 0.9733786467778274, 0.9793183982441597, 0.9846995853329618, 0.9889942235912615, 0.9922850637268898, 0.995099117849835, 0.996220870857283, 0.9973594630934647, 0.997805397916391, 0.9986365469929054, 0.9991190720016754, 0.9994624813205742, 0.9998277916355056, 0.9999753831354206, 0.9999789236806131, 0.9998633014598551, 0.9999822944730181, 0.9999190106611046, 0.999980595263135, 0.9999678885080231, 0.9999358269733692, 0.999927950266161, 0.9999588719681165, 0.9999446731155688
0.08072183523570757, 0.08052657246981824, 0.080601046587007, 0.08015744226271608, 0.07993312045093955, 0.07971867616729507, 0.07918623356901526, 0.07909179168421611, 0.07842449158979165, 0.07802227691045463, 0.07736167884574974, 0.07699766959435878, 0.07550473199391347, 0.0747489698628189, 0.07345036993002092, 0.07193920003678435, 0.07042959402670924, 0.06774438345601679, 0.06599536192386762, 0.06339467431990571, 0.05965213002479651, 0.05606555636232575, 0.05296341176047389, 0.047387740333974665, 0.042833624084323264, 0.037083224354717406, 0.03201227731672751, 0.02662135318565213, 0.020681601709702593, 0.01530041460335004, 0.011005776274327486, 0.007714936172935651, 0.00490088214959621, 0.003779128564677477, 0.0026405366281569385, 0.0021946018364399915, 0.0013634528996876894, 8.809279380982104E-4, 5.375185651986531E-4, 1.722081723304767E-4, 2.4616829263357614E-5, 2.107611202855071E-5, 1.3669850437083946E-4, 1.7705496874117406E-5, 8.098932626735818E-5, 1.9404674878962105E-5, 3.2111431302599326E-5, 6.417301513665328E-5, 7.20496101335749E-5, 4.1127996223140454E-5, 5.532688009045511E-5
2.1548218600078717E-9, 2.01687977538674E-9, 2.0670261653297963E-9, 1.8353970669682251E-9, 8.554953682959887E-9, 1.6504484068487202E-9, 1.4639754942168126E-9, 1.4334801544564624E-9, 1.2707123352682925E-9, 1.1454678024245407E-9, 9.77998041384008E-10, 9.721190705712368E-10, 7.706502025070505E-10, 6.905388217617534E-10, 5.782488986336848E-10, 4.801847844045429E-10, 3.886211796160291E-10, 3.0127432818459476E-10, 2.508048185367179E-10, 1.9594963141227745E-10, 1.4446888216973486E-10, 1.1092544764668144E-10, 8.180572625554605E-11, 5.043686939588477E-11, 1.805995107932376E-8, 2.6194214549149497E-11, 1.6867509071340908E-11, 3.584261208654531E-11, 4.575620730831037E-11, 6.32936639297782E-11, 1.3436228757206237E-10, 9.955592275047442E-11, 3.260785738645744E-13, 5.779075685336497E-10, 2.7801014317258357E-10, 2.471593132523549E-10, 1.0689230124411205E-10, 6.031145102379423E-11, 1.1431398517125664E-10, 1.9211025537025066E-10, 3.50475793338737E-11, 2.0718385654758752E-10, 3.5871156285410214E-11, 3.008872911567338E-11, 1.2845793886614477E-11, 6.214750113901764E-11, 6.085755544863185E-11, 1.15138372613045E-11, 1.2354220244877685E-10, 3.547261047859339E-11, 4.398484214926477E-12
0.9197689192905715, 0.9193858560196315, 0.9197461198597481, 0.9198650783186588, 0.9197178452204926, 0.9202111906692072, 0.9204864095143592, 0.9207524579397406, 0.9212403962447316, 0.9218990997288269, 0.9226435568034866, 0.9232532404009778, 0.9240765653734175, 0.9252850639785917, 0.9263931220994212, 0.9278142360093308, 0.9292857969119498, 0.9318064719219018, 0.9337099298733657, 0.936230136231915, 0.9398412418153256, 0.9439823275088371, 0.9476830404774349, 0.9525859763199006, 0.9569917707885456, 0.96299657351556, 0.9684721876690952, 0.9736646557968509, 0.9792418821395492, 0.9846897319164517, 0.988524946454605, 0.9920046515519575, 0.9945408163707729, 0.9964145326742274, 0.9974416275344906, 0.9981040262325539, 0.9984022331247394, 0.9990408361886249, 0.9994998940840134, 0.9998628523078309, 0.9999913701739632, 0.9999860277244025, 0.9999734551021143, 0.999897245671238, 0.9999872987854945, 0.9999313519434668, 0.9998216167308513, 0.9999576729457847, 0.9999936006125308, 0.9999833172063706, 0.9999422097978174
0.08023107877850565, 0.08061412371359412, 0.08025387822651672, 0.08013491983400943, 0.08028215292418503, 0.07978880765757267, 0.07951358889993862, 0.07924754059612427, 0.0787596024467533, 0.0781008991330288, 0.07735644220990251, 0.07674675866493486, 0.07592343381930888, 0.07471493534089932, 0.07360687731883546, 0.07218576350519802, 0.07071420267584179, 0.06819352775996108, 0.06629006986085348, 0.0637698635612443, 0.06015875705546981, 0.056017672380544066, 0.05231695944279383, 0.0474140236338402, 0.04300822917250105, 0.037003426463341434, 0.03152781232494614, 0.026335344191759598, 0.020758117751916175, 0.01531026788078637, 0.011475053398635823, 0.007995348303364047, 0.005459183618461914, 0.003585466144943667, 0.002558372248643951, 0.001895973579977504, 0.0015977665421965173, 9.591637661963096E-4, 5.001058873085435E-4, 1.3714762330703086E-4, 8.629807702043826E-6, 1.3972195198513651E-5, 2.6544880597745638E-5, 1.0275432830259451E-4, 1.270119343657158E-5, 6.864797575389994E-5, 1.78383268507259E-4, 4.2327050557605835E-5, 6.399237474260485E-6, 1.668278022781678E-5, 5.779020065388165E-5
1.926911936110144E-9, 2.026428786165886E-8, 1.908082402203668E-9, 1.8423767665556173E-9, 1.8511900495041082E-9, 1.6693789753330357E-9, 1.5820740072820458E-9, 1.4609880594814578E-9, 1.30423620861575E-9, 1.1342381680146812E-9, 9.832443164915989E-10, 9.310711079890937E-10, 8.044543312740737E-10, 6.780371172561504E-10, 5.795160876241427E-10, 4.833737975856733E-10, 4.1044917996075486E-10, 3.1622703815323977E-10, 2.6452633063601266E-10, 2.0578189542999614E-10, 1.1280028218383915E-9, 1.0925917191383777E-10, 7.874325643570865E-11, 4.545619056942757E-11, 3.824716520058058E-11, 2.0527149641527687E-11, 5.291795430670265E-12, 1.0498429816457877E-11, 1.0802956446065437E-10, 2.0226792745055289E-10, 1.463832384300534E-10, 1.4428850898372952E-10, 1.0272637124622563E-11, 1.1801773354153805E-9, 2.168099876606426E-10, 1.8704917118233383E-10, 3.327910609709833E-10, 4.484388343517845E-11, 2.8320405184379185E-11, 6.862676353298729E-11, 1.80620232820576E-11, 8.02065888206617E-11, 1.698924993878215E-11, 2.893458381420834E-13, 2.0956808674421515E-11, 8.091068434820312E-11, 8.359569275955686E-13, 3.802271248776277E-12, 1.498985530275584E-10, 1.3482196018236789E-11, 1.101841911438882E-12
0.9194701572414353, 0.91919988520831, 0.9196174627780137, 0.9193097877203206, 0.9199056588784664, 0.9204638105460006, 0.920721034214078, 0.921193873572021, 0.9212968082319406, 0.921944079293339, 0.9225593194467576, 0.9233245450869515, 0.9242724500731826, 0.9251241233277089, 0.926321765035645, 0.9280047336188426, 0.9294840185567159, 0.9313512013754793, 0.9340206872668048, 0.9366074803205957, 0.9401880736527879, 0.9432933436889865, 0.9476914947892155, 0.9526082298598945, 0.9569495032323733, 0.9628368217354957, 0.9677247774933774, 0.9738290753277025, 0.9789219750595919, 0.9836291459863875, 0.98824950326737, 0.9923577614525778, 0.9947326799896015, 0.9965052683964606, 0.9973619640588673, 0.9979864191490148, 0.998532114231732, 0.9990504635303384, 0.999484417720564, 0.9997849009008055, 0.9999382855049002, 0.9999855685378197, 0.9999373837247667, 0.9998890954327747, 0.9999832537267851, 0.9999881310157088, 0.9999751304810872, 0.9999967091227044, 0.9999474974087882, 0.9999778069620706, 0.9999489139670623
0.0805298407298086, 0.08080011264187419, 0.08038250475018217, 0.08068974076629669, 0.08009433928850966, 0.07953615165282758, 0.07927896434359574, 0.07880612509437654, 0.078703190466754, 0.07805591958072682, 0.07744067950490356, 0.07667545401390155, 0.07572754914181255, 0.0748758759871962, 0.07367823436860867, 0.07199526588787493, 0.07051598103067062, 0.06864879829334544, 0.06597931247805806, 0.06339251947753158, 0.05981192620274134, 0.05670665619984374, 0.05230850513010081, 0.04739177009250542, 0.04305049673092643, 0.03716317824165443, 0.03227522249719525, 0.026170924658810067, 0.02107802490947854, 0.016370853951200828, 0.011750496729223285, 0.007642238528220715, 0.005267319961324348, 0.0034947310601704303, 0.002638035781136802, 0.0020135807104080874, 0.0014678857248243801, 9.495363159030403E-4, 5.155821679858098E-4, 2.1509904989682293E-4, 6.17144604902992E-5, 1.4431233771877003E-5, 6.261626890712764E-5, 1.1090448609653909E-4, 1.6746214372301383E-5, 1.1868854045241744E-5, 2.4869467593639835E-5, 3.2908675914752304E-6, 5.2502458366322376E-5, 2.219303166214084E-5, 5.108603293769129E-5
2.0250410745514293E-9, 2.1442506177213848E-9, 3.246656403183695E-8, 4.7150897234857735E-7, 1.8287404384320811E-9, 3.779727080291135E-8, 1.4385300901864628E-9, 1.3300042144004376E-9, 1.296977589562709E-9, 1.1219635578669368E-9, 1.0451135866017952E-9, 8.961145657709457E-10, 7.819462451673365E-10, 6.825591337251101E-10, 5.93534476694144E-10, 4.911561227172179E-10, 4.109124989055968E-10, 3.296666368710066E-10, 2.536313600549206E-10, 2.0059995472446884E-10, 1.431596130703483E-10, 1.1003579694988778E-10, 7.966710928106191E-11, 4.656900776459083E-11, 3.611879447872751E-11, 2.215008862091472E-11, 8.9860891080637E-12, 1.2801490987049413E-11, 3.038384431205965E-11, 6.212863882214259E-11, 3.0629628607753423E-12, 1.893119905629903E-11, 4.860222524460424E-11, 5.430421228929403E-10, 1.59852312051241E-10, 1.403170882979289E-10, 4.323672127791445E-11, 1.536808901978718E-10, 1.1109755796529994E-10, 4.912676696515591E-11, 3.4386704082594276E-11, 2.2820040386555213E-10, 6.056618466980914E-12, 8.087199056180114E-11, 5.878218250763884E-11, 1.3035128457923877E-10, 5.1339197724585475E-11, 9.811410327443442E-12, 1.3310364013638344E-10, 6.234768960605621E-12, 6.080983698357467E-14
0.9194599214305738, 0.9194409227065928, 0.9196165757707464, 0.920120525634324, 0.9200596356296714, 0.9204227593648469, 0.9206525640731437, 0.9208249197301729, 0.9212919939265559, 0.9218612564380287, 0.9226220274616409, 0.9234018218687268, 0.9242066079934286, 0.9249650096178602, 0.9265787367045866, 0.9278819758159674, 0.9298853777727024, 0.9316167519513899, 0.9343553186884018, 0.9368643004297009, 0.9396442421779624, 0.9442741724533388, 0.9479486441211584, 0.9525733481826608, 0.9578518816879276, 0.9627725918867002, 0.9684748273802951, 0.9734011799920363, 0.9791923284587151, 0.984281894985914, 0.9886048165290742, 0.9922389179166786, 0.9947513672981056, 0.9964429822112076, 0.997484703337803, 0.9979875466948575, 0.998619345264484, 0.9988972518362801, 0.9997157938401067, 0.9998719464660971, 0.9999593613442737, 0.999918793936049, 0.9999618251286433, 0.9999646095743907, 0.9999103786343347, 0.9999660047453534, 0.9999847063272437, 0.9999484707948413, 0.9999790956046006, 0.999973901010371, 0.9999810955857714
0.08054007651558466, 0.08055907525953519, 0.08038342223378118, 0.07987947256515655, 0.07994036263910925, 0.07957723900077565, 0.07934743443852987, 0.07917507946677242, 0.07870800477651697, 0.0781387423918413, 0.07737797152589403, 0.07659817723453316, 0.07579339122507182, 0.07503498966989251, 0.0734212627233601, 0.07211802368076936, 0.07011462182901186, 0.06838324772291547, 0.06564468106811787, 0.06313569937801898, 0.0603557576705723, 0.05572581761731042, 0.05205135579919162, 0.047426651764587886, 0.04214811827728236, 0.037227361079863006, 0.03152517260645493, 0.02659881998360522, 0.020807671514157453, 0.01571810463963451, 0.011395183225073243, 0.007761082069335706, 0.005248632621358739, 0.003557017425695625, 0.0025152963773657634, 0.0020124532105558752, 0.001380654672995595, 0.0011027481256324755, 2.842061505417599E-4, 1.2805347051925847E-4, 4.063860056651359E-5, 8.120583793616772E-5, 3.8174765079920774E-5, 3.539033487251576E-5, 8.96213632245062E-5, 3.399513490722266E-5, 1.529363349040143E-5, 5.1529204629488986E-5, 2.0904240082726244E-5, 2.60989760694657E-5, 1.8904399083195148E-5
2.0499365937370895E-9, 2.031255941442947E-9, 1.989980650748957E-9, 1.795383483050618E-9, 1.726741893134237E-9, 1.6304978914336715E-9, 1.484495823494839E-9, 7.994834449413096E-10, 1.2926716251235315E-9, 1.166349186435228E-9, 1.0089978826413604E-9, 8.93614055663813E-10, 7.786825895455401E-10, 7.100151684785185E-10, 5.697865471001977E-10, 5.013431517804021E-10, 3.963580596545724E-10, 3.24026205931853E-10, 2.42114028044943E-10, 1.9090364597289244E-10, 1.5022461898571426E-10, 9.927762691357839E-9, 7.859167277472073E-11, 5.178792854623748E-11, 3.3651761824175785E-11, 4.7033161120613306E-8, 1.2574587638508605E-11, 2.3771810800203574E-11, 2.677764412116479E-11, 3.7403128348451747E-10, 2.452843769296196E-10, 1.3701274164702737E-11, 8.020135559361555E-11, 3.6291352627053353E-10, 2.846308966514624E-10, 9.42836127638784E-11, 6.267286678778711E-11, 3.7823161432287006E-11, 8.927841200156127E-12, 6.350595022725988E-11, 5.5145669843428054E-11, 2.260872656624502E-10, 1.0648204144597315E-10, 9.059878439167932E-11, 2.5558288904053202E-12, 1.1986307228744253E-10, 3.929003470972705E-11, 5.214428030802989E-13, 1.5518965181936933E-10, 1.3552665540923596E-11, 1.5368732258131985E-11
0.9192190995312621, 0.919780422431155, 0.9195017433289484, 0.9198232978541393, 0.9198378862470813, 0.920540975391833, 0.9204132060774768, 0.921064200317363, 0.9214897951150163, 0.9220428523675384, 0.9225328850573645, 0.9233346069483652, 0.9242786792104114, 0.9248312330595689, 0.926409792677827, 0.9280212695711764, 0.9293281482570298, 0.9312744007754272, 0.9344859852173817, 0.9364957021897511, 0.9403860188589236, 0.9438720530731443, 0.9476721764315897, 0.9523720108244463, 0.9570914413272567, 0.9624224596609844, 0.9678385291480431, 0.9733435752436463, 0.9789339540129384, 0.9841275769449543, 0.9884238136629978, 0.9918487690628622, 0.9947775088244993, 0.9965845629996531, 0.9974003664864853, 0.997982646266282, 0.9987552569542584, 0.9990867155095876, 0.999619025659418, 0.9997895436296502, 0.9999618740933313, 0.9999701898830318, 0.9999403852409648, 0.9998689713126879, 0.9999712836205539, 0.9999911599428483, 0.9999985746183278, 0.999984233272466, 0.9999840987343659, 0.9999256769401718, 0.9999822531965262
0.08078089830965722, 0.08021957566866897, 0.08049825462417366, 0.08017670019693408, 0.08016211192558169, 0.07945902302077365, 0.07958679235293593, 0.07893579830448655, 0.07851020366691938, 0.07795714649245564, 0.07746711390371343, 0.07666539213630466, 0.07572131998928046, 0.07516876621745656, 0.07359020673244977, 0.07197872994653393, 0.07067185131937086, 0.06872559888497227, 0.06551401453581383, 0.06350429761254246, 0.05961393928545299, 0.05612794682022137, 0.05232782349507581, 0.047627989115225915, 0.04290855863993264, 0.03757754032153318, 0.03216147081759786, 0.026656424745386764, 0.021066045938482995, 0.0158724228653268, 0.011576186210345295, 0.00815123090096223, 0.0052224911270505915, 0.003415435774230924, 0.0025996332206061003, 0.00201735371947823, 0.0012447428614871556, 9.132844605981666E-4, 3.809742221460863E-4, 2.104563360730324E-4, 3.8125824459631925E-5, 2.981005018057973E-5, 5.9614612916281045E-5, 1.3102865375812548E-4, 2.8716375042527417E-5, 8.839932770560008E-6, 1.4253647379436246E-6, 1.576671005290626E-5, 1.5901125051194127E-5, 7.432304542917035E-5, 1.774679532313819E-5
2.1556786616167E-9, 1.8971100792024864E-9, 2.0415625110598024E-9, 1.9441134162592744E-9, 1.823204427708891E-9, 1.5832315224464932E-9, 1.5661821215590225E-9, 1.3747376112781045E-9, 1.2149312505474116E-9, 1.1360146032961087E-9, 1.0356074963508918E-9, 9.122562776801152E-10, 7.974725723530751E-10, 7.206813683151292E-10, 5.876704201393523E-10, 4.801254126262158E-10, 4.219627932657011E-10, 3.380536226383485E-10, 2.4522585351238746E-10, 1.9653655027214445E-10, 4.185414509872039E-8, 1.0513396262509106E-10, 7.230569303560454E-11, 5.954724950976709E-11, 3.235519317745794E-11, 1.7066784617492115E-11, 3.349207705876517E-11, 1.0581835754863711E-11, 4.841638472519866E-11, 1.8928852419958925E-10, 1.2631636372734817E-10, 3.605068663297545E-11, 4.843657712329946E-11, 1.2255336090567781E-9, 2.9273825160811007E-10, 1.4035439314680903E-11, 1.8404444629546365E-10, 2.968900109480768E-11, 1.1810598934394387E-10, 3.417049222447107E-11, 8.215093987289524E-11, 6.683156502843403E-11, 1.4609291646436665E-10, 3.369313079134694E-11, 4.383965175743746E-12, 1.2401220079897928E-10, 1.703876171150207E-11, 1.7259182479728314E-11, 1.4041604343021166E-10, 1.429637629796459E-11, 7.947206003629421E-12
0.9192417301885372, 0.9195344458127941, 0.9196907185558397, 0.9197981930953101, 0.9202042809631266, 0.9203394666717682, 0.920389260609255, 0.9212513638273062, 0.9213965099662934, 0.9220449219825173, 0.9223244368289304, 0.9230276059221932, 0.9239009562382744, 0.9253178573915145, 0.9268042780782615, 0.9275893982488513, 0.92950971076786, 0.9322574468818164, 0.9342982932851791, 0.9372176071618507, 0.9404781606315638, 0.9436186142625567, 0.9478692853214562, 0.9523753219950809, 0.9570919760657547, 0.9628909672073097, 0.9687107833170079, 0.9735917102889695, 0.9791440268376478, 0.984120488870382, 0.9882609822011864, 0.9919681970050321, 0.9947844795433521, 0.9966240680904108, 0.997317753738807, 0.9982574941998913, 0.9985538521760777, 0.999248713815154, 0.9996584962308823, 0.9999019577809602, 0.9999663779743411, 0.9999776210252616, 0.999968870948668, 0.9999150815021574, 0.9999495699339996, 0.9998957686574088, 0.9999048787643791, 0.9999125469489556, 0.9999862674571174, 0.999965681079906, 0.9999257700521446
0.08075826765379464, 0.08046555223380267, 0.08030927951989858, 0.0802018049736009, 0.07979571730479525, 0.07966053170286348, 0.07961073782037167, 0.07874863482891876, 0.07860348873440529, 0.0779550768826723, 0.07767556209791297, 0.07697239313854631, 0.07609904294117131, 0.0746821419372443, 0.07319572136563611, 0.07241060124062745, 0.07049028883149963, 0.0677425528072527, 0.06570170646019358, 0.06278239265221908, 0.05952183922856744, 0.05638138563037686, 0.05213071460546888, 0.04762467795152203, 0.04290802389844375, 0.037109032770278445, 0.03128921665306444, 0.02640828968261731, 0.02085597309336675, 0.01587951110874196, 0.011739017516055767, 0.008031802935230203, 0.005215520428625138, 0.0033759310121641533, 0.0026822460604992576, 0.0017425054598980026, 0.0014461477479718113, 7.512860540622896E-4, 3.4150370681987764E-4, 9.804215555156708E-5, 3.3621992435401615E-5, 2.2378841100082556E-5, 3.112901642904109E-5, 8.49184552029358E-5, 5.043006226154866E-5, 1.0423119518531233E-4, 9.512118992017911E-5, 8.745303961394643E-5, 1.3732485045654192E-5, 3.431890996338396E-5, 7.422994699613705E-5
2.1541724092998156E-9, 1.9503626649906153E-9, 1.918634982992298E-9, 1.9262027923746573E-9, 1.72754505297322E-9, 1.621452689129499E-9, 1.5668223688966587E-9, 1.3400836152560602E-9, 1.2951154632241668E-9, 1.1308024265230254E-9, 1.0701036233344563E-9, 9.365417471488696E-10, 8.17976643016638E-10, 6.687160690639626E-10, 5.537804867450369E-10, 5.087578986567864E-10, 3.9888744352923125E-10, 3.0903924959444634E-10, 2.532777181480381E-10, 1.8453007464267453E-10, 1.3849491074368475E-10, 1.0581976939670612E-10, 7.197933438521376E-11, 5.246197595266955E-11, 3.512430895181301E-11, 2.1433956931375675E-11, 2.960142873008331E-11, 2.77997449279338E-11, 6.8705312055925E-11, 2.0112312206291283E-11, 2.824870726876247E-10, 5.933239182015731E-11, 2.7574368136051852E-11, 8.971916466596168E-10, 2.0022204326366339E-10, 3.397209102299747E-10, 7.582265926773558E-11, 1.3049149712445352E-10, 6.225448787391692E-11, 6.31385968356303E-11, 3.2962096370252585E-11, 1.337208806276866E-10, 3.482693433230939E-11, 4.241456337083886E-11, 3.8699677753291535E-12, 1.4734984544637845E-10, 4.598217144639047E-11, 1.1113123225478527E-11, 5.7667950476074327E-11, 9.987024797647806E-12, 8.548776649682649E-13
0.9195183908123374, 0.9192623891528039, 0.9196848023810782, 0.9202070077436625, 0.9202668061933126, 0.9203027000447415, 0.9202055279346447, 0.9207458901786425, 0.9214332504480439, 0.9219086135523945, 0.9222712267982399, 0.9231996666078331, 0.9244665777028688, 0.925540361276475, 0.9264219209711805, 0.9282633863433805, 0.9292625009896861, 0.9317751292086548, 0.9340309841543174, 0.9370050892412243, 0.9399590369704606, 0.944152902532924, 0.9482233257432521, 0.9521758297664541, 0.9571120511135345, 0.9625085098577503, 0.9685648833139303, 0.9743969195489719, 0.9790192095355216, 0.9844204976918303, 0.9887574230061151, 0.99234199340832, 0.9948014451959192, 0.9963458041474993, 0.9974962350732802, 0.9979112369142704, 0.9986025373757395, 0.999104464772328, 0.9995346725961477, 0.9998881521280846, 0.9999856160161937, 0.9999938062941707, 0.9999762352679556, 0.9999716696809052, 0.9999644680253059, 0.999946383653008, 0.9999524233463276, 0.9999473998149923, 0.9999880117130168, 0.9999836218771763, 0.9999471095001892
0.08048160721449149, 0.08073760870906407, 0.08031519569425973, 0.07979299051952923, 0.07973319212570469, 0.07969729831458637, 0.0797944704138506, 0.0792541083654241, 0.07856674825321366, 0.07809138529037803, 0.0777287721323261, 0.07680033247474576, 0.07553342153409304, 0.07445963806089793, 0.07357807845970861, 0.07173661319145448, 0.07073749859354075, 0.0682248704739041, 0.06596901558748389, 0.06299491055888104, 0.06004096288325483, 0.055847097356709015, 0.05177667418367861, 0.04782417018637693, 0.04288794885238255, 0.03749149011287781, 0.03143511664936474, 0.0256030804325286, 0.020980790355610564, 0.015579502260377718, 0.0112425769420275, 0.007658006519926811, 0.005198554779773032, 0.0036541937673946626, 0.002503764697062413, 0.0020887626188434605, 0.0013974625341011643, 8.955350770832691E-4, 4.653272448638764E-4, 1.1184783475457853E-4, 1.4383950414890127E-5, 6.193462365495523E-6, 2.3764725885683353E-5, 2.8330304315616524E-5, 3.553196289323075E-5, 5.361619169655465E-5, 4.757665295724775E-5, 5.260007552372087E-5, 1.1988192916288509E-5, 1.6378109515245598E-5, 5.2890495733954704E-5
1.969482069184153E-9, 2.1322387163194567E-9, 1.919438283743682E-9, 1.7314504213250623E-9, 1.6763110821313432E-9, 1.6368187929181877E-9, 1.6483397329361549E-9, 1.4526910382083036E-9, 1.2945011603447687E-9, 1.1533326173978654E-9, 1.0663031427878694E-9, 9.144729043019523E-10, 7.599392531270135E-10, 6.598861938648948E-10, 5.668580600574902E-10, 4.6303400957209417E-10, 4.151284979832248E-10, 3.15573639539813E-10, 2.568326086201979E-10, 1.985178172021762E-10, 1.4481038796473195E-10, 1.0912940115372777E-10, 7.164159158490682E-11, 4.622338189291808E-11, 3.3277942250789505E-11, 2.8409023614464624E-11, 3.595275401176157E-11, 1.7895482838647947E-11, 1.0838301984410562E-10, 4.756820696887043E-11, 5.113401499098891E-11, 7.159437685711964E-11, 2.3859632585637724E-11, 2.0846712848804003E-9, 2.2923365153781558E-10, 4.666443079929909E-10, 9.04364044047E-11, 1.5031962369016223E-10, 1.589919821774928E-10, 3.727515401918437E-11, 3.332198931252318E-11, 2.435314828113787E-10, 5.9443251670170875E-12, 1.4586470926784573E-11, 1.179507145031072E-11, 1.5536388107560868E-10, 6.799335806840709E-13, 1.0962599442587359E-10, 9.430379551935613E-11, 1.3342202613998017E-11, 4.056630465570921E-12
0.9190636215416524, 0.9195583603450466, 0.9196107281957071, 0.919738190826922, 0.9198455227103941, 0.9200406775152167, 0.9208368995463472, 0.9210977146957309, 0.9215668210905239, 0.9219471413162766, 0.9223704739135828, 0.9234474338905855, 0.92424952607634, 0.9250216174231867, 0.926374019200767, 0.9278927160729636, 0.9298393502963442, 0.9316632210504256, 0.9341589918059618, 0.9363721459656812, 0.9402051294911075, 0.9434696685642149, 0.9478574988983168, 0.9523134532988985, 0.9573087361082825, 0.9622449160107631, 0.9684376810936848, 0.9734189227568197, 0.9791274738030568, 0.9841553831127118, 0.988431650410292, 0.9926317679596595, 0.9949630072740706, 0.9962884294833876, 0.9972499595471801, 0.9981764266039721, 0.998359464466042, 0.999110467600039, 0.9994327905956667, 0.9998798990084465, 0.9999503077885322, 0.9999845636046022, 0.9998823858386006, 0.9998733717564088, 0.9999678600845017, 0.999974063893189, 0.9999029968719186, 0.9999448188853638, 0.9999565127914868, 0.9999140179945569, 0.999993997284531
0.08093637619673218, 0.08044163761540808, 0.0803892697837711, 0.08026180725774203, 0.08015447543709026, 0.079959320771857, 0.07916309901340655, 0.0789022839722049, 0.07843317768653323, 0.07805285756214092, 0.07762952505918709, 0.07655256522408173, 0.07575047313747157, 0.07497838188311504, 0.07362598022024953, 0.07210728345010144, 0.0701606493166766, 0.06833677862821451, 0.06584100794546212, 0.06362785382543742, 0.059794870363009324, 0.05653033132131501, 0.05214250102150939, 0.04768654664684518, 0.04269126385646706, 0.03775508394796746, 0.03156231889174907, 0.02658107723379165, 0.020872526162387973, 0.0158446167624602, 0.011568349573631797, 0.007368232000096894, 0.005036992706552815, 0.0037115695212269293, 0.0027500404022866355, 0.001823573253775622, 0.0016405352186702501, 8.895323232797349E-4, 5.67209385098063E-4, 1.2010098084312161E-4, 4.969214553927678E-5, 1.5436370128446785E-5, 1.176141200541483E-4, 1.2662824185879639E-4, 3.213990944516354E-5, 2.5936055336727243E-5, 9.700312761737452E-5, 5.518107970535094E-5, 4.3487006979657316E-5, 8.598200033371829E-5, 6.0027125252802075E-6
2.258155761718835E-9, 2.0367729200269913E-9, 2.0152038128495864E-9, 1.910577145818916E-9, 1.8482582575963385E-9, 1.7091893382385759E-9, 1.436297568618676E-9, 1.328433853154884E-9, 1.2198269468632027E-9, 1.1176183195322088E-9, 1.0239442809270582E-9, 8.821507338626841E-10, 7.833180466299081E-10, 6.913325853626084E-10, 5.767560480856443E-10, 4.74787682368423E-10, 3.8483422462706925E-10, 3.1957548456826496E-10, 2.4715019744311895E-10, 2.079165260099325E-10, 1.445409380292778E-10, 1.13311503626215E-10, 7.89579612629765E-11, 5.3320066352620377E-11, 3.4420473849633426E-11, 4.065866686300129E-11, 1.4029370764070959E-11, 9.009585612285154E-12, 3.4053526925398314E-11, 1.2440827122824072E-10, 1.5645830659695437E-11, 3.9801649389520355E-11, 1.910996317786018E-11, 9.952519159283843E-10, 5.013758126119067E-11, 1.4188267433764418E-10, 3.152123026570891E-10, 7.64535124932967E-11, 1.9172628789492288E-11, 1.0634703485673178E-11, 6.609241111891389E-11, 2.501873821029771E-11, 4.1558171339709914E-11, 1.6441921066832899E-12, 5.649696856180331E-12, 5.201447463660993E-11, 1.7025363595064152E-13, 3.4486977272681855E-11, 2.015212524305622E-10, 4.894871671618645E-12, 3.195439567585238E-12
0.9193437953124869, 0.9195449720574247, 0.9197461760478433, 0.9197700600309112, 0.9200951797509498, 0.9202732611788185, 0.9209487351537493, 0.9208287339165513, 0.9212562392362631, 0.9221261158307281, 0.9222261667569719, 0.9230430080633873, 0.9241153903696833, 0.9252021706339866, 0.9265780196253535, 0.9273930183052927, 0.9297547812314062, 0.9312750288805123, 0.9343623023439384, 0.9364153850617148, 0.9399758576745775, 0.944264809463288, 0.9476824898203219, 0.9522880064271062, 0.9572655246039836, 0.9625765272720672, 0.9682773680668649, 0.9730947615716521, 0.9789798244700327, 0.9842215665036803, 0.9891574722698776, 0.9918547431096878, 0.9948734891766052, 0.9966444516198744, 0.9971634567987794, 0.9980403058302096, 0.9987802413696133, 0.9990502017390537, 0.99955638742524, 0.9997630352527028, 0.9999573494276248, 0.9999836587700781, 0.9999951317440581, 0.9999666667707724, 0.9999852494791721, 0.9998961442999764, 0.9999449469812326, 0.9999362916191505, 0.9999825028581809, 0.9999831656890865, 0.9999409029433605
0.08065620255706545, 0.0804550258869438, 0.08025382200467603, 0.08022993804406829, 0.0799048185055536, 0.07972671828348342, 0.07905121829717948, 0.07917126463065634, 0.07874375943438988, 0.07787388304905606, 0.07777383217063763, 0.0769569909781896, 0.07588460882505876, 0.07479782866256336, 0.07342197980438242, 0.07260698117647613, 0.07024521836782034, 0.0687249707808464, 0.06563769740450244, 0.06358461171872531, 0.06002414217617123, 0.05573519043818542, 0.052317510110009534, 0.0477119935198349, 0.04273447535495251, 0.037423472700802166, 0.031722631911000554, 0.02690523839211256, 0.021020175461926426, 0.015778433410063426, 0.01084252753518254, 0.008145256859374953, 0.0051265107593980105, 0.0033555479765009213, 0.0028365424183794605, 0.001959690078958311, 0.0012197585661623857, 9.497981769103845E-4, 4.436125421695505E-4, 2.3696466896423705E-4, 4.2650519843769254E-5, 1.6341192217852046E-5, 4.868148226433894E-6, 3.333322699165535E-5, 1.4750515127681457E-5, 1.0385562993597862E-4, 5.505301336964944E-5, 6.370836708967582E-5, 1.7496852400316635E-5, 1.6834294265279917E-5, 5.909704922074147E-5
2.126839573164327E-9, 2.052894942147082E-9, 1.9418759765606978E-9, 1.9202094606214637E-9, 1.7390384284519944E-9, 2.053399235477267E-8, 4.654501083905041E-8, 1.4494942824141988E-9, 1.3251478116279734E-9, 1.116345386899427E-9, 1.069202881938923E-9, 9.556055227720808E-10, 8.025292713362275E-10, 7.010719734780457E-10, 5.680392205193547E-10, 5.165638348927221E-10, 3.989653666030407E-10, 3.371058565485637E-10, 2.4993394037194213E-10, 3.218481943657219E-9, 1.4803494232306855E-10, 9.701992312836916E-11, 6.860766083938499E-11, 5.2207598704237523E-11, 4.0328259395122634E-11, 2.6633287589228338E-11, 2.1402153432738963E-11, 3.5487409885681664E-11, 6.747470475149814E-11, 8.60162428124731E-11, 1.9458102533745358E-10, 3.068905080148149E-11, 6.349153418728354E-11, 4.0326693926447804E-10, 7.825837182061021E-10, 4.0906536259450316E-9, 6.409651444588133E-11, 8.3532117732695E-11, 3.2635799932737714E-11, 7.831454481763665E-11, 5.243323979750407E-11, 3.76949317706975E-11, 1.0758273437924193E-10, 2.1122998912059127E-12, 5.519582593717029E-12, 7.042153206328772E-11, 5.404791618055481E-12, 1.3621434939736256E-11, 2.889809348847333E-10, 1.644615157288796E-11, 7.31798755165651E-12
0.9195424370298587, 0.9191695393085073, 0.9198852569499734, 0.9197424197453279, 0.920163396210185, 0.9205052247415437, 0.9203982389929596, 0.9208326296377743, 0.9215793369781802, 0.9219638053525582, 0.9224166721463899, 0.9232023048200759, 0.9241824078050535, 0.9249822075362969, 0.9268875847370909, 0.9273861653467752, 0.9296769414933586, 0.9313973448656974, 0.9337378783592785, 0.9368596661998098, 0.9403793206466522, 0.9436710278176965, 0.9475364558222373, 0.9527265012161332, 0.9571670048831814, 0.9625451457730564, 0.9684690745059406, 0.9741327142700468, 0.9791208551615719, 0.9834318703409906, 0.9886262335631114, 0.992188074490719, 0.9948808702259943, 0.996573733026975, 0.9973301127835751, 0.9982283492995632, 0.9985306193783688, 0.9989674664870265, 0.9995072301113697, 0.9999147188882807, 0.999999087594353, 0.9999827679770742, 0.9999983022457691, 0.9999729639395571, 0.999929010528882, 0.9999907454953376, 0.9999724952792677, 0.999990430839788, 0.9999738151902767, 0.9999614769860236, 0.9998193019449869
0.08045756096331366, 0.0808304585192039, 0.0801147411605463, 0.0802575783211019, 0.07983660205605833, 0.07949477366525047, 0.07960175943208757, 0.07916736893429892, 0.07842066179151691, 0.07803619351000478, 0.0775833268158957, 0.07679769424601889, 0.07581759140788485, 0.07501779174222326, 0.07311241470975689, 0.0726138341350789, 0.07032305811800697, 0.06860265480326737, 0.06626212137767384, 0.06314033359717494, 0.05962067920544722, 0.05632897206892378, 0.05246354409280221, 0.047273498732742114, 0.04283299508390021, 0.03745485419767834, 0.03153092547967247, 0.025867285721604932, 0.020879144807321965, 0.016568129580253946, 0.011373766296350573, 0.007811925416228359, 0.005119129746333894, 0.0034262655857113847, 0.0026698871067317694, 0.0017716506438164416, 0.0014693804693944642, 0.00103253346649395, 4.927698415871297E-4, 8.52810296542342E-5, 9.12363299856999E-7, 1.7231858492915155E-5, 1.6977273256690618E-6, 2.703601073234558E-5, 7.09894107489924E-5, 9.254458935093548E-6, 2.7504679366537587E-5, 9.569159833435522E-6, 2.6184655982964568E-5, 3.8523011039003394E-5, 1.806980546947044E-4
2.003139512336133E-9, 2.1667705108439905E-9, 1.8835134089794286E-9, 1.9287280699962182E-9, 1.7290340895148582E-9, 1.5891359898996538E-9, 1.5713831468672224E-9, 1.4245327850269038E-9, 1.2272139994484992E-9, 1.1334941314548874E-9, 1.0342074448351987E-9, 9.309555153678983E-10, 7.840655830214198E-10, 7.191083566560497E-10, 5.506312041525172E-10, 5.163936374862066E-10, 3.868827898019858E-10, 3.2941918556026253E-10, 2.6183375508980616E-10, 2.0159843618691026E-10, 1.4646149755232624E-10, 1.121744203330232E-10, 8.419663024509388E-11, 5.007806972920359E-11, 3.237156322079965E-11, 2.8816493679098554E-11, 1.3833262551936343E-11, 7.831358825316492E-12, 3.061145358463496E-11, 7.849228854232317E-11, 1.4036023352707178E-10, 9.277641914266777E-11, 2.72863663088041E-11, 1.386788597612697E-9, 1.09482520163455E-10, 5.632460424172085E-11, 1.5174720551305865E-10, 4.6417561743068714E-11, 4.685872936687711E-11, 8.164615945810806E-11, 4.237424367843661E-11, 1.643998021873624E-10, 2.684751306191661E-11, 4.964258894568966E-11, 6.050971087579772E-11, 4.531089800509803E-11, 4.1225552954902663E-11, 4.5042536866123084E-13, 1.5378149631256523E-10, 2.6633976396421045E-12, 3.2589130335026594E-13