0.0, 0.006665593544690412
0.0048828125, 0.0023875670624669376
0.009765625, 0.004581547896700304
0.0146484375, -7.124083018487018E-4
0.01953125, -1.5699150191148187E-4
0.0244140625, -4.601690858690311E-4
0.029296875, 0.00396527996114456
0.0341796875, 0.00777812297161159
0.0390625, 8.689461841050437E-4
0.0439453125, -0.009767032277041031
0.048828125, 0.0032416155521424804
0.0537109375, -0.002046644410907732
0.05859375, 0.00593166969485852
0.0634765625, 4.2942035885158524E-4
0.068359375, 0.002721975508800521
0.0732421875, 0.0012678119095804283
0.078125, -0.003056909623022006
0.0830078125, -0.0029295391660098713
0.087890625, -0.006460279431582008
0.0927734375, 0.0020919333218677493
0.09765625, 0.00444917389450791
0.1025390625, 0.004512242369730613
0.107421875, 0.003732489390456583
0.1123046875, 0.008617168149992943
0.1171875, 0.006003808704819577
0.1220703125, -0.0018350019526127254
0.126953125, -0.0023912730669616014
0.1318359375, 0.006451356122363933
0.13671875, 3.157684990806944E-4
0.1416015625, -0.002871416305437413
0.146484375, 0.0038006946358418725
0.1513671875, 4.8441272081928906E-4
0.15625, -0.0039156610154888975
0.1611328125, 0.003604631151468655
0.166015625, -0.0022194231213356163
0.1708984375, -0.0014349154334682332
0.17578125, 0.0037618191936279978
0.1806640625, 0.0025711339840972396
0.185546875, 0.01128164990578351
0.1904296875, -0.005409083355682721
0.1953125, -0.00883661580895826
0.2001953125, 0.0011715888635172361
0.205078125, -8.361552592625189E-4
0.2099609375, -8.460180910140515E-5
0.21484375, -0.002991788658080529
0.2197265625, -0.006597918287823544
0.224609375, 0.001078931089992695
0.2294921875, -0.004638166816288703
0.234375, 0.00523782225609945
0.2392578125, 0.0014979117193052573
0.244140625, -5.616957481145882E-5
0.2490234375, -0.006906112447941204
0.25390625, -0.0029574943928157944
0.2587890625, 0.003675664475415998
0.263671875, 0.006001982044998332
0.2685546875, 0.005852580514965901
0.2734375, 0.006969338235723672
0.2783203125, 0.004827011218503133
0.283203125, 0.0057602665660830814
0.2880859375, -0.0011128663109726594
0.29296875, -0.0036606346002976
0.2978515625, -2.1624391413931415E-4
0.302734375, 8.126670982660564E-4
0.3076171875, -0.014212586294583827
0.3125, -0.010662850176703107
0.3173828125, 0.0026942810463619917
0.322265625, 2.532066430490232E-4
0.3271484375, 0.0033375105824351506
0.33203125, 5.971996612511994E-4
0.3369140625, -0.0021160642091445007
0.341796875, 0.005926707224195662
0.3466796875, 0.004661510966372202
0.3515625, 0.0022204767628998864
0.3564453125, 0.0030246329478222037
0.361328125, 0.0078071918746096475
0.3662109375, 0.006137158853732944
0.37109375, 7.745642231600408E-4
0.3759765625, 4.368903394419383E-5
0.380859375, 0.00832582566677004
0.3857421875, -7.664594394965006E-4
0.390625, -0.0029542240649083795
0.3955078125, -0.003997110396517076
0.400390625, -0.005560205086553979
0.4052734375, -0.006049690012569632
0.41015625, 0.005968962226214445
0.4150390625, -0.007435695629407772
0.419921875, 0.007918299292854553
0.4248046875, -0.005055297754537282
0.4296875, -0.0020007715049644875
0.4345703125, 3.3222738984880037E-4
0.439453125, 0.004159939153071514
0.4443359375, 0.003434081849335032
0.44921875, -0.006075616968238271
0.4541015625, -0.0032149669783159735
0.458984375, 8.934405108572685E-4
0.4638671875, 0.0030232999783779526
0.46875, 0.003101675054244011
0.4736328125, -0.007219878451143772
0.478515625, -0.006540754674726932
0.4833984375, -0.004726809669818618
0.48828125, -0.0035886541878266654
0.4931640625, 0.003062324914307342
0.498046875, -0.001053372627932339
0.5029296875, 0.0017683071705005449
0.5078125, 0.001800059207315621
0.5126953125, 0.007705182377480245
0.517578125, 0.01074578468277496
0.5224609375, 0.00812131782784375
0.52734375, -0.004583877752364382
0.5322265625, 0.0021409510416646226
0.537109375, 0.002180681653043021
0.5419921875, 0.006758793022162643
0.546875, 0.0056083616918658
0.5517578125, 0.0032200316727870205
0.556640625, -0.0027384985824716853
0.5615234375, -0.007229512464692096
0.56640625, 0.0037508540052190713
0.5712890625, 0.007024296101853107
0.576171875, -0.003350744239311867
0.5810546875, -0.005233491512771791
0.5859375, 0.002364574542209728
0.5908203125, -6.913657734590974E-4
0.595703125, -3.7781707139255E-4
0.6005859375, -0.0013966774993237122
0.60546875, 0.0031022057545759926
0.6103515625, -0.00312673345641523
0.615234375, -0.009960677305284282
0.6201171875, -4.929506397908863E-4
0.625, 2.817320901125844E-4
0.6298828125, 0.006640530096986441
0.634765625, 4.3712755829833545E-4
0.6396484375, -0.0028019176587145613
0.64453125, -0.004606959060308389
0.6494140625, -0.0014690528688758768
0.654296875, 0.007572269279543168
0.6591796875, 6.698972146913537E-4
0.6640625, 0.004116143449015691
0.6689453125, 0.0022661377915232637
0.673828125, 9.210143654335217E-5
0.6787109375, 0.00775232417458144
0.68359375, -9.709442405299525E-4
0.6884765625, -1.9603836411769834E-4
0.693359375, -0.006889483353010815
0.6982421875, 0.007246626813322171
0.703125, -9.417443245178812E-4
0.7080078125, 4.503423697516008E-4
0.712890625, -7.598603270521196E-4
0.7177734375, 9.229998817606448E-4
0.72265625, 0.0021180255298625258
0.7275390625, 0.007678081795623314
0.732421875, 0.007935708185685139
0.7373046875, -9.969389012267813E-5
0.7421875, 0.007293528601485948
0.7470703125, -0.0011221351648917207
0.751953125, 9.24222111822851E-4
0.7568359375, 0.010553340114613147
0.76171875, -0.005765937596717114
0.7666015625, 0.0016722249329670133
0.771484375, -0.0016260717086663055
0.7763671875, 0.0019920423031088625
0.78125, -0.0052549052719925585
0.7861328125, 0.0019014488179220565
0.791015625, -0.010437929787000763
0.7958984375, -1.592685347955975E-5
0.80078125, -0.011436414005000261
0.8056640625, -5.200706386697399E-4
0.810546875, 9.682855990297682E-4
0.8154296875, -0.0015485986674090577
0.8203125, 0.012244322372152828
0.8251953125, 0.013600178257911856
0.830078125, 0.0012462771258813102
0.8349609375, -7.766627215236098E-4
0.83984375, -0.0067355068557320786
0.8447265625, 7.318097911877021E-4
0.849609375, 0.008875900045953412
0.8544921875, 8.065123082915799E-4
0.859375, -3.043851791131858E-4
0.8642578125, -0.0013283035189971515
0.869140625, 0.0013881424375413968
0.8740234375, 0.001760177069225957
0.87890625, -0.0017243443691624335
0.8837890625, -0.003054088082687927
0.888671875, -0.0038059611591092363
0.8935546875, -0.004043099358702536
0.8984375, 0.002754682399233657
0.9033203125, -0.011415464889920453
0.908203125, -0.002543047601584949
0.9130859375, 0.0024958403330898942
0.91796875, 0.002534608759305979
0.9228515625, 9.192124921611472E-4
0.927734375, -0.0039571901680052635
0.9326171875, 0.008180193656831154
0.9375, -0.0030036745926517523
0.9423828125, -0.007323439399419089
0.947265625, 0.0011957751816902298
0.9521484375, 0.0015409781214045144
0.95703125, -0.004931595190256231
0.9619140625, -0.0036606996401805417
0.966796875, 0.0052697619302469675
0.9716796875, -0.00270707130072514
0.9765625, -9.008131152539337E-4
0.9814453125, -0.0039013944092881527
0.986328125, 0.0011692047595545534
0.9912109375, -0.007373614882898302
0.99609375, 0.003954284652210592
1.0009765625, -0.0030626826916029855
1.005859375, -0.004062972493500241
1.0107421875, 0.0014694678796643372
1.015625, -3.239994559385497E-4
1.0205078125, -0.0069174638943658336
1.025390625, 0.006828711159819717
1.0302734375, -0.002873686571960424
1.03515625, 0.003141336462757176
1.0400390625, 5.638758853291E-4
1.044921875, -6.006521492361665E-4
1.0498046875, 0.006822300343865814
1.0546875, -0.00906806036377884
1.0595703125, 0.006243187027092511
1.064453125, -0.002968998999220644
1.0693359375, -0.003538673286419438
1.07421875, 0.001454809683596545
1.0791015625, 9.937585035657136E-6
1.083984375, -0.004213571962485156
1.0888671875, -0.010151605583584666
1.09375, 2.0658064534159976E-4
1.0986328125, 0.0030346168388416302
1.103515625, 0.0021411168395901264
1.1083984375, 0.0047905842322790385
1.11328125, -0.0034132455538957505
1.1181640625, 0.005097130677008602
1.123046875, 0.003759000460490998
1.1279296875, -0.009029692694693763
1.1328125, 0.0010429164401900277
1.1376953125, -0.006204180755031784
1.142578125, -0.001461494997187695
1.1474609375, 0.0036553070069388688
1.15234375, -9.671070432886761E-4
1.1572265625, 0.0019588203356220657
1.162109375, 0.006155664682134875
1.1669921875, -0.008449220974307883
1.171875, 0.005809885809336186
1.1767578125, -0.00114603466783973
1.181640625, 0.005989057263325113
1.1865234375, 0.00411460862948316
1.19140625, 0.0060972033361224465
1.1962890625, -0.004798150977863418
1.201171875, 0.002404829760138341
1.2060546875, -0.0011035665486187419
1.2109375, 0.012287992379823125
1.2158203125, 0.006330196219566568
1.220703125, 0.00556769735498755
1.2255859375, 0.004554526222678134
1.23046875, 0.004640262998669692
1.2353515625, -0.0052934147518653735
1.240234375, -0.002018697473621675
1.2451171875, 0.005968539280804055
1.25, 5.512062689603662E-4
1.2548828125, -0.0036647228190839114
1.259765625, -0.004361784316181763
1.2646484375, 7.859052917106644E-4
1.26953125, -0.002817448947060108
1.2744140625, 1.4971049142100388E-4
1.279296875, -0.002334708994042745
1.2841796875, 0.0027279870540208423
1.2890625, 0.0012592950457476655
1.2939453125, -0.003669651129844418
1.298828125, 0.002460022861830976
1.3037109375, -0.005707950913590472
1.30859375, 0.0020916785412239225
1.3134765625, 0.004089699731134334
1.318359375, 0.010018753976845405
1.3232421875, 0.006733847202010689
1.328125, 0.005458314928435371
1.3330078125, 0.0036497214937313643
1.337890625, 0.003661197548223548
1.3427734375, 7.906147627067851E-4
1.34765625, 0.0017706721553323594
1.3525390625, 9.106645910438212E-4
1.357421875, 6.422436378474888E-4
1.3623046875, -0.01035469178866879
1.3671875, -0.0019610643859382143
1.3720703125, 0.002518119443078646
1.376953125, 0.0026387183406393344
1.3818359375, -0.005989041300576398
1.38671875, -0.0027267384944390074
1.3916015625, 5.876756307068181E-4
1.396484375, -0.003799779940275852
1.4013671875, -0.003431227630117541
1.40625, -7.638310526152424E-4
1.4111328125, 0.005135170055241658
1.416015625, 0.004482415583219819
1.4208984375, 0.005178059420824036
1.42578125, -1.685252119436525E-4
1.4306640625, 0.002339342344341643
1.435546875, -0.004078627391396808
1.4404296875, 0.0022954885635807585
1.4453125, 0.005227379316733013
1.4501953125, -0.005182972929103048
1.455078125, -0.01313274378320895
1.4599609375, -0.005659484364791078
1.46484375, -0.008279148638856048
1.4697265625, -0.001628984012914824
1.474609375, 0.002685069178280745
1.4794921875, -0.004911339185373546
1.484375, 9.738633945193672E-4
1.4892578125, -0.00874375597492498
1.494140625, 8.12879227957281E-4
1.4990234375, 0.004970660703423353
1.50390625, 0.006205434617380995
1.5087890625, -0.00436623679385122
1.513671875, -5.021409771568419E-4
1.5185546875, -0.005624595876964927
1.5234375, 8.984268458241799E-4
1.5283203125, 9.626913982499451E-4
1.533203125, 0.006863840339483001
1.5380859375, -0.007572889192174938
1.54296875, -1.4896302636710425E-4
1.5478515625, 0.0061595529071687225
1.552734375, 0.005124460275794774
1.5576171875, -0.0030091915055816608
1.5625, 0.008076036266464633
1.5673828125, -0.003540472915527877
1.572265625, 0.004615491396401799
1.5771484375, -0.005116006599408942
1.58203125, 0.0017233519741203776
1.5869140625, 9.801782853098942E-4
1.591796875, 0.004853657129169335
1.5966796875, 0.005738490682886565
1.6015625, -0.0025727549896443058
1.6064453125, 0.0015232285336833006
1.611328125, -3.782941002406768E-4
1.6162109375, 0.0028445425518589594
1.62109375, -2.2740046713388425E-4
1.6259765625, -0.00823940576461972
1.630859375, -0.005218777121177965
1.6357421875, 5.027564987586791E-4
1.640625, -0.0011035478495070167
1.6455078125, 0.0013976693860236339
1.650390625, 0.0027252193970590376
1.6552734375, 0.0025818583577383878
1.66015625, 0.001281661238175605
1.6650390625, -0.0022965236819285115
1.669921875, -0.0015041798446221485
1.6748046875, -0.004399921659486253
1.6796875, 6.188071685734335E-4
1.6845703125, -0.0013578828875845752
1.689453125, 2.997746012945561E-4
1.6943359375, 0.009670373390705879
1.69921875, -0.008250019794417356
1.7041015625, -0.002267460423338432
1.708984375, 1.1688021130339064E-4
1.7138671875, -0.0015073163901278977
1.71875, -0.0039097023453397994
1.7236328125, 0.008503060510345734
1.728515625, -0.008884016499785001
1.7333984375, 0.0066117531286477935
1.73828125, 7.214014855065898E-4
1.7431640625, -0.004634217483156359
1.748046875, 0.009245139764788742
1.7529296875, 0.004076569904892225
1.7578125, 0.0010961688785337221
1.7626953125, -0.005583446682860748
1.767578125, 0.004100912571379023
1.7724609375, 0.0066995824609951985
1.77734375, 0.0025925790507027057
1.7822265625, -0.00516787677412851
1.787109375, 0.005307000657482647
1.7919921875, -0.0028445891238097847
1.796875, -0.0017843292104736059
1.8017578125, 0.0031411394867314614
1.806640625, 0.009374505717403074
1.8115234375, -0.0023138610378678854
1.81640625, 0.0052565978550610055
1.8212890625, -0.01193575684151462
1.826171875, 0.0038540029184081556
1.8310546875, 0.004003408598027624
1.8359375, -0.0022297411032115603
1.8408203125, 0.0089180852276837
1.845703125, 0.00405723638037169
1.8505859375, -0.0043254298532001915
1.85546875, -0.0055400150438230916
1.8603515625, 9.014775316516987E-4
1.865234375, -0.0032437150682180903
1.8701171875, -0.0012520982956889764
1.875, -0.005394768316602476
1.8798828125, 4.615197793968205E-4
1.884765625, -0.0040111421589495875
1.8896484375, -0.004539384001685141
1.89453125, 2.0540544146368297E-4
1.8994140625, -0.00971065403603067
1.904296875, -0.0074188781907107
1.9091796875, -0.0054102063599259335
1.9140625, 0.004906769800365868
1.9189453125, 0.0014101664905778483
1.923828125, -0.0048722255152643095
1.9287109375, 0.007224666837432578
1.93359375, 0.00901646679459098
1.9384765625, -6.942109769654476E-4
1.943359375, 0.0031701730181831573
1.9482421875, 4.371922414900973E-4
1.953125, 0.004482575237995302
1.9580078125, 0.0055769203908263565
1.962890625, -0.0031355509332862738
1.9677734375, -0.002680766046250986
1.97265625, -0.008600910210306146
1.9775390625, 0.006494757960869783
1.982421875, -0.006998299013386759
1.9873046875, 0.0026285706934421746
1.9921875, -0.0058183500856017305
1.9970703125, -0.0022802802085667767
2.001953125, 0.0069790536793772505
2.0068359375, -3.314673510370186E-4
2.01171875, -0.013482488427451004
2.0166015625, -9.556816081730782E-4
2.021484375, 0.002376191470685516
2.0263671875, -8.588061401033063E-4
2.03125, 0.0028474383508297193
2.0361328125, 0.004256963037035101
2.041015625, -0.0066073564430626005
2.0458984375, -0.005128412079165382
2.05078125, -0.0028479184196774972
2.0556640625, -0.001452693135374238
2.060546875, -0.002978712422090179
2.0654296875, 9.18282775624219E-4
2.0703125, -0.0016939361769454672
2.0751953125, -0.0010722763910622022
2.080078125, -0.002106846953034801
2.0849609375, -0.002032497389655545
2.08984375, -0.006423679866064371
2.0947265625, 0.009611802265237532
2.099609375, -0.00976947152788004
2.1044921875, -0.004842855498337254
2.109375, -0.003530210253600177
2.1142578125, -0.0038709887815644942
2.119140625, 0.007162511210229787
2.1240234375, 0.0013289142450314585
2.12890625, -0.00161851879945237
2.1337890625, -0.005170460239072111
2.138671875, 0.005808929153179692
2.1435546875, 2.5833302973381927E-4
2.1484375, 0.0014685742330522473
2.1533203125, -6.89804034384623E-4
2.158203125, 0.002059579225194442
2.1630859375, -0.0010276208807623146
2.16796875, 0.00454310373856882
2.1728515625, -0.003297258029195816
2.177734375, 2.030651626574139E-4
2.1826171875, -0.001182928510849053
2.1875, 0.004870962412729961
2.1923828125, 0.007018205159164119
2.197265625, 0.012741797446795109
2.2021484375, 0.003000151581290141
2.20703125, 0.004467615278410492
2.2119140625, -0.003628135677501038
2.216796875, 0.002923023781841106
2.2216796875, -0.009041501680981098
2.2265625, 4.726134987315343E-4
2.2314453125, -0.002277405183721222
2.236328125, -3.7383999805515366E-4
2.2412109375, -0.002014634674241902
2.24609375, 9.529276765420545E-4
2.2509765625, 0.010492288562396819
2.255859375, 0.005476629240669802
2.2607421875, -0.0017197798934891527
2.265625, -0.008704456455439534
2.2705078125, -0.0027573095088134314
2.275390625, 0.003164920314296267
2.2802734375, 0.004148533821851492
2.28515625, -0.003389327364094154
2.2900390625, 0.005377150857662233
2.294921875, -0.0015103655426237392
2.2998046875, -0.009489884936549661
2.3046875, 0.00512035851062244
2.3095703125, 0.009324490994616871
2.314453125, -0.008555136300225159
2.3193359375, 0.0017837346408302
2.32421875, -0.008917645970367163
2.3291015625, -0.0014508799152920125
2.333984375, -0.004630225794598793
2.3388671875, -0.0027490270185065164
2.34375, -0.005941798397632496
2.3486328125, 0.0010963815596204348
2.353515625, 0.004323064132199529
2.3583984375, -0.003155952526332366
2.36328125, 6.625713224338017E-4
2.3681640625, -0.004713475878975134
2.373046875, 0.002875877672676783
2.3779296875, 0.001534115835765609
2.3828125, -0.0060021745849671215
2.3876953125, -0.005675964760932354
2.392578125, 5.348546676311592E-4
2.3974609375, 0.0043210431080035385
2.40234375, -0.004035928918748495
2.4072265625, 0.004759036116555693
2.412109375, -7.580301838853473E-4
2.4169921875, -0.002481876296423389
2.421875, -0.00488031168468443
2.4267578125, -0.005917944052048264
2.431640625, -0.007869624942974832
2.4365234375, -0.004503069985287317
2.44140625, 0.0012141786620823189
2.4462890625, -0.008450769452230878
2.451171875, 0.007169388775033129
2.4560546875, -0.002082527446819877
2.4609375, -0.0013501135981281906
2.4658203125, 0.004497328068431835
2.470703125, 0.00446413656840404
2.4755859375, -7.346583203681835E-4
2.48046875, -0.002939451738011806
2.4853515625, 0.003093220268557068
2.490234375, -0.0035371260869990154
2.4951171875, 1.6737748312820955E-5
2.5, 0.007067288973422156
2.5048828125, 0.0043864513044562115
2.509765625, 0.0022935752743347146
2.5146484375, -0.003760626147213379
2.51953125, 0.002497575285911037
2.5244140625, 4.937823809103026E-4
2.529296875, -0.0013733410471256956
2.5341796875, 0.002302792071367839
2.5390625, 0.001993933284947479
2.5439453125, 0.005644336342528547
2.548828125, 5.574135287489189E-4
2.5537109375, 0.0015670246324662514
2.55859375, -0.005458301891865837
2.5634765625, 0.004589679662367724
2.568359375, 7.849921931189399E-4
2.5732421875, 0.0036921343989890134
2.578125, -0.002182785907587642
2.5830078125, 1.4265622815426513E-4
2.587890625, -0.007227742659967524
2.5927734375, 0.003873554805390125
2.59765625, 0.007617927501796626
2.6025390625, 0.004495404894246627
2.607421875, -0.0018513628570353139
2.6123046875, -0.009821879985601543
2.6171875, 0.006196908471166928
2.6220703125, -0.004608091086912948
2.626953125, 4.7138617591497884E-4
2.6318359375, -0.007959874957835702
2.63671875, -0.012481014381886382
2.6416015625, -0.0013136952113251936
2.646484375, -0.0013065286479996038
2.6513671875, -0.007857649993685155
2.65625, 0.0037158986781900315
2.6611328125, -0.0067209472437883425
2.666015625, -0.004056248102653551
2.6708984375, 0.003701778433854987
2.67578125, 0.004456666220403958
2.6806640625, -0.004462100630724853
2.685546875, -7.5550103732479E-4
2.6904296875, 0.00436582117343021
2.6953125, 0.002850514568701213
2.7001953125, 0.005030076635446412
2.705078125, -5.358793424258034E-4
2.7099609375, -0.00283250527458295
2.71484375, -0.011065525885562654
2.7197265625, 0.0032925558514085383
2.724609375, -0.007274347515500613
2.7294921875, -0.0011203570843117783
2.734375, 1.8853254132181261E-4
2.7392578125, -0.008275297315270673
2.744140625, 0.005209233786317482
2.7490234375, 0.0015270179992075907
2.75390625, 0.0020480847978501917
2.7587890625, -0.007676617107793328
2.763671875, 7.34758788696932E-5
2.7685546875, -0.007017979525762103
2.7734375, -8.905362107877895E-4
2.7783203125, 0.0029282276519884305
2.783203125, 0.0011683237478790122
2.7880859375, 0.0012779689695140897
2.79296875, -0.002244917747930098
2.7978515625, 0.0021119802713910896
2.802734375, -0.002616640468276394
2.8076171875, -0.010551570850479162
2.8125, 0.003673710878561635
2.8173828125, -7.285439097397467E-4
2.822265625, -0.004554206301328908
2.8271484375, 0.0020295939786997732
2.83203125, 8.130410185758835E-4
2.8369140625, 0.00472341193430572
2.841796875, 0.002953179321982984
2.8466796875, 9.404052733030235E-4
2.8515625, -0.003482273023495454
2.8564453125, 0.0033817331451482997
2.861328125, 0.003310645165459309
2.8662109375, -0.0017276863291837419
2.87109375, 0.0038610821671669973
2.8759765625, 0.006795521603373609
2.880859375, -0.0042054863697606
2.8857421875, 5.509583985762317E-4
2.890625, -0.0010024827507570796
2.8955078125, 0.0013286852039312924
2.900390625, -0.0016204087460930413
2.9052734375, -0.0013536520244762037
2.91015625, 0.009564570507724574
2.9150390625, 0.005229378968576513
2.919921875, -0.0043509209553491655
2.9248046875, -0.0015397764705224323
2.9296875, 0.001625149345964271
2.9345703125, 0.003195297359033156
2.939453125, 0.006102489614618684
2.9443359375, -0.004058815076419237
2.94921875, 0.002693831075708853
2.9541015625, -8.447668826171741E-4
2.958984375, 0.0010556843535297655
2.9638671875, 0.006447055738041552
2.96875, 4.27587008007488E-4
2.9736328125, -0.001173954358859204
2.978515625, -8.547206016395487E-4
2.9833984375, -0.0037833572366700505
2.98828125, -0.0017823491188637508
2.9931640625, 0.005562015459978288
2.998046875, -0.005000767266310201
3.0029296875, -0.002281789474476507
3.0078125, 0.002889025976087537
3.0126953125, 0.004277479983877416
3.017578125, -0.005383484209253571
3.0224609375, -0.00435388222959454
3.02734375, 0.0016382359999216928
3.0322265625, -6.476183060208068E-4
3.037109375, 0.002251550557142923
3.0419921875, -0.0056453513483158985
3.046875, 1.598012053725473E-5
3.0517578125, -0.006054665699626847
3.056640625, -0.0015163922211122354
3.0615234375, 0.00279660892627757
3.06640625, 0.007318373971655187
3.0712890625, -0.008549456698345425
3.076171875, 0.003668994634678302
3.0810546875, -0.004032581883421181
3.0859375, 0.008305795849743915
3.0908203125, 0.002895243906459713
3.095703125, 0.003805530023926733
3.1005859375, 0.003940825535887326
3.10546875, -0.005456951106620521
3.1103515625, -0.005119137941208351
3.115234375, 0.010962581546275958
3.1201171875, -0.01066081089655016
3.125, 0.004634457280281656
3.1298828125, -6.01577469290403E-4
3.134765625, 0.004366879960849942
3.1396484375, -0.004995040502781339
3.14453125, 0.0030731550996655668
3.1494140625, 0.007022517519042318
3.154296875, -0.005462275763857745
3.1591796875, 0.002047118451611793
3.1640625, 0.002648657611449849
3.1689453125, -0.001662963473868365
3.173828125, 6.139308406313349E-4
3.1787109375, 0.005097005830432439
3.18359375, 0.00500774597188892
3.1884765625, 3.138894160278999E-4
3.193359375, -0.0035568849909127587
3.1982421875, 0.0015355199149386552
3.203125, 0.0048719012735085
3.2080078125, -0.0027785360786811396
3.212890625, -0.009079386579388879
3.2177734375, -0.010426733130104462
3.22265625, -0.0024050620534462525
3.2275390625, -0.00926097038002982
3.232421875, -0.00614232558641371
3.2373046875, -0.005968704943489714
3.2421875, -2.8628412801622906E-5
3.2470703125, 2.813002769786999E-4
3.251953125, 0.0010939636222860843
3.2568359375, -0.0021291164342221135
3.26171875, -0.003370687604471424
3.2666015625, -6.262874427641948E-5
3.271484375, 0.0010953193717610056
3.2763671875, -0.0021668610793453822
3.28125, 0.003503955052163355
3.2861328125, 0.00587825686871187
3.291015625, -0.0036017189806596375
3.2958984375, 0.0013978665256935024
3.30078125, 0.0028864067112847743
3.3056640625, -0.004831022534654632
3.310546875, -0.004188447940066663
3.3154296875, -0.003600961602390617
3.3203125, -0.00125696560151317
3.3251953125, -0.003615690311317172
3.330078125, 0.0021408163361573422
3.3349609375, -0.003926325134332758
3.33984375, -0.001584985804403893
3.3447265625, -0.0018352207293353428
3.349609375, -0.005234680793977579
3.3544921875, 0.004983218807675023
3.359375, -0.005257902893545003
3.3642578125, -0.0016641423159473008
3.369140625, -0.0010082975790114454
3.3740234375, 0.00517692277313337
3.37890625, 0.010421239845256102
3.3837890625, 0.0027398533760263554
3.388671875, 0.0021327715789750683
3.3935546875, -0.00365297696311007
3.3984375, -0.003093397770871456
3.4033203125, 2.839073724281876E-4
3.408203125, -5.650473966797503E-4
3.4130859375, 0.0097996446631352
3.41796875, -0.005844270391256135
3.4228515625, 0.00880732357748654
3.427734375, -0.0035743001708563064
3.4326171875, 9.312901636398579E-4
3.4375, -0.00978093396960478
3.4423828125, 0.008108988029795618
3.447265625, 0.0014004016791610975
3.4521484375, -0.0016401392411072085
3.45703125, 0.0030299744406116864
3.4619140625, -0.0038143585495217644
3.466796875, -0.004075074187474195
3.4716796875, 0.0015284139297516127
3.4765625, 2.916665938726945E-4
3.4814453125, -0.0037471448559712214
3.486328125, -3.597879368323932E-4
3.4912109375, -0.004323126033093253
3.49609375, -0.002445719819389401
3.5009765625, 0.004464620815013536
3.505859375, -0.004569997775325095
3.5107421875, 0.004767511605658823
3.515625, 0.005612311905246779
3.5205078125, -0.0022510734476122772
3.525390625, -0.00324355764481126
3.5302734375, -1.1670540805259252E-4
3.53515625, -0.008557066928122258
3.5400390625, -3.456163865799369E-4
3.544921875, -0.004743774161922098
3.5498046875, -0.0017759511068396647
3.5546875, 9.409243076830201E-4
3.5595703125, -0.004452880136531363
3.564453125, -0.003835380292867693
3.5693359375, 0.0014898266643028895
3.57421875, -0.007772877692889599
3.5791015625, -6.260677669981642E-4
3.583984375, 0.004834968849616332
3.5888671875, 0.004497010540110794
3.59375, 0.008116824622950394
3.5986328125, 5.792641952880725E-4
3.603515625, 0.00831007737685094
3.6083984375, -0.007623958532272299
3.61328125, -0.0011950280637208766
3.6181640625, -0.004233284650821305
3.623046875, -0.0030626306149643514
3.6279296875, -1.9182250264350767E-5
3.6328125, -0.008051187927577634
3.6376953125, -4.8011431758040557E-4
3.642578125, 4.785258686999406E-4
3.6474609375, -0.0020435391984690134
3.65234375, -0.0050333578684059995
3.6572265625, 0.0028257599006565794
3.662109375, 0.00655212964712857
3.6669921875, -0.007350855174281452
3.671875, -7.489064461392476E-4
3.6767578125, -9.142412444035039E-4
3.681640625, 0.006627228741653296
3.6865234375, 0.003590903623818841
3.69140625, 0.0020938710467421156
3.6962890625, 0.0010131506626379952
3.701171875, -0.0010805387284984415
3.7060546875, 0.004277369210723485
3.7109375, -0.004621480519795032
3.7158203125, 0.002833785383830124
3.720703125, 0.003041061615609214
3.7255859375, -9.996623982140992E-4
3.73046875, 0.001060255259299015
3.7353515625, 0.0017639506012092705
3.740234375, -0.0032990558309540226
3.7451171875, -0.005019927911648611
3.75, 0.00518060642419913
3.7548828125, -0.008055446824735283
3.759765625, 0.008160078113236737
3.7646484375, -0.007074357848260711
3.76953125, 0.004106217863116516
3.7744140625, -0.0033895373492872365
3.779296875, -0.006278333527371951
3.7841796875, -3.817105920848763E-4
3.7890625, -1.0705563077207433E-5
3.7939453125, -0.0037491738797259568
3.798828125, 3.9285613028635237E-4
3.8037109375, -0.006339465390479809
3.80859375, 0.009329472021048973
3.8134765625, -0.0021056741728393835
3.818359375, -0.0036353839795419344
3.8232421875, 0.0011859427544069624
3.828125, 0.009858817506974302
3.8330078125, 0.002787117003971885
3.837890625, -0.003779303571287428
3.8427734375, -0.007056750293311831
3.84765625, -0.004904977345086853
3.8525390625, -0.006207492990064445
3.857421875, -0.0012874192854722818
3.8623046875, 0.0018773222935941983
3.8671875, -0.0011661821118118126
3.8720703125, 0.0052186684884405095
3.876953125, 0.0023032766568164423
3.8818359375, -5.27176827217813E-4
3.88671875, -0.0026590239235964163
3.8916015625, -9.485418182933383E-4
3.896484375, 0.003630280387849139
3.9013671875, -0.012457527423601358
3.90625, -0.0010933371192076002
3.9111328125, -0.0016451983917868311
3.916015625, -0.0030374613870310816
3.9208984375, 0.002985120691311418
3.92578125, -0.001760797803216365
3.9306640625, 0.005578497880075443
3.935546875, -0.0018692072115773588
3.9404296875, -0.0012412855462475133
3.9453125, -6.094402390108618E-4
3.9501953125, 0.004158851585357098
3.955078125, -0.008625362925851157
3.9599609375, 0.005257668328396905
3.96484375, -0.0035438736675872623
3.9697265625, 0.004729899789127664
3.974609375, -0.0045960718921048554
3.9794921875, 0.002495190552164596
3.984375, -0.0020729569931627555
3.9892578125, 9.271498085510447E-4
3.994140625, 0.0035902493005889537
3.9990234375, 0.0034159303958545685
4.00390625, -0.004371931235399257
4.0087890625, -0.004465025367369023
4.013671875, 0.00799295940094139
4.0185546875, -0.0013684966646563225
4.0234375, 0.00740350494353474
4.0283203125, 0.002218612479239897
4.033203125, -0.009154376568545154
4.0380859375, 0.011217635477571156
4.04296875, -0.004477575982225942
4.0478515625, -9.059735788649505E-4
4.052734375, 0.004115427562851485
4.0576171875, 8.581478102259578E-4
4.0625, 0.001439545477311786
4.0673828125, 0.0062034430521156515
4.072265625, -1.140282560847167E-4
4.0771484375, -0.0010425493747043507
4.08203125, -0.006219657086380932
4.0869140625, 0.008464841135702741
4.091796875, 0.0057704529741768795
4.0966796875, 0.005501427582105196
4.1015625, 5.892442885925301E-4
4.1064453125, 0.0023803384359666335
4.111328125, -0.0020675845741223277
4.1162109375, 9.199023856455105E-4
4.12109375, -0.005506860205298943
4.1259765625, -0.002921451169686487
4.130859375, 0.00804732517313178
4.1357421875, 5.942035187460587E-4
4.140625, 0.00566305430294333
4.1455078125, -0.0028343450011977175
4.150390625, -0.00732894386789203
4.1552734375, -3.283612651425427E-4
4.16015625, 1.3470599599602474E-4
4.1650390625, -0.002495540584869418
4.169921875, -0.006841116051122583
4.1748046875, 0.0034969675101911082
4.1796875, 0.0030498666281200035
4.1845703125, 0.004806392115070592
4.189453125, -5.333686222234511E-4
4.1943359375, -0.005074000068169538
4.19921875, -0.0019484136412827944
4.2041015625, -0.0022910553883044413
4.208984375, 0.005841333527062136
4.2138671875, 6.900734008224091E-4
4.21875, -0.003156046046566543
4.2236328125, 0.0062183724204257955
4.228515625, 0.0046193379274814435
4.2333984375, 0.0036275265103740367
4.23828125, -0.0030255207563468067
4.2431640625, 0.0031804892253463352
4.248046875, 0.001042635542531427
4.2529296875, -4.0216773919338607E-4
4.2578125, -0.001222170210052248
4.2626953125, -0.0014584421464624137
4.267578125, -4.303047482136431E-4
4.2724609375, -0.0029590857489143678
4.27734375, -8.230397924906966E-4
4.2822265625, -7.484541277417758E-4
4.287109375, -0.009977149348839637
4.2919921875, 0.0026529481636584544
4.296875, 1.1267838370549051E-4
4.3017578125, -0.009328527583699552
4.306640625, -0.0014973033181469538
4.3115234375, -0.009579605455304533
4.31640625, 0.004327815524028474
4.3212890625, 0.0028244302778434316
4.326171875, 5.579251658450314E-4
4.3310546875, -0.003196342039593616
4.3359375, -0.004408560027921862
4.3408203125, 0.0080239979040918
4.345703125, -0.0024436438855165565
4.3505859375, -0.0027037379476741357
4.35546875, 0.0014934411058622355
4.3603515625, -0.006528234205021968
4.365234375, -0.004126284426383035
4.3701171875, 8.978353447779431E-4
4.375, -0.004953131750804673
4.3798828125, -2.5719223306008973E-4
4.384765625, -3.247543218983685E-4
4.3896484375, 0.004962276863311961
4.39453125, 0.004579385059155047
4.3994140625, -0.002780992090863155
4.404296875, 0.0051383980748372846
4.4091796875, -9.272174132426658E-4
4.4140625, -0.004609926165737119
4.4189453125, 0.00647485402017083
4.423828125, -0.002105382683225322
4.4287109375, -0.002300157168326272
4.43359375, 8.67552388486707E-4
4.4384765625, -0.005303555297360992
4.443359375, -0.0017156415077339711
4.4482421875, 0.002689271010915312
4.453125, 0.0012917226510027226
4.4580078125, 0.0029484277969013717
4.462890625, -1.6296314292427497E-4
4.4677734375, -0.005211063030694516
4.47265625, 0.007654477818110206
4.4775390625, 0.00683065720131368
4.482421875, -0.001330966942582283
4.4873046875, 0.002714936520764371
4.4921875, -0.004021202018414706
4.4970703125, -0.0026145209398574813
4.501953125, -0.0019098677039527208
4.5068359375, 0.002233022292036848
4.51171875, 0.0021851670992641577
4.5166015625, -0.0012238834605298693
4.521484375, 0.0029876424390353705
4.5263671875, -0.0042639582884850475
4.53125, -0.002396508781278494
4.5361328125, 0.00541965685598878
4.541015625, 0.0033612675478371964
4.5458984375, 0.005781758345948843
4.55078125, 0.001991892702723696
4.5556640625, -0.005693582707046283
4.560546875, -0.009540610755683809
4.5654296875, 0.004186979478546592
4.5703125, -0.005841655954455025
4.5751953125, 5.31512137329247E-4
4.580078125, 0.00388229629108963
4.5849609375, -0.009591204387208497
4.58984375, 1.1222282517128298E-4
4.5947265625, -7.524025743314922E-4
4.599609375, -2.783401124106707E-4
4.6044921875, 0.0018984436358671073
4.609375, -0.005479565634762533
4.6142578125, 0.003630218650504346
4.619140625, 3.333716735514688E-4
4.6240234375, 0.006260515951510447
4.62890625, 0.0034635810320004807
4.6337890625, -0.0027867368097686273
4.638671875, 0.0016797361302806565
4.6435546875, -0.002075662437593033
4.6484375, -0.007050540435872837
4.6533203125, 0.005513106092961673
4.658203125, 7.401545047061259E-4
4.6630859375, -7.61583906986231E-4
4.66796875, -3.036264602826427E-4
4.6728515625, -7.703561451108661E-4
4.677734375, -0.002710030929074851
4.6826171875, 0.010497969163697586
4.6875, 0.004865300758688929
4.6923828125, 0.004495806565969877
4.697265625, 0.0024150812477924245
4.7021484375, -8.595042423632737E-4
4.70703125, 1.1814245328748896E-4
4.7119140625, -0.0018981601159038576
4.716796875, 0.006909695951642812
4.7216796875, 0.007185797802353405
4.7265625, -0.0024964773863949035
4.7314453125, 0.001496447441778881
4.736328125, 0.0032832264807897173
4.7412109375, 0.001840613428625413
4.74609375, 0.004747556841035708
4.7509765625, 0.006548407593676604
4.755859375, -0.0037873001955020117
4.7607421875, 0.0050035654489123
4.765625, 0.0015026891492302906
4.7705078125, -0.00798486459663032
4.775390625, -0.003784506797334303
4.7802734375, 0.004430511928838235
4.78515625, -0.003506767678035638
4.7900390625, -0.0034956760810665247
4.794921875, 0.0024469069231721663
4.7998046875, -0.0019493189760941808
4.8046875, 0.0018758015382079024
4.8095703125, 0.002191681594408849
4.814453125, -0.003227395721748618
4.8193359375, -0.0016466444213440964
4.82421875, 0.004241366044074144
4.8291015625, -0.005494314010890401
4.833984375, 0.0032516239192217694
4.8388671875, 0.007615595104215173
4.84375, -6.214910730910532E-4
4.8486328125, 0.008462526621156667
4.853515625, -5.6977455259643637E-5
4.8583984375, -0.0020677045649817156
4.86328125, 0.0035255135928327005
4.8681640625, 0.0021490868637882876
4.873046875, -0.0017092128461980258
4.8779296875, -0.0011785467054054757
4.8828125, 0.0028708908483848264
4.8876953125, -0.006786303416713674
4.892578125, -0.004256798103998752
4.8974609375, 0.0027758371696538844
4.90234375, 0.0015473867843151744
4.9072265625, 0.0014678831735963848
4.912109375, 0.0023205216114349342
4.9169921875, 0.0024373121173264707
4.921875, 5.400115312354911E-4
4.9267578125, 2.2981195213215278E-5
4.931640625, -0.0010668848559398456
4.9365234375, 0.0026259426865556782
4.94140625, -0.004811625900442618
4.9462890625, 0.004629064313103992
4.951171875, 0.005783330726567148
4.9560546875, -0.006415070741984215
4.9609375, -0.0019530866621769588
4.9658203125, -0.002518170243450295
4.970703125, -8.223502143032311E-4
4.9755859375, 0.0012510825026800718
4.98046875, -0.003825983122675558
4.9853515625, 0.0029124574350250336
4.990234375, -0.01117190694933069
4.9951171875, 0.0014399266558792244
5.0, -0.008265963254193584
5.0048828125, -0.0093914653667181
5.009765625, -0.0066415103548534745
5.0146484375, 0.001531502383691521
5.01953125, -0.005774824289270109
5.0244140625, 0.0045852713179531
5.029296875, -0.003289154077508925
5.0341796875, -7.153947906895402E-5
5.0390625, 4.885459857163191E-4
5.0439453125, -0.0025720656075157366
5.048828125, -0.0032335923917922393
5.0537109375, 0.006971637239529219
5.05859375, -4.3228402984349986E-4
5.0634765625, -2.2025913084706446E-4
5.068359375, 0.004539705696137151
5.0732421875, 5.274188735954658E-4
5.078125, -0.002533058282683412
5.0830078125, 0.004654586156447335
5.087890625, 0.004506486539460804
5.0927734375, -9.487505503442159E-5
5.09765625, 2.6371240338699973E-4
5.1025390625, -0.0032628687864769386
5.107421875, 0.002902891704886411
5.1123046875, 0.0010896319688979954
5.1171875, 0.0024139626288625627
5.1220703125, 0.0011000778883517473
5.126953125, -0.0030538951119881653
5.1318359375, -0.003846790704436883
5.13671875, -0.0034333281967597346
5.1416015625, -0.00434026298705236
5.146484375, 0.00463575631415507
5.1513671875, 0.007834352970675973
5.15625, 0.0023752397676622336
5.1611328125, -0.0030750840956545716
5.166015625, -0.008329883017678336
5.1708984375, 2.9299348526283053E-4
5.17578125, 0.0032275327210384295
5.1806640625, 0.007166732679979214
5.185546875, 7.434025811147724E-4
5.1904296875, 0.009598746501413331
5.1953125, 0.007586101023198234
5.2001953125, 0.009159044664611872
5.205078125, -0.0018496818119669418
5.2099609375, 0.0060489160740565175
5.21484375, -0.0035635216351163164
5.2197265625, 0.0045960068424721265
5.224609375, -0.009662814459535353
5.2294921875, 0.004862582972384477
5.234375, 0.008688903694973264
5.2392578125, -0.003992168189730597
5.244140625, 1.3900550602549076E-4
5.2490234375, 0.005334984017327961
5.25390625, 0.0037847784149605728
5.2587890625, 0.0012638413533444762
5.263671875, 0.0016569151088431005
5.2685546875, -0.004272351075516221
5.2734375, 0.0067527926723923316
5.2783203125, 0.0012989300051342676
5.283203125, -3.3461856685168805E-4
5.2880859375, 0.004551791330302833
5.29296875, 0.0037463816315596596
5.2978515625, 4.6043601051037197E-4
5.302734375, -1.4521566921227053E-4
5.3076171875, -0.009427435353250673
5.3125, 0.0028602209571288273
5.3173828125, -0.010083639142145297
5.322265625, 0.003039622316224946
5.3271484375, 0.004639478352957249
5.33203125, 0.004989745898585101
5.3369140625, 0.006093094322231586
5.341796875, -0.0033512814263507683
5.3466796875, 0.004952060152512861
5.3515625, 0.005515387849743937
5.3564453125, 0.004474932917236453
5.361328125, -0.0029315918053717297
5.3662109375, -0.004163809634432341
5.37109375, -6.857876625950562E-4
5.3759765625, 0.0014330597378204388
5.380859375, 0.004649412202186712
5.3857421875, -0.0016291014480215818
5.390625, 0.003215049102292746
5.3955078125, 0.0018221434701741275
5.400390625, -0.003789872019600092
5.4052734375, -0.009660450933082204
5.41015625, 2.632324718081121E-4
5.4150390625, -0.0026163705342666615
5.419921875, -9.059656441796535E-4
5.4248046875, -2.906536380424397E-4
5.4296875, 0.002226525281915301
5.4345703125, -0.009207743780570158
5.439453125, 0.00944358581993241
5.4443359375, -4.0009828377233353E-4
5.44921875, -4.960975332163947E-4
5.4541015625, -0.009520526502259884
5.458984375, -0.0022693354924692944
5.4638671875, 0.005955559301715309
5.46875, -0.007522583059353275
5.4736328125, -0.007119048067638427
5.478515625, -0.0038649719219346294
5.4833984375, 0.005838749753272071
5.48828125, -0.002245970681388237
5.4931640625, 0.006082745286206975
5.498046875, 2.504039950944058E-4
5.5029296875, -0.007506514806069186
5.5078125, 4.6945681836447106E-4
5.5126953125, -0.004178193320592863
5.517578125, -0.0015020017797005075
5.5224609375, -0.00789269308425245
5.52734375, -0.004357010134283642
5.5322265625, -0.002007849979361157
5.537109375, -0.0045430341654147995
5.5419921875, -0.005914855179035273
5.546875, 0.0016063581606205937
5.5517578125, -0.005093024213407729
5.556640625, -0.009267720546802506
5.5615234375, 0.0018828059733250798
5.56640625, -0.00699550593103955
5.5712890625, 0.005292901345480206
5.576171875, -0.0022871582853595186
5.5810546875, -0.004523545214861713
5.5859375, 0.004318320506985874
5.5908203125, -0.003989431737523871
5.595703125, 0.002697602911770262
5.6005859375, -1.5607673967628333E-4
5.60546875, -0.00300103957244452
5.6103515625, 0.011865161816140564
5.615234375, -0.006751159566758567
5.6201171875, 0.003131648961553521
5.625, 0.0016278940058387964
5.6298828125, 0.007113234980933488
5.634765625, -0.004347290329518946
5.6396484375, 0.004990586925239416
5.64453125, -0.011727379989897405
5.6494140625, -0.012118935178511044
5.654296875, 9.898441383391302E-4
5.6591796875, 0.010705574804914266
5.6640625, -0.003299282484515776
5.6689453125, 0.014994844527865
5.673828125, -0.007398665019201188
5.6787109375, 0.005421387656459724
5.68359375, -0.002344766995890221
5.6884765625, 0.003375316480817103
5.693359375, 0.001800218917919278
5.6982421875, -0.007797948532376026
5.703125, -0.003233191394315309
5.7080078125, -0.005656115104542113
5.712890625, 0.005888375768922604
5.7177734375, 0.0012186860436028614
5.72265625, 0.00306057000898253
5.7275390625, -0.011853096132053952
5.732421875, 0.007367757047053195
5.7373046875, -0.00640675608671276
5.7421875, 0.004627375169433847
5.7470703125, -0.006277349978848107
5.751953125, 0.011163605489719272
5.7568359375, 0.010262264812358379
5.76171875, 0.004033069186172971
5.7666015625, -0.0018544579281729477
5.771484375, 0.004542597527812647
5.7763671875, 0.007726675841211712
5.78125, -0.0059703607074527215
5.7861328125, -0.001337835111612024
5.791015625, -0.001662130169533196
5.7958984375, 2.2425776324248105E-4
5.80078125, 0.005644325821569281
5.8056640625, -0.004585270446907642
5.810546875, 0.006507293631551244
5.8154296875, -0.0018709501196396941
5.8203125, -7.622433986978015E-4
5.8251953125, -0.0041852494566050604
5.830078125, -0.004690300720089397
5.8349609375, -4.3116758167546104E-5
5.83984375, -9.434092381112934E-4
5.8447265625, -0.0062931435007082485
5.849609375, 0.007993004796641308
5.8544921875, 0.003347787664687078
5.859375, 4.663257546604859E-4
5.8642578125, -0.003204075839520303
5.869140625, 0.006156932806466356
5.8740234375, 0.004250973565302465
5.87890625, -0.003952978657577367
5.8837890625, 5.106134589945484E-4
5.888671875, 0.008106130775299165
5.8935546875, 0.00582954471320234
5.8984375, -0.002790651277602132
5.9033203125, -0.0011720414326740498
5.908203125, 0.0042001056252327345
5.9130859375, 0.0029248936051135916
5.91796875, -0.005852904377302974
5.9228515625, -0.004686197088057934
5.927734375, -3.353945066693186E-4
5.9326171875, 0.002505317643527483
5.9375, 0.005192254396456156
5.9423828125, 0.00586934333211275
5.947265625, -5.922043862606533E-4
5.9521484375, 0.004744093718419475
5.95703125, 0.00588219610005731
5.9619140625, 0.0021188665787433315
5.966796875, 0.005025363802924891
5.9716796875, -0.004631221777172834
5.9765625, 0.004378700864120049
5.9814453125, 2.9124921266811135E-4
5.986328125, 0.0022365775658007014
5.9912109375, 0.0022791008686863924
5.99609375, 0.0014579607136231529
6.0009765625, -0.0010053458322267614
6.005859375, 0.0016542189849200826
6.0107421875, 0.002400074274954778
6.015625, 2.1149191398319545E-4
6.0205078125, -0.004991219751351025
6.025390625, 0.004174209558993692
6.0302734375, 1.0917472408539372E-4
6.03515625, 0.00525367892978122
6.0400390625, -0.0030514219891720797
6.044921875, 0.013496194136639808
6.0498046875, -4.6917385356550325E-4
6.0546875, -0.007530887799278561
6.0595703125, -0.0012237810846682982
6.064453125, 0.0014287063326719326
6.0693359375, -0.0030131903766147236
6.07421875, 0.006569295387395225
6.0791015625, 0.002457389299483687
6.083984375, -0.004670882122396838
6.0888671875, -0.01143051832525115
6.09375, 0.0028587609656368497
6.0986328125, 0.014300695229908638
6.103515625, 0.004610656500637286
6.1083984375, -0.007934679229865658
6.11328125, -0.002097424913158057
6.1181640625, 0.0029382998102184163
6.123046875, 0.007158494911548689
6.1279296875, -0.004682580481203991
6.1328125, -0.0035176365631957893
6.1376953125, -0.00911379957408939
6.142578125, 9.573234124259664E-4
6.1474609375, 0.001901458184723169
6.15234375, 0.005547055139934363
6.1572265625, 0.004983175883065665
6.162109375, 0.0033449325596494705
6.1669921875, 0.0015821241382194973
6.171875, -0.00211791928174861
6.1767578125, 0.002529103664472766
6.181640625, -0.002369482801704328
6.1865234375, -0.0019420447643221641
6.19140625, -4.0399730281784254E-5
6.1962890625, 0.002614127951601246
6.201171875, 0.002267952983711201
6.2060546875, 0.00861946959268814
6.2109375, -0.005638093465666696
6.2158203125, -0.006144906498171992
6.220703125, -0.006221022945917837
6.2255859375, -5.211852644661321E-4
6.23046875, 0.0035821531485649696
6.2353515625, -0.0010834506736487064
6.240234375, 0.007654668464219349
6.2451171875, -0.0021254028827069078
6.25, -0.00495203528899635
6.2548828125, 0.0010213101628643384
6.259765625, -0.0015994876797548125
6.2646484375, 8.468227447772022E-4
6.26953125, 0.0064075265872153425
6.2744140625, 0.003698556160070261
6.279296875, -0.005105077861670052
6.2841796875, -4.343550129613286E-4
6.2890625, 6.735841550677749E-4
6.2939453125, 8.348840108394603E-4
6.298828125, 0.009419252167449144
6.3037109375, 2.58266745395514E-4
6.30859375, -0.0087882764958627
6.3134765625, -0.0034068073979246585
6.318359375, -0.004722861922157478
6.3232421875, -0.010035369288113992
6.328125, -0.0031615081605474984
6.3330078125, -0.002925009832796987
6.337890625, -0.0013959456523515137
6.3427734375, 0.004805082801293291
6.34765625, -0.012642443736398747
6.3525390625, -0.001679396062200862
6.357421875, -0.0013621176549455227
6.3623046875, 5.446237479474793E-4
6.3671875, -0.0014536787941749649
6.3720703125, -7.238292406313623E-4
6.376953125, -0.0013500846103392894
6.3818359375, 0.006587501867232299
6.38671875, 0.004395867574689836
6.3916015625, 0.007431516261945043
6.396484375, -0.010687291359624922
6.4013671875, -0.00876791072175576
6.40625, -0.0048018123024945875
6.4111328125, -0.0025403908403576823
6.416015625, 0.0014076853739894946
6.4208984375, 0.0024947860749395937
6.42578125, 0.002030123663690876
6.4306640625, -0.0028846101874185157
6.435546875, 0.0011693647363920016
6.4404296875, -0.003036657308358182
6.4453125, 0.0033392642870129613
6.4501953125, 8.23206430528326E-4
6.455078125, 0.004878390477962487
6.4599609375, -0.003949313952623241
6.46484375, -0.0021994510391986624
6.4697265625, -0.0027718368799183805
6.474609375, 0.004048901290152539
6.4794921875, -0.003258724436780553
6.484375, -0.004396980701882406
6.4892578125, 0.0020139420548977134
6.494140625, 8.764893783000849E-5
6.4990234375, -1.8760869033044789E-6
6.50390625, 1.9237699419165063E-4
6.5087890625, 0.004991957548847017
6.513671875, 0.0072272833455583755
6.5185546875, -4.55081604238506E-4
6.5234375, -0.004713110196823085
6.5283203125, 0.004915107762631196
6.533203125, 0.0065197707972648395
6.5380859375, 0.004025513287832294
6.54296875, 0.0038380152707962354
6.5478515625, -0.004804483541426751
6.552734375, 5.2669714953850876E-5
6.5576171875, -5.377528986739647E-4
6.5625, 0.0012487792941396209
6.5673828125, 8.6423816143233E-4
6.572265625, 0.006055362976915389
6.5771484375, -0.003257673963591416
6.58203125, 0.0036917640283240204
6.5869140625, -0.005203964417174375
6.591796875, 0.004064473114651315
6.5966796875, -0.007185559494287368
6.6015625, 0.0019305375531259023
6.6064453125, -0.006092919441378408
6.611328125, -0.007911371495875116
6.6162109375, -5.939416402049374E-5
6.62109375, -0.0014660884646622192
6.6259765625, -0.0036057489325753375
6.630859375, -0.005171957314320102
6.6357421875, 0.002683776074369727
6.640625, -2.1183441924500177E-4
6.6455078125, -0.006187753114245549
6.650390625, -0.004875083044200159
6.6552734375, -0.006854659629451735
6.66015625, 0.003893970773569043
6.6650390625, 0.005711727939512431
6.669921875, 0.006400762442166649
6.6748046875, -0.0018178304428934156
6.6796875, 0.004060070643204334
6.6845703125, -6.637784445823614E-4
6.689453125, -0.001770947364503489
6.6943359375, 0.004694029529152163
6.69921875, -0.0023096504912517328
6.7041015625, 0.01251698118641922
6.708984375, -1.895308524320695E-4
6.7138671875, 0.0029606656543780044
6.71875, -0.004514618018514747
6.7236328125, -0.005887123596963191
6.728515625, 0.001925658175166307
6.7333984375, 0.015157298296078403
6.73828125, -0.00565450226405764
6.7431640625, -0.00809941543461508
6.748046875, 0.0023668973517248382
6.7529296875, 0.0036367789188418093
6.7578125, 0.005619793822125682
6.7626953125, 0.0012443293612634542
6.767578125, 0.003343505052377577
6.7724609375, -0.004704332407228292
6.77734375, -0.0011383988873244154
6.7822265625, 0.007256717084113797
6.787109375, 0.0034516224996781484
6.7919921875, -0.0034899017540358864
6.796875, 0.003694728466279909
6.8017578125, 0.005295110315196653
6.806640625, -0.0036607561943097777
6.8115234375, 0.007330000358270282
6.81640625, 0.006485533126448656
6.8212890625, -5.714622221131369E-4
6.826171875, -4.021633299338275E-4
6.8310546875, -8.389248788422741E-4
6.8359375, -0.001112426998862038
6.8408203125, -0.004429068053996103
6.845703125, 0.003980252301947743
6.8505859375, 0.003590201394761149
6.85546875, 0.0029146772861496978
6.8603515625, -0.003411727451549099
6.865234375, 0.0017296506985799423
6.8701171875, -0.003814091855889268
6.875, -0.008124306709338528
6.8798828125, -0.00287344070823782
6.884765625, 0.0012489428996801952
6.8896484375, 0.005493244231454116
6.89453125, -0.00780204490264222
6.8994140625, 0.00407064354872772
6.904296875, -0.005279479147971629
6.9091796875, -0.004756586418540174
6.9140625, 0.005399073836035617
6.9189453125, -7.865890663489752E-4
6.923828125, 0.0022985632023068163
6.9287109375, -2.2328438437424752E-4
6.93359375, 0.002862024643227608
6.9384765625, -0.004885889473033835
6.943359375, 0.001207888746061929
6.9482421875, -0.0029334892083121614
6.953125, -0.004520386188725152
6.9580078125, 0.0016524892983218265
6.962890625, -3.5221874730993253E-4
6.9677734375, -0.00399872185862616
6.97265625, -0.008372223882174042
6.9775390625, 0.010262923526403511
6.982421875, 0.003427394590212147
6.9873046875, -0.003339971660706717
6.9921875, -0.0018990210494481308
6.9970703125, -0.0049639495262817105
7.001953125, 0.003988731746588647
7.0068359375, 0.001432060931479099
7.01171875, -0.0026773971757654436
7.0166015625, 6.553638527795466E-4
7.021484375, -0.0034040840708725816
7.0263671875, 0.007957054648756578
7.03125, -2.3025608754981036E-4
7.0361328125, 0.006511890465697841
7.041015625, -0.0014460009235277623
7.0458984375, -0.002143736629375317
7.05078125, 0.004486524459775537
7.0556640625, 0.008472343020907509
7.060546875, -0.0037663789684477624
7.0654296875, 2.8405448124083912E-5
7.0703125, 0.004936622109362699
7.0751953125, -2.6639873118347205E-4
7.080078125, 0.006199065083356976
7.0849609375, 0.0011658680286718048
7.08984375, 4.840042346678582E-4
7.0947265625, -0.001552685354775987
7.099609375, -0.0030774145915250023
7.1044921875, 6.642515439217204E-4
7.109375, -0.005656510709952904
7.1142578125, 2.0680004926183987E-4
7.119140625, -0.0011045598394747217
7.1240234375, 0.002326665698599143
7.12890625, 0.0023683175979567735
7.1337890625, 0.006009167526232151
7.138671875, 0.011446435321272182
7.1435546875, 0.00412821520786298
7.1484375, 0.005078559846327071
7.1533203125, 0.0034408148743396163
7.158203125, 0.0011081188532544367
7.1630859375, 0.003349217457008588
7.16796875, -7.401473065685416E-4
7.1728515625, 0.0016361709063206064
7.177734375, -0.0029128200944908483
7.1826171875, -0.008827521701836117
7.1875, 0.012387913264349277
7.1923828125, -0.010473988071835208
7.197265625, 0.01094920905186563
7.2021484375, -0.0023716948033156706
7.20703125, -0.015484818930829668
7.2119140625, -0.0021430690332979022
7.216796875, 0.0028143444062545854
7.2216796875, -0.0025754578182289435
7.2265625, -0.0013442541398561274
7.2314453125, -0.002030669920097542
7.236328125, 0.0026487692481277454
7.2412109375, -0.002503524692438661
7.24609375, 0.0019284291410240732
7.2509765625, -0.00363763116884102
7.255859375, 0.0019716897893166754
7.2607421875, -0.006775014190887282
7.265625, 0.0038452771673838015
7.2705078125, 7.664600450752856E-4
7.275390625, 0.006121176472934056
7.2802734375, 0.004208447816054623
7.28515625, 0.004781127395370843
7.2900390625, 0.0010598411383726091
7.294921875, 0.0031611650689789775
7.2998046875, 0.0014006522053291682
7.3046875, -0.0030656383477521525
7.3095703125, -0.002695179149269939
7.314453125, -0.01095270687324484
7.3193359375, 6.828693348689371E-4
7.32421875, 0.0011162905451939662
7.3291015625, -0.005188645471215218
7.333984375, -4.70448672775744E-5
7.3388671875, 0.0025645150189539632
7.34375, -0.009153216072421805
7.3486328125, -0.0017772753121280762
7.353515625, 5.642890815617599E-6
7.3583984375, -0.0015569206732175
7.36328125, 0.002756037693715735
7.3681640625, 0.002360664734653314
7.373046875, 0.009100504453586247
7.3779296875, 0.005517771729854414
7.3828125, -0.004601732545477885
7.3876953125, -0.0019777736122904006
7.392578125, -0.0022184180768580115
7.3974609375, -4.5200280307764015E-4
7.40234375, -0.007043633632023486
7.4072265625, -0.005801465532900111
7.412109375, -0.006032517302194706
7.4169921875, 0.002278104049980595
7.421875, -0.006650619372792503
7.4267578125, 0.00349552682846943
7.431640625, -0.0033718112341880645
7.4365234375, 0.009125111691619161
7.44140625, -0.002101091440846385
7.4462890625, 0.004269756089328046
7.451171875, 0.002617350869621401
7.4560546875, -0.0025673362658036308
7.4609375, 0.0031047894158035224
7.4658203125, 0.0025689527850185343
7.470703125, 0.003934056652776608
7.4755859375, -0.0021303478874662206
7.48046875, -4.4572616820119475E-4
7.4853515625, 9.105278296406445E-4
7.490234375, -8.836975576932851E-4
7.4951171875, -0.0011440181370273672
7.5, 0.0020553207108069344
7.5048828125, -0.0023799767357227586
7.509765625, -0.005971327701306504
7.5146484375, 0.0023090389037392304
7.51953125, 8.932783519738884E-4
7.5244140625, -0.0016522707167929728
7.529296875, 0.00517224718596996
7.5341796875, 3.713152497784454E-4
7.5390625, -0.00586089953622434
7.5439453125, 0.005623651514821464
7.548828125, 0.007331585958164351
7.5537109375, 0.004557638654252551
7.55859375, 0.005604411624084987
7.5634765625, -0.00714283338290643
7.568359375, 0.0035804371141718
7.5732421875, -0.0028347456816038377
7.578125, 0.003415848723228916
7.5830078125, 3.9657923834540243E-4
7.587890625, 0.0017126414676397732
7.5927734375, -9.134833510055286E-4
7.59765625, 0.0027810624766440887
7.6025390625, 2.224087778211507E-4
7.607421875, 0.00714877552160475
7.6123046875, 0.0037093752693881134
7.6171875, 0.002703858503242516
7.6220703125, -0.006983033389658562
7.626953125, 5.706166344629688E-4
7.6318359375, -6.12691440959131E-4
7.63671875, 2.675198720965728E-4
7.6416015625, 4.1264272337082847E-4
7.646484375, 0.001014175835498519
7.6513671875, 0.0010701542755900519
7.65625, -0.013029118781681021
7.6611328125, 0.0019933047401967706
7.666015625, 9.002341192929863E-4
7.6708984375, 0.006884805224999158
7.67578125, -6.491629863565199E-4
7.6806640625, 0.002810945818884594
7.685546875, -0.005973729560165852
7.6904296875, 0.010834035822708189
7.6953125, 0.0012966290584849186
7.7001953125, 0.010363954904122737
7.705078125, 0.00682702401797425
7.7099609375, 0.007358575967247273
7.71484375, -0.00236835967639185
7.7197265625, 0.0010027585437644186
7.724609375, 0.002973923959434108
7.7294921875, -0.0017957360041573678
7.734375, -0.0025177710252287334
7.7392578125, -2.936161325740889E-4
7.744140625, 0.0025192807992715114
7.7490234375, 0.0031883917883416767
7.75390625, -0.005286651828322611
7.7587890625, 0.004755474688003
7.763671875, 0.0019362894276774903
7.7685546875, -1.5792092946854746E-4
7.7734375, 8.792469040554544E-4
7.7783203125, 0.006687457608487775
7.783203125, -0.002042222840021404
7.7880859375, 0.006112169720532707
7.79296875, 0.00191904584620485
7.7978515625, 0.002959540266479057
7.802734375, -5.7850365187137E-4
7.8076171875, -0.006109305167430226
7.8125, 0.008804938162059116
7.8173828125, 0.0017607029413791552
7.822265625, 0.0040709868963894995
7.8271484375, -0.007800583150902527
7.83203125, -0.004508157287278322
7.8369140625, -0.006365111193721998
7.841796875, 0.003210202192526627
7.8466796875, 0.004348368206556587
7.8515625, -2.3915966874905425E-4
7.8564453125, 0.006978117264685697
7.861328125, 3.075344432658324E-4
7.8662109375, 8.040916011266557E-4
7.87109375, 0.0073720029774089375
7.8759765625, -0.0020112049863966856
7.880859375, -0.007714277771105293
7.8857421875, 0.003649710179763
7.890625, 0.0015033394692322939
7.8955078125, 0.008518953540799082
7.900390625, 0.005164288803142802
7.9052734375, 0.0012209255653991308
7.91015625, 1.0336177401456051E-5
7.9150390625, 0.00477261927539882
7.919921875, 0.004452233527022686
7.9248046875, -0.0011501812416843944
7.9296875, -0.00526524325040104
7.9345703125, -0.002982370932382051
7.939453125, -0.002065030860579297
7.9443359375, 0.00228189266677635
7.94921875, -0.004701281351586853
7.9541015625, -0.004832910784953296
7.958984375, 5.862271564826007E-4
7.9638671875, 5.999198709117797E-4
7.96875, -0.00844251993278216
7.9736328125, -0.0010195422814852015
7.978515625, -0.010828841937437233
7.9833984375, 0.004355251320777796
7.98828125, 0.010678072578570574
7.9931640625, 2.8541119016403486E-5
7.998046875, 1.1250462465249274E-4
8.0029296875, 0.002005926641491995
8.0078125, 0.004691005980164424
8.0126953125, -0.008878536031325077
8.017578125, 0.0037831043654167383
8.0224609375, -9.816174517577956E-4
8.02734375, -0.0025836615130806835
8.0322265625, -0.0077656655295243165
8.037109375, 0.0019910828524979172
8.0419921875, 0.016976277290955924
8.046875, 0.007671714918125246
8.0517578125, 7.271568600142144E-4
8.056640625, 0.007023123371559297
8.0615234375, 0.004416245825450554
8.06640625, 0.009461145238363264
8.0712890625, 0.008875976397308522
8.076171875, -0.0074762815124526484
8.0810546875, -0.004162262037716954
8.0859375, -0.00501059157570821
8.0908203125, 0.0015344389825185747
8.095703125, 0.003195702678928163
8.1005859375, 0.009205152738478505
8.10546875, 6.869440056671136E-4
8.1103515625, 0.005185876632912561
8.115234375, 2.9467997362144123E-4
8.1201171875, 0.0024369515185052974
8.125, 0.003042062911845222
8.1298828125, -0.0036521314112547294
8.134765625, -4.355978733564317E-5
8.1396484375, -0.007654964443805556
8.14453125, 0.0021489852217077736
8.1494140625, -0.011779626450715008
8.154296875, -0.004730559135873018
8.1591796875, 5.2421783717753E-5
8.1640625, -0.0012331924099835637
8.1689453125, -0.004484132408169911
8.173828125, -0.003234233911450177
8.1787109375, -0.005319415171474374
8.18359375, -0.0017346792556248477
8.1884765625, -5.6870477107137E-4
8.193359375, 0.004749845975785104
8.1982421875, 2.988348671061886E-4
8.203125, 9.632288770765572E-4
8.2080078125, 0.002038699058211988
8.212890625, -0.010128080610814695
8.2177734375, 0.01006519677264143
8.22265625, 8.018541941596472E-4
8.2275390625, -0.005995931622371696
8.232421875, 0.005230032966728741
8.2373046875, 5.757477094225326E-4
8.2421875, 0.0012906904033750458
8.2470703125, -0.005568453480599891
8.251953125, 0.003170504978845954
8.2568359375, -0.0029925173146993084
8.26171875, 0.003256966387825401
8.2666015625, -0.0030329884933919223
8.271484375, -0.0019910967097002586
8.2763671875, -0.004768784544741155
8.28125, -0.007150049579053746
8.2861328125, 0.001886882141949988
8.291015625, 0.004070725034048052
8.2958984375, -0.00647143843853671
8.30078125, -0.009053476030509666
8.3056640625, 0.0040265597803747525
8.310546875, 0.0014668647125209348
8.3154296875, -0.0017999867708239229
8.3203125, -0.005880542419203243
8.3251953125, 0.006314582913245394
8.330078125, 3.5491880333625263E-4
8.3349609375, -0.0036973941892787607
8.33984375, -1.2178921332641856E-4
8.3447265625, 0.0042741662592324925
8.349609375, -2.1360134797861067E-4
8.3544921875, -7.960068986057087E-4
8.359375, -0.007112702014352448
8.3642578125, 0.003491769792635233
8.369140625, -0.002590046523985989
8.3740234375, -0.004340905269725926
8.37890625, 0.0036335403970522316
8.3837890625, -1.9622540333873563E-4
8.388671875, 0.002603883621348359
8.3935546875, -0.006795871001341141
8.3984375, -0.006371227731957784
8.4033203125, -0.007555107012339497
8.408203125, -0.0030893614883887865
8.4130859375, -0.0034341837327543354
8.41796875, -0.003327897279810243
8.4228515625, 0.008347992069675927
8.427734375, 6.818931373516325E-4
8.4326171875, 1.9675617116662913E-4
8.4375, 0.002013898639092535
8.4423828125, 5.271947522235872E-4
8.447265625, -0.0033441139172508995
8.4521484375, -0.007211977216360104
8.45703125, -1.9894480413444257E-4
8.4619140625, -0.0030937685529611207
8.466796875, -0.0017838763472093958
8.4716796875, 0.004575700810790387
8.4765625, -0.0012826939209162475
8.4814453125, 0.007163865067465349
8.486328125, -0.007134000155863603
8.4912109375, -0.0024338462121114247
8.49609375, -0.004629912238496929
8.5009765625, 0.0024767420328998314
8.505859375, -0.005411802232207752
8.5107421875, 0.00398900183954398
8.515625, 0.003894013916299549
8.5205078125, -0.003478921982176757
8.525390625, -0.009689814228967433
8.5302734375, -0.005011638728785715
8.53515625, 0.0020912373932641757
8.5400390625, -0.0068286048856214645
8.544921875, 0.003587683854283008
8.5498046875, -0.002530815805085103
8.5546875, -0.0016990242269097739
8.5595703125, -0.00979881629999866
8.564453125, 0.004981255003219373
8.5693359375, -0.0068249085940076904
8.57421875, 0.0059941036150675305
8.5791015625, 0.0031100671078812463
8.583984375, -0.004180305432684673
8.5888671875, 8.931120698351179E-4
8.59375, -0.008893747583301723
8.5986328125, -1.477272732580458E-4
8.603515625, -0.0035434662618806013
8.6083984375, 0.003461252188802874
8.61328125, 0.0013614671482414821
8.6181640625, -7.330199082620217E-4
8.623046875, -0.0016451202457127376
8.6279296875, 0.0023108392727958327
8.6328125, 0.0022665625298886796
8.6376953125, -0.00602641752858191
8.642578125, -0.003497993871115058
8.6474609375, -0.006404320264105967
8.65234375, -0.0010544848837134198
8.6572265625, -0.00396495501932323
8.662109375, -0.008000944870979035
8.6669921875, 0.0041969740314150945
8.671875, 0.004677181412085248
8.6767578125, -0.0010499524987962064
8.681640625, 0.00442973521333338
8.6865234375, -4.7378724390313167E-4
8.69140625, -0.007257616211560467
8.6962890625, -0.005661248734616804
8.701171875, -0.008140500212499232
8.7060546875, 3.8314971396131645E-4
8.7109375, 0.003426954097046967
8.7158203125, -0.0014166955834097486
8.720703125, 3.658887668160516E-4
8.7255859375, 0.0036422603811798668
8.73046875, 3.0099483296162677E-4
8.7353515625, 0.0036332190921396453
8.740234375, 8.21643752474449E-5
8.7451171875, 0.00244465357431636
8.75, 8.006131674180746E-5
8.7548828125, -0.0021744287467279693
8.759765625, 0.004160311270313803
8.7646484375, -0.007461183258887147
8.76953125, -0.0017510138433306011
8.7744140625, -0.005799714529865982
8.779296875, -0.003028729536492786
8.7841796875, -0.0036524044213620977
8.7890625, -0.007900684174179063
8.7939453125, 0.0017146918403913014
8.798828125, 0.0026605597784549705
8.8037109375, 0.0025131867986828427
8.80859375, 0.0029787644512715124
8.8134765625, 0.004965406625839294
8.818359375, 0.0025004989424495163
8.8232421875, -0.003598540980751818
8.828125, 0.00735315354747161
8.8330078125, -0.0018830013175722099
8.837890625, -1.1465517377506093E-4
8.8427734375, 0.002060803911153021
8.84765625, -0.003313467315246819
8.8525390625, -4.6856535795553825E-4
8.857421875, -0.0020393199581521517
8.8623046875, -0.0041981123674678066
8.8671875, 0.0036900398656821423
8.8720703125, -0.007335642550647923
8.876953125, 0.0020086354629087174
8.8818359375, 0.004732515254029128
8.88671875, -0.0019740554554988554
8.8916015625, 0.010236982785692596
8.896484375, -0.0019836162454140087
8.9013671875, -0.014076285399725713
8.90625, 0.0016716394250602925
8.9111328125, -0.009660661716205316
8.916015625, 0.004155849493179639
8.9208984375, -0.006001241452285157
8.92578125, 0.002308772045935699
8.9306640625, -0.006898494152905105
8.935546875, 0.001699508911899216
8.9404296875, -0.009790456327960297
8.9453125, 0.001844781694781301
8.9501953125, 0.0017689651060313208
8.955078125, -0.001470420619748532
8.9599609375, -0.006791236790859637
8.96484375, 0.006773045525229586
8.9697265625, 5.333772833178382E-4
8.974609375, 0.002668662404176049
8.9794921875, -0.009428247056756447
8.984375, 0.004178006271212638
8.9892578125, 0.00387667348802048
8.994140625, 0.0047466159227516755
8.9990234375, 0.002422522305104811
9.00390625, -0.0020288576591004745
9.0087890625, 0.00991689254239857
9.013671875, -4.0621705781444806E-5
9.0185546875, 0.0028468305701762993
9.0234375, -5.515351501774951E-4
9.0283203125, -0.0032570904707241973
9.033203125, -0.008301187761966946
9.0380859375, 0.0017584051012578148
9.04296875, 0.00380825008930092
9.0478515625, 4.256344733707016E-4
9.052734375, 0.003069857233854772
9.0576171875, 0.003186488449238205
9.0625, -0.0014494035534076497
9.0673828125, -7.284760181841504E-4
9.072265625, -0.0028925623904441523
9.0771484375, -0.01691562995501775
9.08203125, 0.0028166404740794402
9.0869140625, 0.005293132701962728
9.091796875, -0.0063882672728280306
9.0966796875, 0.002137318735066066
9.1015625, 0.008947222352966567
9.1064453125, -0.0032322619023639147
9.111328125, 1.0137845258404929E-4
9.1162109375, -0.001127916000796746
9.12109375, 3.7947893724453235E-4
9.1259765625, 0.012723847195347613
9.130859375, -0.004666569952413558
9.1357421875, 9.23533575816389E-4
9.140625, -0.0022206570604804
9.1455078125, -0.009857395261251845
9.150390625, 0.0024673966434581784
9.1552734375, -0.0016022617319878122
9.16015625, -0.005669609368369381
9.1650390625, -3.844633617198995E-4
9.169921875, 0.0070967359711935135
9.1748046875, -0.0037124768782959127
9.1796875, 0.0014811061177300417
9.1845703125, 0.0045925617747339205
9.189453125, 0.00309661524333198
9.1943359375, -0.0030804975931759777
9.19921875, -0.004944438558013603
9.2041015625, -3.521673060410478E-4
9.208984375, -5.869797572976895E-4
9.2138671875, -0.0012926223449776734
9.21875, -0.005667342500469845
9.2236328125, -0.0018632568754094912
9.228515625, -0.0022875923498039755
9.2333984375, 0.0047695346494506345
9.23828125, 0.006956425009778652
9.2431640625, 0.005107943227481924
9.248046875, 5.256931270462856E-4
9.2529296875, 0.0011017879662154723
9.2578125, 0.004493530573882162
9.2626953125, 0.0022218280849773332
9.267578125, 0.00586241794100098
9.2724609375, -0.004812311037380837
9.27734375, 6.330008834380932E-4
9.2822265625, -0.0032215748399162477
9.287109375, 0.005935520832324568
9.2919921875, 0.0012628936198732965
9.296875, -0.011600245931442573
9.3017578125, -0.007307330192021821
9.306640625, 0.002257681346365431
9.3115234375, 0.003233461556602862
9.31640625, -0.005343604874827955
9.3212890625, -0.004503191336463247
9.326171875, -0.0029572541987361676
9.3310546875, -0.0015575483091588615
9.3359375, -0.007096395476536933
9.3408203125, -0.005917436891942445
9.345703125, 0.0092093476876015
9.3505859375, -0.003484597803243481
9.35546875, 0.0051485108540085395
9.3603515625, 0.0055460963142045456
9.365234375, 0.001392681745631117
9.3701171875, 0.006600422197884228
9.375, 0.001214487578073979
9.3798828125, -0.009778810363708085
9.384765625, 0.0028169287435026577
9.3896484375, -0.005010085496088363
9.39453125, 0.0011802219363687143
9.3994140625, -0.00705965482032477
9.404296875, -2.123080855433064E-4
9.4091796875, -0.005796383054795898
9.4140625, 0.009202585468073997
9.4189453125, -0.0049819498968725765
9.423828125, 0.007331439845120331
9.4287109375, -0.006814476827569501
9.43359375, -0.00718596882852828
9.4384765625, -0.0019577270526399734
9.443359375, -0.0052451561444970575
9.4482421875, -0.0014617290318378396
9.453125, 1.4463014705442287E-4
9.4580078125, 0.0020459155965711203
9.462890625, -0.003279215286174284
9.4677734375, 0.009868300515681303
9.47265625, -0.007244452742761543
9.4775390625, -0.0062093525187510296
9.482421875, 0.010073698349325259
9.4873046875, 0.0027868356121110195
9.4921875, -0.0040408837275660876
9.4970703125, 0.0127401707858118
9.501953125, 0.008810337982815584
9.5068359375, -7.997567945491831E-4
9.51171875, 0.011523785734301753
9.5166015625, 0.002629090413502854
9.521484375, -0.003259243279565151
9.5263671875, -0.006006950972755195
9.53125, 2.3192799204425083E-5
9.5361328125, -0.014289501206536584
9.541015625, -0.0020550473587132084
9.5458984375, 0.007322761014765141
9.55078125, 4.551527441522907E-4
9.5556640625, -8.138566607343795E-4
9.560546875, 0.008536482846689859
9.5654296875, 1.8297729212855916E-5
9.5703125, 0.005799028377318811
9.5751953125, -0.0021481461949313576
9.580078125, 0.006268078032322226
9.5849609375, -0.006258898012133188
9.58984375, -0.00695346896579134
9.5947265625, 0.004396710414091657
9.599609375, 0.003696701969334744
9.6044921875, 8.62572403120434E-4
9.609375, 0.0021249127721543254
9.6142578125, -2.4977496121863824E-4
9.619140625, -0.0029395522320520267
9.6240234375, 8.608068495011682E-4
9.62890625, 0.003246538758516552
9.6337890625, -0.00161166871622125
9.638671875, 0.0036661363285061628
9.6435546875, 7.381577864312242E-4
9.6484375, 1.843599337046217E-4
9.6533203125, -0.0021751094965098737
9.658203125, 0.0018938762981664345
9.6630859375, 5.467058746339458E-4
9.66796875, 0.001000901310684603
9.6728515625, 0.005899387190635855
9.677734375, -0.0037154568026966277
9.6826171875, 0.004981774991805679
9.6875, -0.0010700291776410825
9.6923828125, 0.007778456024199568
9.697265625, 0.004406331684254427
9.7021484375, -0.002627730334419009
9.70703125, 0.0034024803554389507
9.7119140625, 0.004951304271533405
9.716796875, 9.955555804285563E-4
9.7216796875, 3.948363297656206E-4
9.7265625, 0.01229096729493303
9.7314453125, -0.0014469994297383968
9.736328125, 0.0020009763538767033
9.7412109375, 0.00443268142710565
9.74609375, 0.0024373030107507267
9.7509765625, 0.0017574200675663158
9.755859375, -0.002350389338263976
9.7607421875, -0.0011029886096719653
9.765625, -0.00440033238217164
9.7705078125, 9.503533051540601E-4
9.775390625, -6.093171388992164E-4
9.7802734375, -0.0027897805009131655
9.78515625, -0.0028512059149331287
9.7900390625, 0.0052888043135441935
9.794921875, 0.0061306235778339265
9.7998046875, 2.450076579834303E-4
9.8046875, -2.8363800342259804E-5
9.8095703125, -0.007852071165790987
9.814453125, -5.550737593143355E-5
9.8193359375, 0.009901609798746668
9.82421875, -0.004839583381187266
9.8291015625, -0.0034176053978394135
9.833984375, -0.007990264566480016
9.8388671875, -0.004245643226418012
9.84375, 0.005238851268185259
9.8486328125, -0.004574422027458027
9.853515625, -4.227504412482162E-4
9.8583984375, -0.002319352299056531
9.86328125, -0.002870551410968771
9.8681640625, 0.0027971235260033827
9.873046875, -0.005016185431944777
9.8779296875, 0.0019397217933976255
9.8828125, -0.005231492222446222
9.8876953125, 0.001459340375770636
9.892578125, -7.511263475224847E-4
9.8974609375, 0.002037773506765063
9.90234375, -0.006731762636537724
9.9072265625, 0.005985899931278665
9.912109375, 0.006298970392398205
9.9169921875, 0.003939518252290126
9.921875, -1.3096941331074033E-4
9.9267578125, 0.00789214395415173
9.931640625, -0.008691859850091193
9.9365234375, 0.004328086801271351
9.94140625, -0.0019273906840770179
9.9462890625, -0.0017158865393954318
9.951171875, 0.010136134723703926
9.9560546875, -0.00808362065772398
9.9609375, -0.0076175176550004366
9.9658203125, -0.004658061912916829
9.970703125, -0.009727594106923483
9.9755859375, 0.008105201258167067
9.98046875, -0.004859893420969453
9.9853515625, -0.005647976055302772
9.990234375, 0.00548888801798169
9.9951171875, 0.0020446921915567434